text,label
remove rss modi agenda,0
pm pays tribute mahatma independence day praises rss red fort wahh isko bol te hai riding two boats simultaneously role rss play freedom movement whos member killed bapu rss united india india united leadership bapu netaji others freedom movements fragmented across india godse really hero would confronted bapu didnt coward,1
speaking rss independence day joke,0
hidden agendas modis last fight bjp n rss goes extinct,0
Kangress ka Pappu Bhakths Seems Like Havent Got Access Redfort,0
cares anti national deep state backed khangress propagandist do imagine pappu give minutes independence day speech,1
r great organization years great journey rss role important today future also,0
Ha Ha Ha,0
role rss freedom movement didnt hoist tricolour till shd prise independence day,0
illiterate annoying ignorance,0
Modiji mentioned veer Savarkar Speech Savarkar Revolutionary Served Bharati Ao Hume Party Called Khangress,0
country far ahead congress govtthe world public india could understand except leaderthat couldnt get expected result effort,1
destructive approaches opposition leader blindly criticising govtstepsreally took general public anti national,0
modi jii ji match,1
rss back bone bjp naturally modi praises role independent india whats wrong congress everywhereevery issue wanted politicise one likes kind attitude congress sinking three states dont know himachal ever election comes karnataka telangana state disaster results seats wont get deposits note paper doubt statement,1
petroleum ministry poster independence day placed savarkar photo mahatma gandhi photo nehru many leaders india freedom struggle including pt nehru excluded,1
modi speech word truth big lair,0
rss keeps us united otherwise without rss india become divided may radical muslim nation,1
govt make govt jobs enjoyable lucrative people run years years without anything,0
congress bastards,0
w1ver wants sheikh hasina agree awami league,0
alternative islamic jamaat e islami islamic state,0
james,0
thus,0
mollads alternative without united,0
ncp,0
people bangladesh longer fool vote bnp bnp get alliance nominal parties,1
question people bangladesh bnp name people bangladesh knows name bnp leaders know names parties,0
Jamaat Shibir,0
Jamaat E Islami Insha Allah,0
salauddin,0
islamists want strong unity,0
"Alhamdulillah, hujurs words good may Allah bless mercy",0
islamic movement bangladesh,0
islamic alliance,0
islam dal golo one would one rastra event could one,0
bnp jindabad,0
dont touch hindus bengladesh touch hindus hindus end islamic peoples bengladesh soon,0
church,0
awesome,0
Muoddi Badi Jamaat Shibir Islamic Party,0
japa party validate night vote,0
bnp,0
GDP food Dog,0
islamic parties,0
Islamic Movement Bangladesh Zindabad Pir Sahib Charmonai Zindabad Shaykh Charmonai Zindabad,0
salauddin Indian broker bnp razakars party Times lootpatator world champion,0
islamic parties united bnp cannot found,0
want islamic unity,0
remaining teams except bnp boards bangladesh,0
islamic dol sai,0
want alliance islamic party church,0
vp motherboard faith,0
islamic party never alliance,0
boycott,1
power islam power power eliminate use religion political affiliation groups muslims divide,0
whole family vote jamaat e islam insha allah,0
people bangladesh boycott atheist party bnp,0
way getting bnps page means bangladesh destroying extremist corrupt terrorist terrorist bnp boycott bnp,0
declaration independence honor president ziaur rahman,0
BNP boycott,1
InshaAllah Islam Win,1
islamic party bangladesh would come democratic elections use islam vote haram elections,0
inshaallah form government single way including jamaat e islam,0
bnp boycotted murderers extortionists,0
Bangladesh Jamaat E Islami Chhatra Shibir Zindabad,0
since hasina ruled country ferry mujib naturally mujib subjected public outcry father escape body swept away bullet daughter dumped life gives relatives safely leave country leave non existent dr muhammad yunus declared father bengali nation,1
nur bhai without jute would difficult get seat,0
islamic era bangladesh come islamic era money one,0
last line epic,0
election run coalition peer,1
gazipur tongi also occupying bnp ward leader tongi nobody helping us administration silent,0
bnp alliance parties know people,0
sob india ki dalal ak sate,1
bnp zindabad bnp peoples party,0
gon rights rights ncp alliance jamaat,0
islami jot jindabad,0
ncp gon rights councils one youngsters,0
people want islamic alliance,1
James E Islam Good Allah,0
love mujib zia vote probably ncp mujib awami league one likewise zia bnp one everyone vote ncp country insha allah,0
islamic parties votes together inshaallah see something new bangladesh,0
mashaallah islamic party one,0
Bangladesh Jamaat e Islami,0
sha allah islamic dil come power,0
earlier bnp come see zait,0
division islamic akida akida became small issue today,0
islamic movement bangladesh zindabad,0
islamic parties one,0
everything fine jatiya party gm quader banned,0
want tender extortion alliance extortion tendering party,0
want islamic party npp alliance,0
vote islamic party,1
thieves groups,0
want people bangladesh unite among islamic parties lets vote islamic party time,0
nuru hall morning one group afternoon,0
James Islam Eat Rotten Food James E Islam Zindabad,0
Former Vipipur Sabitabaj nuru,0
Alhamdulillah Bangladesh Jamaat E Islam Zindabad,0
feed,0
want united islamic parties,0
alliance chada lightning,0
BNP Boycott NCP,0
labor party bangladesh even votes,0
ncp gon rights council parties alliance islam parties make qualifications,0
nuru say challenges members nurul area elected even member selected,0
jita difficult without alliance,0
contribution alliance bnp,0
want unity islamic parties,0
whose symbol selected opportunity select rice paddy,0
see jugopad somewhere life,0
choice jamaat islamic,0
read,0
rest us plebes whos stuck shitshow need go old school also guy kilmeades right say the boy said really well,0
commie bastard mamdani commie,0
send back country keep shi somewhere else,0
tariffs tax us increase government expenses year year,0
1 guy much,1
eric jnr ever paid tax worked day life,1
gazans landed san francisco better stop bs,1
mahomed dani making lot promises legally fulfil without completely bypassing constitutional rights democratic laws,0
fathers name every building give break,0
guys one knows implement communism correctly let time,0
thete cheating would want guy,1
hope jr eric continue legacy white house keep momentum going wish best family team trump best thing happened america lifetime thank much,0
maybe trump next president think president trumps whole cabinet best ever,1
president trump doesnt work anything youre nobody,1
business country deport himhes communist,1
trump predator get horrible family whitehouse,1
cant believe nyc would vote slick clown wake,1
must protect americas founding principles concerned american someone dedicated years life service country like son combat grandfather combat father time uniform spent defending freedoms principles see challenged increasing turn towards socialism articulated karl marx socialism seen transitional phase path communism countries like china cuba laos north korea vietnam often referred communist states western media academics even though official names often include word socialist states typically claim process building socialist society communism ultimate longterm goal nations founders wisdom drafted constitution clear purpose protect individual liberty limit power government word socialism exist time principles put placelike protection private property rights system checks balances prevent centralized powerwere designed guard ideologies led oppression economic failure parts world generations brave americans fought sacrificed lives stand socialism extreme marxism struggle ideologies matter political debate profound part national story legacy sacrifice feel privileged part values free enterprise personal responsibility limited government make america exceptional abandon would betray people fought died preserve urge consider foundational principles nation sacrifices made protect cannot allow america become country founders would recognize heroes would died sincerely proud american veteran comments personal opinions represent official views affiliations,1
zorro empty fuel dry tank another misguided socialist racing communism,0
release epstein files like promised biggest cover american history,0
dont need another bernie sanders everyone elses pockets,0
new york voters must dumbest people world iq somalians,1
find libertarian things right,1
nuff said im getting cryptocurrency dropping away bullies chase wells fargo executives obama bailed got hit late charges community hit everything else id like ahead curve brains needed dont better find number call brains need cant experts everything get phone number everything,0
god bless trump family need billion trumps,0
dude eric trump jr absolutely future american presidents material,0
gods hands upon president trump leading thank god,1
love interview totally agree boys sure president family successful businesses make lot money say making money presidency totally spinning somehow seem though ripping people processits poor argument like saying david sachs using position govt promote hedge fund money makes hedge fund hes using position govt complete leftist spin,0
dog stop calling namedirty disrespectful idiot mad darni,1
guy joke put airplane parachute drop plane iran,0
look militia its important freedom,0
zach witkoff looking like little kid hey read turn,0
trump aint calling fool its people new york decide americans mamdami leftist liberal distinction everything new yorkers must learn left wants control everything people wanting controlled,0
say goodbye new york mamdani ruining,0
zohran still leading points cmon new yorkers cant seriously voting guy,0
mamdani must become mayor nyc circumstances nyc first domino collapse nation,0
grifters number taxpayers get democrates call democracy,1
mr trump dislussional putin trusted situation known putin weasel bluff back wall,1
poor billionaires finally pay taxes,1
daddys name every building ny isnt lil eric one spilled beans money poppy getting russia,0
new york votes clown get exactly deserve,1
lol latest cnn poll havent heard,0
yes practice america kind billionaire socialism safety nets wealthy alongside rigged capitalism risk debt insecurity ordinary people republicans printing borrowed money years stopped taxing rich rich people like today years ago republicans made billionaires ex clinton paid massive chunk ofbthe deficit come republican president war recession housing crash car companies needing bailout farmers needed bailout ubder trump banks making billions selling illegitimate loans republicans 1 taxes mostly blue stste red states run deficits republican 1 taxes go us shot jfk came within car wanted move away printing borrowed money offed socialism bad republicans whenbwe benefit money rich,1
research states bfor move texas high taxes red states carry state go zone mosques cannabis legal books bible fact god help us,0
guy wins end democrat party proof need visible communism,1
opinion mandami socalled wolf sheeps clothing says change things nyc ideas pourely socalistic philosophies witch havent worked benefit people countries,0
zorhan new york city,0
guy mamdani trojan horse,0
its time people besides whiteswe must quit jobs get together n prioritize,0
call group republicans want democratize financial sector conservative,0
banking must hour access manage funds,0
dad bankrupt six seven times convicted felon terrific inspiration,0
communists pushing president finance district florida texas lead countrys future ny digs cesspool deeper taxing rich provide freebies rest creating public ny beggar population,0
look prices everything swampers prices would likely twice high higher,0
guy thinks president trump call sit shut nobody,1
america billionaires socialism tax refunds billionaires nets red ststes ex texas billion end year lose money conservatism voted taxes texas refunding back printed borrowed money highly inflationary recession inducing us deficit ibtrest along payment goibg trillion youre taxes go,0
new york elect get deserve,0
hes elected,1
nyc went hell outsider hipsters moved started saying theyre new yorkers,0
bankers need arrested,0
bankers problem,1
nyc scam ballots problem,0
said hes top scheme probably one made trump coin dumped election,1
communist socialist propaganda never voted nyc residents clown,0
new york residents form public assistance figure,0
grocery prices lower dumb shxx,0
zohan like billionaires hilarious hes wealthy hippocrate,1
another stupid fox tv show,1
manis another liar idiot thinks counts americans,1
eric trump aka jeffery epsteins god son,0
cant afford nycmovei moved tucson azits fantastic affordable,0
rise authoritarian administration,1
lock mandani hes american comes telling us,0
simple people want free stuff hey guess nonsense never works people vote mamdani greedy foolish plain nuts,1
deport mandani,1
appointing left wing uslim amyor experience could go wronglondon god help city new york,0
cant capitalism without sound money end fed,1
voted government wants protect criminals well asked,0
ive seen communism action visited czechoslovakia horrible n scary n people food meat stores n propaganda everywhere,0
last time trump firing cylinders sudden got hit corvid,1
dont move,0
Send Mandani Middle East Russia,0
Protect New York Mamdani,0
never make deal devil makes mamdani think make deal sitting president hes nobody,0
ppl remember dont let look uk,0
yes donald trump ran making groceries cheaper didnt figure democrats actually hurting voters order get back like illinois raising fuel taxes toll road charges turn raised shipping costs trucks haul groceries also keep mind still operating last biden budget end september,0
many ignorant people guys joke,1
rich privileged kids clue americans think live cheating lying way life,1
dpot,0
deleting federal reserve still table,0
president trump ready got nominated nobel peace prize countries nobel peace prize nomination cambodia thailand late july two countries agreed immediate unconditional ceasefire armenias prime minister nikol pashinyan azerbaijans president ilham aliyev israeli prime minister benjamin netanyahu buddy carter rga sent letter norwegian nobel committee nominating trump nobel peace prize helping negotiate ceasefire israel iran god bless americans,0
communism provided affordable housing food affordable cost living tends less nonprofit machine gouging capitalism fascism tend make cost profit expensive everyone except billionaires getting massive refunds rich youll save trump save million meant fair rigged rich completely benefit remember covid rich got ppp loans republicans government gave loan forgiven want belive student loan poor people communism environment everything republicans help first red states run billion loss paid california cost tax payers money blue ststes pay red blue states taxes red states dont pay welfare blue states people red ststes medicaid recipient white women religion republicans another way billionaires get free tax free money money never used homeless poor oe community youre donating church pastor profiting personally scam,1
regards support eric trump lions ready fight exactly like father president trump actually doesfight fight fight americathe greatest place live gain wealth prosperity god bless america,1
Get iut mamdani illegal alien,0
basicly making financial sector even fake future,0
thats problem wit rich ppl move wen want n rhen goes say mean lmfaoo meant apart wealthy thats setting plan space n ppl put away,1
great team love guys,0
well trump sell us,1
socialism answer its never worked people dont like told thats tyranny one work without reward dont work choose work know get hand truly struggle seldom ask handouts always wealthy poor even especially socialism,0
pathetic make fun handicap person political beliefs bless heart,0
economy taxes politics,0
import of dortnt put baby jail,0
gop criminals,1
quit calling redistricting call gerrymandering,0
guve wheelie bob flat tire,0
release epstein files arrests gop trying distract us away topic massie republican spine,0
recurring nonsense earn texas nickname change lone star state one star state honor way fleabag motels rated need pass test assure least minimum level competence get drivers license apparently anybody member texas legislature,0
trumps weak support ukraine aggravates situation lot,0
still cant believe idiot president america thinking failed st time yet fellow americans voted iq doorknob,1
trump chump,1
distraction epstein files release epstein files victims need justice,0
putin cards,0
usually leader host nation start talking first makes sense putin started talking first clearly shows controls us,1
waste time tax payers money dumbo,1
trumps cognitive decline shocking cant even walk straight line anymore point elder abuse,0
ouch,0
trump traitor period,1
putin chump short hairs dirt chump always useful idiot,1
trump really stupid know putin want peace putin wants take whole ukraine matter costs give ukraine long range weapons bomb russian infrastructure need sanctions cannot produce transport oil gas,0
trumps bitch,1
let tell exactly happened putin shook hand walked whispered helped get want youre earning billions youll destroy democracy call youd better pick phoneor else walked away fatty bone spurs,1
living taco name,0
cnn caught totally guard first minute putins speech translated switched msnbc translating,0
start reporting something different soon,0
trump proven loser trump damn lazy anything anyone release epstein files,0
get diapers trump made another booboo,1
much trump respected putin world leaders,1
oh looked weak last time helsinki stay away putin its good,1
leader maga church always head comes economics negotiating international relations like best suited standing pulpit incoherently ranting members maga church dont forget followers maga church never forgive done america,0
many people saying trump gives good head epstein,0
donald trump done humiliated dont understand meaning slogans,0
trump traitor pos,1
trumps adoration putin fuking weird much pathetic,1
words we agreed something big concepts ceasefire said absolutely nothing mimicking trump,0
trump weakest pathetic president america ever produced joke putin literally ate lunch impregnated,1
course putin supposed speak first its time showed whos boss,0
trump putins little btch donny choice sit back let daddy run show,1
maybe landswap taken place thats putin spoke first huh,1
ever seen putin steamroll trump fox making trumps effectiveness decade,1
putin speaking first russian even waiting american reporters get ready screams authority trump embarrassment happened us soil trump weak pathetic showing boss usa really nonetheless im sure cultic voters fox video blaming biden somehow comments,0
figure tell americans russia annexing alaska get nobel prize deal,0
basically dick measuring didnt go planned trump,0
you putin come dress lol,1
vlad showed donnie videos donnie always ends cowering vlad anytime meets privately,0
first military roll red carpet scumbag putin trump could even walk straight lone wobbling side side,1
absolutely disgusting disgraceful period,1
feel bad ukraine and trained animals dont agencythere also much personality reactions,0
stupid person,1
putin leader us,0
pedo president,1
im sure breakthrough russia dont know putin wants blackmail,0
trump play chess,1
dear americans president put proud servicemen knees roll red carpet murdering dictator continues murder civilians women children allied territory mainland europe comes paraphet without agreement even mention ceasefire bare faced gall tell people free western world good meeting murdering dictators remain existence support like minded murdering dictators like trump whats concerning fact enough spineless immoral unethical elected representatives congress support god help america,1
trump coward spoiled little bitch could never face real leader country get results,1
mmmm well plane dud say pooch yes trump dog cum boy please turn sound look body language trump totally subservient,1
lets see spin,0
orange turd loser played evil human turd bigger schmuck neville chamberlain,1
usa folks thinking us many countries world country time much irrelevant never ever exceptional big bully days face bit bigger always someone bigger matter big think,1
putin spoke first know trump probably gave back alaska russia,0
found gofer within tyrant club,0
maybe ask zelinsky thinks peace talks without parties present putin thinks donald joke ignorant,0
esptein files,0
illegall sell citizenship cuz im hoping somebody mines american dream leave trader country immediately russian buyers please make dream come true,1
thanking putin idiot,1
remember debate kamala said putin would play,1
trump loser hes disgrace,1
w e,0
looks weak weak whole world knows except americans,1
words jim carrey laloooooser trump sucks,1
maga people stupidly believe putin on side course thats nonsense putin wants destroy america including maga people thats slow enough actually move russia immediately got sent front lines war probably weapons,1
newsflash putin murderous dictator invaded neighbor honest broker peace trump got memo embarrassed country usual way zelensky front center background trump putin try negotiate deal likely hose zelensky,1
donald diaper petrified putin lets cut bullsh call spade spade dude weak always played like fiddle everything happening kamala harris told world would happen,1
putin owns us dont know shocked putin addressing first russian soil trump admitted,0
theres deal severe consequences theres deal im thankful putin didnt ejaculate spray tan tasted like sugar,0
putins face said reacted raising eyebrows smirk donnie said things clearly agree face showed disgust donnies face words showed admiration obvious male relationship whos preparing dinner speak ways maga understand,0
trump beta actually hes omega,1
unsurprisingly trump looked like fool last night rolled red carpet murderous criminal putin front whole world came nothing alaska business believe ukraine end paying,1
great deal maker owned country lmfao trump old weak,0
donald trump theres deal theres deal asshole,0
donald trump didnt get loser,1
goofball,0
useful idiot,0
putin huge came us soil giving also speaks languages,0
gop used cry time thst biden disgrace world stage well trump shitting america front whole world yesterday weak fool bet slept meeting anyways,1
kompromat equalizerlike epstein putin knows bodies buried occams razor course walks like duck,0
putin away home good resthe must exhausted screwing taco,0
someone little backbone tell trump face freaking piss leader putin played nothing embarrassment country please get way let someone else courage make peace deal,1
lazy boy man body claim strong weak global stage shame american con man best produce leader putin came first address media america soil host shame shame shame coward,1
wow heres surprised look mainstream media fooled incredible waste time tax money follow moron leads away epstein truth beast,1
wasnt bad thought trump would sell ukraine lol plus side theres deal means trump said didnt flat say yes well let land guys control,0
world comes together kicks putin completely ukraine therell deal,0
stop saying peacedeal deal ceasefire thats huge difference still war ceasefire,0
putin satan israel know full well trump weak talks big game hasnt either backbone brains back us reached new low,0
trump cops right chin putin absolutely dirt,1
well know charge could trump looked weaker,0
thank much vladimir good friend,0
putin brought photos melania promised,0
woooooow thats heavy commentary fox news yikes,0
report based thoughts lack,0
answer arm ukraine teeth offer another summit say ready talk yet,0
shes gone nowmade mortal sin telling truth,0
Putin LAP DOG OMFG,1
drumpf wanted kabuki theater distract epstein buy putin played show boss,1
im surprised pleased humptychumpty didnt come putin meeting thumb mouth pants around ankles sold america magic beans,1
trump going drop support ukraine thats weak us weapon manufacturers make load money test lot products ukraine without losing single us soldier eu buying lot weapons us send ukraine letting sadly putin round trump trump weak,0
1ful left handed toxic always,0
Sinica Minecommunist Po,0
answer kayser presidentodu,0
communists democratic deceive chilean people make social outbreak keep power wealth chile communists power enrich politicians help reality creating individual heritage thanks taxes increase one saying powerful actually charge everything pime formal worker formal worker noooo enough abuse speak communists equally power want take people fight like peasants workers deceiving fight damn communist nazi laces remember nazi party called german national socialist workers party deceive,0
remove left,0
painin giving juice usual leaves shame niralnche,1
majority says chase democracy like,1
antidemocratic common sense eliminate,0
liebour done good,0
landslide victory lolololo voted tories bunch clowns,0
morality stupid morality reason popular morality lacking guides government inability see highlight shallowness ns talking heads,1
starmers demise hasten arrival rayner need get,0
labour going let introduce unpopular bills theyll give bullet,0
labour mps know theyll never get w1ver happens trying drag years wages,1
dont vote piss pot,0
labour win gethe tories lost,0
iifelong labour supporter im lack focus kind inspiration starmer team combined drift right truly disappointing leadership contest would bad move somebody really needs put boot starmers arse get moving,1
dont worry wont power again,0
thought hair couldnt get hilarious wrong,1
would replace,0
left 1 jews,0
nonsense stand starmer,0
utterly deluded statement labour get rid starmer replace chance next general election must live rock,0
starmer isnt problem labour problem davos slaves media pleasers nothing,1
nope,0
labour party seems full losers actually want lose perplexing,1
utter crap journalism pod gets worstas punditsits year years crap,0
angela raynor oh prospect milliband,0
utterly incompetent spineless remarkably bellow average mediocre id add reason came power tories completely fumbled campaign scandals internal disputes kiers stammer unfit hold leadership position doesnt know incredibly weakminded easily persuaded dystopian antihuman rights draconian damming ideas like villain v vendetta real life weaker cognitive challenged version,1
starmer evil days numbered,1
yet new statesman repeating nonsense starmers victory last year anything tory collapse corbyn got votes starmers method victory possible antiquated first past post system man universally disliked labour get rid sooner later,0
starmer unpopular prime minister ever good reason determined provoke russia illegally engage uk forces proxy war russia handed nations treasure ukrainian dictator paid cutting benefits pensions home recommended number associations ukrainian rent boys whose trials damaging property delayed evaded curious manner mr starmer offers explanation actions property ever came associated young ukrainian male models crushed free speech imprisoned people hurty words facebook arrested peaceful protestors given material political support apartheid regime israel pledging unqualified support israel even face continuing genocide war criminal fascist destroying everything good uk sacking wont save labour party complicit crimes kier starmer labour never govern labour supplanted equally corrupt tories principled honest politics jeremy corbyns party,0
labour riding gravy train sat first class seats starmer driver labour traitors labour derailed never get,0
supreme court says consistently corrupt criminal charged imprisoned crimes gb ni corrupt criminal liars along least,1
nohe following correct agendalosing seats temporary grand marxist plan,0
people country simple people calling resignation borisbashers ruined country begin youre struggling see theyre mostly reform,1
billion cede chagos foreign state forgive forget,0
worst defeat sincve weird vistory got fewer votes,1
could wish look would waiting wings,0
better country goes,1
days two tiers premiership oh dear things get worse,1
lol elite media types idea public feel media conned docile voter didnt see spiteful uk public incompetent back tracking u turning labour shower election idiots didnt see starmer media luvvies hid labour bad oaps waspis farmers workers tax payers even labour voting benefit receivers rubbing hands together thought handout bonanza labour party,1
labour didnt win much conservatives gifted,1
maybe starmer reforms leader hes nothing bush hes disgrace labour,0
corbyn swindled powers knew people wanted labour put man position man man,1
sure ns suddenly funded conservatives backing another candidate labour either way comentary beat sheet,0
could get rid starmer got leader whole bunch losers,1
starmer lied way power hell lie way power,1
labour got telling lies want power,1
need another election,0
stop talking bollocks,1
rayner situation kamala harris biden dei pick deputy everyone labour everyone democrats knew would disaster actual leader,0
starmer useless thinks great,0
next,0
says lot labour members angela popular,0
dont think hes moving long time yetbut said depends nerves take backlash people push elites work policies way,1
labour couldnt tie shoes never mind getting dressed without lord ali someone hide colouring books perhaps theres chance,0
problem whole government comes banner useless liars,1
snouts trough fingers ears,0
god plebs labour obviously view us actually fact starmer still one else could please ginger ninja would cataclysmic disaster hope would agree wes need general election powder keg blows,0
forget sacking needs ban uk,0
think question need asking anyone could replace starmer wouldnt slowly destroyed maligned undermined united front dishonest media tory press barons toxic right wing social media misinformation lies think less good someones policies well handle new playing field good policies easily shot lies misinformation,0
yhe moment theres genuine one amongst need new movements new tactics movements towards genuine progression country people survival good intentions honesty,0
unbelievable conservative commentariat say removing starmer would bad thing whole country made minds dont like,0
resign,0
kier starmer anti british,1
sacked putting sack dumped thames,0
labour even worse people starmer emily thornberry lammy ect ect cant think anyone labour good,0
clearer sense stands stands nothing beliefs principles,0
heading almighty shake local government elections may starmer resign save much doubt reeves need go,0
dont sack starmer go,0
labour dead man walking,0
new general election help put country back feet againstarmer biggest lier politics ever seen hes become embarrassment politics hes got serious mental health issues step falls non front benches business experience totally incompetent king dissolve parliament demand new general election take place raynor uneducated cant organise piss brewery using union mouth fall new general election solve problem country,1
labour dont represent working class anymore woke champagne socialists,0
time labour voter ill never vote conservative unless take balanced approach economy 1 farage grifter provide solutions said person spoken two tier policing blasphemy laws idiotic online safety act hand forced choose lesser evil,0
starmer seen country another poor politician real 1 wifecomes left,1
oh reform given air time much libdems much snp much greens pulling even strings appalled disgusted tunbridge wells ludlow,1
idiots think got starmer dont even realise simply 1 tory vote,1
doesnt matter labour dothe rest country already made decision feck stammer,1
british population remove him,1
starmer cronies disaster,1
rayner tax dodger,1
kingdoms online silencing act kosa one many imminent downfalls git,0
starmer personally gave order suppress peoples protests harshly unceremoniously possible,0
labour absolutely finished unless get rid starmer quickly prove public red tories majority wanted right centre government would voted tory reform,0
thank covering topic rising since august,0
think people expect starmer go since think chucking leaders easy especially since tories often last years labour different rules tories also would replacement really better think hes still going pm come next election,1
would economys growing steadily first time years obviously thats important lot people seems theyd rather broke long boats stop,0
absolute fantasy whole government 1d,1
sacking keir wont anything another new figure head promises world brings rich mates powerthe entire system change,1
starmers fool still believes hes winner,1
would make absolutely sacking starmer whoever takes place exactly worse labour,1
starma cant go head head anyone hesdone much wrong hes despised across board,1
steal tax money fall guy govemnt money laundering finest,0
labour reform took votes tories,0
like money,0
campaign change dont implement change people dont like,1
andy bur0am,0
dude middle idiat,0
whats happening ppe prosecutions billions stolen tory donors,0
starmer didnt win labour said carry think labour need dynamic leader,0
get rid longer labour,0
labour sack ricky jones,0
god hope,0
oh sack hes done everything want taken brunt electoral rage,1
labour loveless landslide limping towards certain defeat next general election,0
wont get rid yet whoever labour leader press destroy wait nearer election,0
wont sack woll take flak get keep jobs,0
time,0
find safe,0
Hoak,0
War Malaysia Malaysia,1
Tai Image,0
one way government eradicates actions thuggery guise mass organizations kidnaps eliminates character thugs localization headquarters movements,0
big mouth without proof,1
scam one reasontill date citizen card indian citizens oeraha card wanted thisis reason amwite colour criminals ruled dia,1
vote politicians poverty beggars lay roadside humanity,1
Modi Vote Chor,1
its truly unfortunate see rahul gandhi congress party repeatedly casting doubts integrity electionsespecially results dont go favor selective outrage clearly reflects double standard congress wins elections state proudly accept verdict voice people lose bjpruled state immediately start raising allegations questioning election commission kind behavior hypocritical also childish democracy means accepting victory defeat grace indian electoral process one robust transparent world election commission india independent institution operates high degree professionalism blaming without concrete proof damages credibility democratic institutions rahul gandhi congress genuinely believe malpractice irregularities right course action approach supreme court present necessary evidence making baseless accusations public domain might grab headlines doesnt change outcome convince people indiawho far aware informed today instead deflecting blame congress party introspect reflect failed gain trust voters people india swayed emotional rhetoric anymore look performance vision leadership high time congress looks mirror accepts reality works rebuilding credibility rather blaming everyone else failures congress manages win nonbjpruled statebe karnataka himachal pradesh telangana west bengal tamilnadu jharkhand jk kerala celebrate verdict people praise election commission conducting free fair election moment lose bjpruled state start crying foul pointing fingers election commission questioning entire democratic process,1
pakistan mps country,1
drama,0
vote chor modi sarkar election commission,1
walking meters good health,0
illegal votes congress yrs rule encouraged illegal people bangladesh pakistan showed safe heaven bloody pigs india,1
mps march ec clear want disturb lcrs sessions,0
save democracy,0
yar indi association ask leader sign oath copy submit election commission,0
eC fraud org hai,1
indi alliance partys criminal activities ruling state tamil nadu giving money votes west bengal imposing bangladeshi muslims,1
election happen bjp win majority,1
Opposed sir time showing voters anomals eci like karu toh kiya karu,0
video quality fucking poor,1
mps wasting tax payers money valid reasons people watching,1
idiots march us deep state electoral roll revision false idea given change modi power next election starting ground work usa comfortable modi accepting us conditions trade deal dangerous farmers milk producers fisherman everybody need understand modi one god given gift india dont loose nice person jai hind,1
RD Grade Politics Crooked Gang Indi Sponsored Antonio Maino Raul Vinchi Mallikarjuna Karo GE,0
natorius gang kickout,0
bring ec justice institute needs function neutral complete influence ruling government situation hamper democratic functioning country,0
declare emergency,0
rshul distributed sanitary napkin photo bihar women ridiculed rejected desperate chance baffoon,0
bjp election commission,0
shame parliament session wasting public money forgetting responsibility inzide parliament work parliament avoid taking procession want take kut parliament session working class go protest working dayhours suffer wage cut,0
vivekanada made india proud world scenario statement dear brothers sisters mahatma gandhi made india powerful ahimsa imbibed sermon mount jesus today rssbjp using modi made india largest democracy world shame globally antihuman ideology,1
election commission theft people vote accept truth apologize,1
shows congress fear facing election bihar may trying stall election bihar ruling party party poised come back,0
case ec corruption bjp vehemently defending ec theyre involved vote chor affidavit already submitted concerned lawyers democracy fr getting compromised utmost level many blind idiots bjp still behaving spiky crystal clear bjp proven actual antinationals,1
trying threaten ec official also justfying congress continuous defeat another drama rahul failing hintenburg dead economy comment opportunity fully go fraud done indi parties states also people watching baffoon drama come know atrocities done upa last years vande mataram,1
actually cbi investigation needed find expose plot rahul defame indian army election commission etc especially making fake documents months ago declared congress fighting state india,1
idiots care nationthey dont know stay united nation faces outside issuesbunch jokers,1
accountability mechanisms law right information act section h eci public authority must provide electionrelated information request judicial review articles citizens file writ petitions high courts supreme court eci violation constitutional rights election laws election petitions part vi representation people act allows challenges ecis conduct elections,1
Us Funding Milte Hi Josh H Pura Opposition Bharat Banega Bangladesh,0
venom rahu khan slaves doubled rahu khan trust claims indian army indian army rahu khan trust army pakistan claims hoping bangladesh model protests india get oust modi govt thus become pm india especially support trump rahu khan barking new vote chori plot ready go court allegation,0
ec must respect fundamental rights democratic country,1
Rahul Gandhi,1
rahul mps demand dead men women shifted residents states vote chaos making kouses parliament,1
historical protect election commission,0
agitators trying make election system india mess,1
change dp foolsits india mp pappu,1
trump funding,1
mind india indi alliance mps,1
I don't know why veeee,0
marching r fasting u dont win election till percent corruption partys join together save corrupted money vote u wasted,1
dont job wasting time,1
rahul gandhi next pm,1
thieves procession,0
thank god faithful,0
bjp without malpractice one election,0
thats last failed attempt indi block keep crying anti hindus anti india block,1
evidence provided india bloc congress provided enough proof antiindia party lack clarity strategy want create noise give ammunition pakistan saddest part supporter real andhbhakts real chommus,1
modi corrupt dictator,1
democracy dead destroyed last years fight restore,1
need fresh lok sabha elections,0
Retired Chor Election Commissioner Rajiv Kumar Bhagya Chor Election Commissioner Ko Hatao Desh Bachao EVM Hatao Desh Bachao Chor Vote Hatao Desh Bachao Vote Chor Vote Chor Vote Chor BJP Vote Chor Vote Chor Vote Chor Vote Chor Vote Chor Vote Chor Vote Chor Vote Chor Vote,1
opposition mps march bengal,0
waste public funds neither work let others work marching drama rahul afraid write n give ec cant file reply ec notice nautanki,0
good move,0
bible incredible scientific accuracy like round earth jet streams hydrologic cycle much,0
like lake flowing truth behind bad politics crooked politicians keralam,1
right,0
,0
good thing jealousy,0
raja bharam veno prostor bharanam veno,0
athu kalakki,0
democratic politicians go fox rest right wing media way trump goes corporate media fealty facts,1
least carlson didnt let air wifes tires order give ride home could start dating still married first wife,0
fox supports pedo chief,0
host needs actually research topic instead lying trump never ordered texas anything stupid liberal morons,1
democrats willing take moral high ground fn lose time,0
lol republicans cant even mathematically gain advantage gerrymandering every state redraws districts dems seat lead house,0
jessiesgirl low iq person learn listen jessica high iq person ever work state regime media,0
jesse dick,0
jessie called revolution think need,0
give jessica lot credit sitting snake pit way credible fools fend like keebler elf guttfeld waterworks waters rest taco lovers l wish news big wigs taco lovers give jessica place network get away ship fools,1
love jessica,0
thats democrats,0
faux news clown going come closet admit sexual preferences,1
waters trump kum chin skin phukkking tool,0
jesse waters maga traitorous pos,0
away electoral college,0
republicans minority theyre mostly made ignorant uneducated humps incontinent reekingrumped chump swears high actually high iq almost antiamerican mob morons said decades theyd never able elect primitive idiots office democrats would votevoter id gerrymandering creepy calls loser needing votes par course playing pathetic decrepit commander cheat us patriots call traitor trump,1
correct im wrong thought congressional districts determined population size texas state legislature increase number congressional districts without commensurate increase population,0
tarlov lords work,0
maga republicans fox better get control 1 unquestioning loyalty trump otherwise going drive us second civil war,1
jesse needs click bait hes biggest loser,1
donald trump popular fox news claims wouldnt need resort gerrymandering would easily sweep districts full control congress instead trying flip seats theyre trying change lines better odds,1
magabro gas bag asshat jw disgusting,1
clown outletshe show left wouldnt showi hope shes making money,1
day trumpepstein crisis one exdoge employee got bloody nose fyi im aemt ive seen blood tampon trump sent federal police take dc say martial law know couldnt know happens federal government declares martial law nd amendment suspended dont want free citizens great nation fight authority always thought obama biden gonna get guns nope trump voted child molesting mf sob hope get deported,1
Out of the Find Part,0
waters ass cramp go way predecessor tucker carlson,1
trumps pussy loser also putins little bitch,1
jessica tarlov stop morons getting fox sued,1
jesse complete idiot,0
one math parties go theres way seats dems gain republicans theres nothing salvage principle lean get started,0
lets gerrymander jesse waters oblivion useless tool,0
nice arms,0
party rejects outcome presidential election tell yo everything,0
waters disgusting little goblin,1
war started beotch jesse watersanytime place,1
Tami Lahren Still Thing,0
seem think funnywhat bunch poss,1
doesnt help scotus gutted voting rights act preclearance glad see think racism longer exists might want tell jws replace us crowd new america,0
yes its war gerrymander fun,0
trump really screwed texas state pull seats yet dems ca il ny trump wants seats net states alone action reaction,0
funny thing bad president pedophile may never lose mag cultists republicans shred rational thinking well see bad dictator matter much jerry rigging theyre still going lose trump completely destroying country midterms denying blaming biden,1
jesse fafo dumb ass trump supporter,1
way smarter love jessica,0
dems need thinking way beyond gerrymandering fascist republicans like step ahead rigging everything dems cannot focus gerrymandering,0
democrats record voting end gerrymandering republicans record voting every american fair elections hypocritically like fox propagandist sycophants youre want live dictator maga want better fucking hope dont ever get democrat dictator wont fucking moron like lying corrupt orange hitler,1
issue us gerrymandering electoral boundaries its corruptible system allows happen system binding cannot usurped either party made constitutional amendment say every years individual states choose redistrict electoral seats mandated poplar vote referendum changes made us citizens open idea multi party politics old school republicans reclaim position centre right conservatives rather lumped ultra maga mutts currently share space,0
love jessica tarloft by way explain state districts work jesse waters like hes year old didnt win jesse doesnt mean wasnt fair jesse waa waa,0
swear jesse jerls trumps used underwear,0
jessiah accept facts logic dont matter fox viewers jessica tarlov shout mock get owned libs feeling would sacrifice livelihood republicans purposefully torn apart education culture states make people ignorant stupid reason,1
jessie warters mother dont talk loser like said policies everything said goodwhy would redistrict everything get votes,0
huh,0
kindest thing could said watters perhaps first time told truth declaring wants gerrymandering allowed help republicans decimate democrats wherever honest thing remember piece trash ever saying thing making admission openly acknowledges totally fine republicans cheating means use win elections fox promoting viewers theyre interested fair elections never clear never learnt lesson defamation case network settle dominion watters outward attitude conveys would happy help republicans cheat even lawyers smartmatic would well footage watters displaying little respect actually free fair elections,0
watch clips instinctively hit like button cult respect facts fascism,1
jessie biggest cuck beta nonmale use inane language ever,0
push comes shove seems us laws unenforceable anymore corruption rampant throughout congress senate ice denying people rights gangster wannabe white house personally think its already late,1
tell jesse waters hasnt ever punched face real man,0
tarlov always wins shes awesome debater truth reality side,0
im voted massachusetts tend balance power voting republican governors,0
gerrymandering never done districts formed committee non partisan possible look like snakes ladders game,0
republicans lost george w bush great recession destroyed millions peoples lives,0
its sad watch south park tell truth wrong media,0
watching arent hitting like,0
hi jessiah love accuse dems running away jobs help people represent turd cruz leaves state whenever theres stiff breeze sad pathetic snowflakes much respect jessica able stand attentionseeking mouthpieces effectively professionally especially idiots like jesse watters greg gutfeld total wastes human flesh maybe half considering tiny gutfeld actually,1
right wing lunatic jesse waters fox news calling ending representation democrats congress gerrymandering every map country favors republican party people doesnt democratic bone bodies want take power believe free fair elections people keep mind going forward especially going next mid term people needs voted masses able destroy america democratic nation longer hiding true colors showing everybody exactly pretty,1
republicans big congress business money making business wealthy,0
jessica everywhere shes earning every dollar w1ver shes paid,0
1 watters dwarf,0
tarlov rules,0
lie man dont believe,1
funny fox posts al comments jessica,0
stop elections bother appoint king get,0
love channel allow trump home bad karma,0
jesse watters doesnt enough testosterone develop adult male hairline gender insecurity guides constant concern real man,1
maga troll jessie waters,0
jesse watters biggest tool box,0
jesse shouldve stayed was presumably tailors dummy third rate clothes store hes cut anything brain needs engaged,1
fcks news fair balanced satire,0
hes still gonna lose half america 1s,0
brains big toe waters sneaky freak gutfield,0
acting like issue yes dems voted something would ban gerrymandering knowing didnt majority majority want keep status quo come man stop con always wanted xyz republicans voted us trust vote would never happened democratic majority,0
love jessica im glad speaks people mainlining fox news hear facts,0
hey jesse gonna visit canada waiting you,0
jesse certified ah,0
im voting republicans since hearing folks say vote make change isnt really id like see podcasters blueprint remove trump office end term example convince people register vote tell us help voting regain power congress explain power congress stop agenda destroying country impeach remove office misconduct breaking law shredding constitution explain would likely imprisoned crimes well previous felony convictions im sure jd vance couldnt removed time explain possible none possible without enough votes pull id love see smart guys gals draft simple plan action pound everybody midterms please vote every republican every office every chance get,0
feel bad hating jesse watters much im 1r makes easy slip others fox,0
im canada rest says annexing parts canada like its big joke makes trumps minions 1ful towards us hes insipid prick honestly sick things republican conservative,0
waters douchebag,0
lets call school yard politics,0
go jessica,0
yeah always say fox hosts get triggered watch video theyre giving well theyre getting,1
oh american goverment corrupt af im soooo shocked,0
jesse waters cheater need know character pathetic beta boy real men dont cheat wives look dear leader cheated wives,0
complete idiot jesse waters memory go fool century,0
tell guy stupid pretends smart,1
oh waters fafo party democrats bought adopted wear moniker dumbazz decisions follow clown lies gtfoh yet another lie mid cycle diabolical maneuver party using suppress influence voters primarily ppl color piece,1
farukh abdula sharad pawar malikarjun kharge ashok gehlot may candidates vice presidential election india alliance time acharya devvrat manoj si0a manohar lal khattar rajnath singh nda may possible candidate post vice president worth noting according number force nda enough majority recently club elections rajiv pratap rudhi defeated sanjeev balian mutual factionalism bjp seeing possibility cross voting cannot denied,0
nadda keeharkaty likeachildcutingg yeeth,0
nadda ko kutta bhee Vote nahinkarega gira hua gandu hai dog betterhan heam,1
jp nadda bjp dog hi,0
yellow journalist,0
Jo bhi log ishre pe chale woh koi es pad pe nahi aana chahiye nahi sadan waise hi chalega jaise chal raha hey,0
rahulgandizindabad,0
Night heard Wear Chadha,0
naddi chore aur papi modi ke chhaddi hai,1
modi ho ya koi bhi sare galt kam kar rhe log jaynge jail yhe kuttey rss ke atanki log yhe chor log desh ke liye khatra,0
modi shah nadda digging grave bjp gone mad powertihar jail waiting let desks rss zindabad,1
destruction black opposite intellect,0
commission supreme court ed cbi income tax institutions sitting dishonest people expect justice burn time money waste also,0
aspiratio human naturalsuitability prime,0
good reporting,0
Ab record mein ho jaega jo rahul gandhi ji kahenge rahul gandhi ji jindabad next PM rahul gandhi ji,1
Modi tera paap ka ghada bhar chuka hai,1
bahut quob mirza bangalore jio bhai saheb,0
nadda bhaut hi badtameez ornal chatu admi hai,0
kese jayega gulam jo betha hua h,0
Nadda ji Vice President Chunti Ke Bhi Par Nikal Aye Hain Ab,0
tumm gadhe ke yeh nahinn malloomm hai kii BJP mein aissaa koi bhii khell nahinn hotaa hai strategy yaaa panty yaa panty faissllaa kartiiiiiiiiiiyaii naaiiiiiiiiya individual logggygyiiia individual logggygyiii na,0
jp nadda dishonest man,1
jp nadda could rss organization country devotee,1
JP Naddacheeter Durt Makkar Gujarati Lobby Mukhbarkhamchaloktantra Virodhi Lobhi,0
j p nadda statements quite wrong,0
nadda given gift modi hill fruits cannot say anything,1
leaders bjp bounce like monkeys gestures honorable gujarat lobby even nothing,0
actually seems democracy left india,1
Nada Modi Vote Chor Desh Ke Gadhar,1
suffer resounding defeat contests vicepresident position important democracy,1
trump rajya sabha,1
Sashmit patra n party BJD B Team BJP Sasmit Patra Working Atvrge Behest VK Pandian,0
excellent presentation,0
Dhankhar also don nadda,0
wait days everything changed,0
well reported dr sahib rss never allow nadda become vc,0
Nadda khoda raha BJP ke liye gadha,1
jp nadda ji also destroyed rajasthan,0
Nada nadda nadda nadda nadda hand dance during come Himmachal delhi,0
st supreme court find truth whether resignation letter taken dhankar coersion,0
thank youpathak sir yr kind information love yr narration style,0
snow,0
Fauji Kanoon Chaye Hindustan,0
Modi ko chahhee ki vah jaldi se jp nadda ke uprashtrapati banaa da tan lki uski bhi sadan ko chalane ki tamanna puri ho jaaye,1
dreams become god ability even become peep,0
rahuljee jindabad,0
jpnaddaki mat mari gayi,0
Pet,0
becomes terrorist vice president parliament country become base terrorism,0
Jo Adda Kahega Wo Hi Record Mai Jaega Tamasha Naya Paida Hua Hai,0
complete belief jp nadda prove last nail bjps coffin stinging voice bjp leaders anything progress country windbaz new jumlas never listen indian people,0
former prime minister late shri atal bihari vajpayee ji said much necessary ruling party necessary opposition time vajpayee bjp decent party probably jp nadda ji know,0
first jagdeep dhankar former vp missing responsible person party leader haryana jaat organisation file horbus corpeas writ delhi hc,0
nadda whip union naddas rule going parliament,0
kitni bhukh hai BJP walon satta k liyee itne budhaape bhi logo ko retire ni chiye,1
Pathak ji toh hawa main chal te hai inke hisab se toh kuch bhi ho sakta hai khali patang udao timepass karo,0
nadda bastard another thug incognito wolf,0
bada chaplusi hai yeh Ishi liye bolta hai nahi tau action par hona tha na ki dhankad par,0
Ye niche baithe hi sabhapati ban rahe hai ya apni dadagiri ya ghamand dikha rahe hai,0
AD Mad Nad Man,1
nadda nahi ye padda hai dimag mota hai kuch bhi bolta hai,0
jp nadda drama become vp true needs drama modishah decidehe drama staged remove vp period,1
well covered,0
channel participants already exposed beyond doubt,0
jp nadda person worthy becoming vice president rakesh pathak sir show good news,0
J P Nadda Kyun Gadha Ban Rahaa Hain APNE Aapko Beizzat Kar Rahaan Hain,0
shameful,0
Aisa nich aadmi vp kya haal ho gaya hai desh ka,0
nada chada bar kuch nahi ho ga modi apni kursi bachaya ya tumare haasrat puri kara,1
jagat prakash nadda lost mental balance nadda wants increase number become vice president,1
person made vice president birlas record also break house arrogant,0
brilliant analysis thank much,0
I came back,0
Establed Metal Hai Nadda Jo Bar Anpadh Jhutha Vote Chorba Ko Bhagwan Batata Firta Rahta Hai,1
nadda ek desh ka bahut badha gadda hai,0
member member parliament closed presiding officer,0
nadda wrong ordered order unnecessarily wearing case video,0
boys democracy happen opposition runs away important subjects starts agitating matter supreme court listening,0
dooms day becomes vice president,1
tana shahi hai nadda ki desh gert chala jane wala lagta hai,0
jp nadda ko Vote chor modi saying modi,1
Chadda ka hal bhi dhanghad jaisa hoga,0
bjp president modi ji amit shah otherwise footing national leader,1
jp nadda apne liye khod rahay khaddakyo ki kursi ki bhukh hai,0
mouth lentil dal wow,1
immature person dy president bring misfortune democracy enjoyed compromised environments due let good sense prevail jai bharat,0
tana royal moving democratic mockery,0
improve,0
rone channel,0
India ke sansad hain satta mein kyon nahi batayein,1
acting vice president,1
nadaa bjp ke liye gadhaa khod rahja h BJP dhyan de,0
Dr Rakesh Pathak Jee Namaskaar Salute Se,0
j p nadda ki maati mari gayi h bure din ane bleks k,0
Chay wale ko bolneka ki b jp dndda ko hi banadi rast pharaki ko,0
all,0
JP Nadda Associated Modi Ji Charge Himachal Pradesh Sector Panchkula BJP Office Alongwith Manohar Lal Khattar,1
perverted nazi fighting back shame,1
hurt exonerate,0
good,0
freaking cry baby,0
matt wearing glasses makes creepy everyone knew daddy kept hush,0
time sue,0
looks like satan doesnt help case,0
defamed behavior,1
matt totally innocent targeted woke,0
text messages exposed asking girl done molly hes pervert belongs prison,0
pleading fifth defamation quit trying avoid accountability crimes guilty like retrmplican,0
lol suing telling truth lmao true republican,0
good luck matt buddy went prison indicted hes going flip testify know misery loves company,0
file lawsuit ethics committee releasing sooner allowing stay office defaming government known drug users child rapestetc make known entitled know running country sounds like character defame,1
dude looks like jimmy neutron dropped head baby,0
Matty Dirtler,0
nerve,0
wonder declared uses cocaine form filled purchasing gun might legal issues,0
good luck matt,0
please let public trial hes disgusting misogynistic serial sexual predator rapist narcissistic and hes still shadow yellow monster maralago,1
suit dismissed still wont go jail federal mafia said,0
send man prison,0
hes nasty vile thing,1
knows shame,1
everything everybody investigated anything trump,0
people commenting matt heredidnt speak biden pardoning son crimes committed shut mouth,1
laugh facethrow jail hes got reputation,1
thats guilty man right,0
anybody see catch predator shows,0
work many chubbier hes locked federal prison,0
pimping congress drug dealing ameriklans work,0
defamation exposition,0
still persistent question isnt forced register sexual predator florida state law goes edjtwith tiny digit,0
chucky must go jail,1
call projecting piece feces,1
liaryou aware,0
pizza gaetz,0
repubs love paying girls corn stars,0
birds feather sad republican party become,0
matts proving world fools parents waste education,1
defamation true theres plenty evidence showing hes done things accused ethics committee,1
im saying hes innocent whos ethical committee bunch unethical people,0
theres defamation facts based evidence gaetz phony dollar bill worthless,1
give ole sparky,0
baby,0
lets hypocritebidens son lot worstand even proved laptop form alzheimer daddy pardoned son,0
first,0
investigated corrupt biden justice department whoemdidnt file charges,0
crackhead,0
delay tactics youre going jail mattie,0
true hows defamation character max headdroom look chin,0
cant believe idiotic person almost made attorney general,0
freaking lefttards afraid gaetz climibing becoming gaetz presidency reason smear job,0
deservedly house ethics committee committed slander defamed gaetz pure simple deserve making laws cant follow,0
innocent person wouldnt trying hard avoid report released,0
person gaetz needs file defamation suit named matt gaetz,0
florida full criminal,0
guy needs alot toilet paper clean bijind money makes good tipe people jail already,1
truth supported evidence defamation would think someone wanted ag would know,1
always sure sign innocent wanting hide facts file lawsuit block results ethics committee findings,1
sure gaetz could defamed,0
one thing republicans due sue even know wrong smdh,0
bear mind everything claim proveably true would obligated charge criminal court,0
ethics report members congress past present particularly current ethics committee members,0
heres wishing massive defamation lawsuit win matt gaetz,0
im sure committee qualified immunity,0
daddy someones wealthy donor,0
didnt know minor nothing seventeen minor sex worker like clinton people oval office many presidents say release investigations,0
character,0
guilty,0
haha,0
TRUE,0
fake glasses hide guilt,1
everyone seems assume hes guilty doj report dropped investigation back said claims way congressman witnesses credible smear campaign rino many heated exchanges gaetz since gaetz longer congressman ethics committee jurisdiction havent actually released report really anything let stand anonymous accusers still office,0
publicly disclosed report would released matt gaetz already proved plain sight member congress absolutely character personal ethics allegations defamation character lawsuit frivilous merit since ethics committee history releasing reports member left office gaetz law suit joke,0
charged,0
lol,1
look forward day longer see hear anything obvious douchebag villain,0
defamation true try,0
matt gaetz child predator locked another normal day america,0
shame didnt get chance provide evidence oath,1
watched trump get set accused believe committee group people say stuff charge huge difference maybe drugs party perfect set think shady know better,0
report based allegations sent sex pal prison years remember asked pardon trump receive pardon admission guilt total disgrace loser,1
well trump got abc,1
matt lying piece trash move matt corrupt puppet,1
defamation its true,0
reminds evil gaston look like kind evil disney villans like ursula malificent dr evil cruella de vil meanwhile talk jesus thats defamation character blasphemy jesus always represent prince peace prince darkness always represents chaos karma never forgets address universal law,0
dudes guilty jeffrey epstein,0
hard believethis someone president would want cabinet,0
clown show,1
must really love spotlight take stand prove allegations false enough witnesses including young girl accomplis currently serving time sex minor,1
oooh discovery fun,0
report released allegations,0
dont believe media lies,1
gaetz garbage,0
wow awesome good job man,0
fafo paid phuck people necessary,1
hes lucky thats got,0
nice move dont get touch potus daughter,0
touch secret service,0
fool believes,0
gotem,0
guy think nothing,1
sounds like guy said dont touch me security man responds one handed show authority,1
mom,0
great job sir push super libs way,0
jared kurshner criminal,1
hes worth weight gold one,0
good job good body gard,0
watched least times making comment one handed shove,0
slow see sternum touched spine,0
legend,0
dude get promoted man handle business,0
new elite,0
keep replaying it hear molly shannons sister mary catherine gooood,0
us done jose padilla trying accost dhs secretary instead wrestled love hug handcuffed,1
entitled white bully got comupance,0
way switches back quick like nothing happened game winner,0
exit stage right,1
arm sounded mechanical,0
exactly secret service agent got trouble skorea beating old taxi driver charged ran home never returned korea,0
black shirt pushed blue shirt back blue shirt blocked protection bubble righteous,0
lolololololololololololololololol,0
would assault east asian countries even china americans 1 much,0
interesting,0
man didnt even get close pushed man little,1
protect princess,0
love seeing liberals meeting consequences,0
dont put hands secret service agent,0
dont skip chest day,0
job,1
body guard,0
show entire clip making,0
see jared turns around says good job bruh,0
bodyguards think streets dont right stop people walking wherever want walk f rich,1
daddy long legs,0
even walks elegant,0
dude lands hes gonna need connecting flights get back mean sorcerer supreme helps find body,0
could professional taser van goes quietly without scaring ivanka people,1
hot fk,0
great job,0
security detail didnt push first put restrict guy guy pushed sd guy showed security zone,0
makes want hit bench press,0
yes protect trump family,0
fair enough,0
dude needed better wrestling stance total novice,1
ivanka know daddy child trafficker oh dont care,0
dude woke permanent hand prints chest,0
ivanka corrupted husband true american trash,0
america hire security assault people reason get away nice loophole,0
guy pushed security guy first fafo,0
guys pushed first showed whats,0
shes like children corn,0
always scream always gaaahhhh always toughen go watch wnba got shoved deserved luckily shove,1
criminal security,0
warranted,0
pro response right back guarding responsibilities timing strict,0
Otta Way Punk,0
thing love short like low center gravity stocky build comes situations like its easy launch people w1ver direction want lmao,0
dude benches tanks,0
guy flew back yesterday,0
putting hands secret service bodyguard bad move dont care going lose,1
dad metaphorically thing democrats last november,0
lv brother,0
man needed back lady able wear want would nice dressed al little less provocative,1
would like see video different angle looks like wasnt anything walking ssa grabbed started move people would say thing someone came behind,0
maintaining boundaries job,0
never turn back,0
dang great grandkids gonna handprint chest birthmark,0
took shortest st class flight ever,0
tall dude got pushed pinched smaller security guy instigating shove,0
looks like body guard touched guy first,0
mess bull youll get horns,0
give man raise,0
noone got closeafter,0
reminds song legs zz top,0
one strong man,1
back romeo,0
gorgeous woman,0
guy wasnt anything security guy overreacted,0
play stupid games,1
dont show video ivanka bedroom shes years old look face looks bed release epstein files,0
excellent,0
always screaming lady make worse,1
love man dont even know,0
moment bystander actually thought dare put hands,1
one hand sent small dude flying back tell ladies yall strong men,0
dude disappeared shadow time react lol,0
poor old man didnt seem notice behind didnt like touched guard seconds must misjudged stranger touched guard vips walk among normal people situations affect normal people announcements keep way clear,0
assault sue punk,0
graves,0
overreacted little much tad bit,0
well somebody got pay bump,1
bhag gaya itana jaldi,0
least shoe,0
come person filming knew something like happeni think made video also culprit,0
India bhi aise krna hoga vipaksh ko india bhi Vote chori krke sarkar banay hai,1
amk bro buddha newly released talent end numbers dunya begging group amin yapaktim raufun movement bayilakti said get name rod enough openly still still stills azers know doiots azeri swear endlessness uninterruptedly igrenc unlence yigrenc monitory money go nature normal bir world event bide bide make yarlikli,0
thats f,0
somehow pause perfectly paint mid air still shape bottom cup wish could upload comment rn,0
black face,0
countries see bengali,0
european flag,0
Yeh India Main Bhi Ab Karna Hoga,0
x instagram youtube truth,0
good cowardly aggressor punished pay damages canceled privileges titles licenses dismissed done public adults say youth lost,0
guy poured paint hes deserve public servant hes crazy,1
face looked like toilet bowl sunday morning burritos bottle red wine,0
whats hear dark,0
world creazy,1
may opposition excuse behaviour use yoyr words criminally charged assault government official adults preschool children,0
tell alot european union bs us irish want new age hitler regiam,0
wish spoke language,1
needs hire security didnt see it,0
kopam vachinatlundhi,0
understand anything today understand english,0
freeeeeeeee tibbat,0
freeeeee tibbat,0
freeeeeee tibbat,0
reminds trumps assassination absolutely trash,0
bbc muslim broadcast service,1
losed emage,0
hes shit,1
new label corrupt officials sloppy wprds get slopped,1
maybe musk told murdoch seen snooping government computers,0
get past security,0
wtf,1
aisa kam kia pakistan koi nahi karsakta ek bar karle ec alert hojayga,0
probably progressive temper tantrum,0
yo chill,0
accept awful people,1
dude got turned han solo,0
security reaction like watching paint dry,0
like watching paint dry,0
stain society,0
bodyguards suck,1
fortunately sulfuric acid,0
reaction,0
yes,0
raise arms whos tired government bullshit,0
way prison,0
disgusting,1
rude,0
grown men btw,0
death stranding promotion,0
Bruh,0
looks like ink,1
happen india,1
oh georgia,0
acid,0
bro cooked,0
hahaha,0
hands air people,1
bandits,0
fair take action strictly,0
wrong person,0
judiciary executing konies today,1
gaza west bank palestinians condemned extinctioniran high iq population unfortunately indoctrinated godfreak religion bullshit like idiot countries except godfree nations reviled communist socialist everybody knows one rabid low iq nation run former rag trade salesman unleashed hundreds nuclear weapons usa copied vaticanised french colonial war criminals pacific test radioactive fallout destroyed hiroshima nagasaki japan begging end war russia destroyed armies terrorised china hence iran nuclear weapons like israel would mutually understood peace neither country wants wiped poisoned radioactive fallout though vaticanised american thugs might drop agent orange vietnam resurrect french catholic church colonial extortion repression rape oppression unlimited plunder hence gaza west bank palestinians dont chance overpopulating zionists wipe last woman child global war coalition godfreaks godfreaks wonder invented gods hiding,1
please palace palace check cctv sophisticated tools goes,0
venom strikes again,0
seeing beleiving,0
paint mixed shittee,0
american government sucking americans money export israel pretext defense see lot unemployment america homeless people suffering lowwage jobs countries support back israel ignore people let suffer,0
n indian politicians,0
courage needs family medal,0
shame israel,1
trump stds across world like covid mixed syphilis,1
got wear black face never got canceledthats win,1
india possible like europe western countries like,0
racist,0
guess beef security,0
shows anybody killed take blink eye threw paint,0
hes going reason cant drinks building,0
year old esigigal bangladesh killed way,0
eci recruited trained purposefully demolish constitution valuemost media keeping quiet due bjp india today exception since checking allegations directly,1
eci required declaration rahul shown allegations current voters list provided ecithey dont answer questions raised rahul,1
rahul gandhi signing declaration asked election comission first makes allegations without signing,1
ever bjp may defense ec rahul graping evidence,1
ellection commissioner arrested immediately frauds helping bjp win election,0
mr faku ec traitors antinationals faku clings power fake voters fake degrees,0
dont bluff people r nt fool,1
ts godi a supporting media by a voucher of a twist or fool na hazahre,1
bjp ec nexus must exposed,0
supreme court direct central government take policy decisions restrain pm visiting foreign countries allegations pertaining parliament election properly addressed eci jai hind jai jai rahul gandhi,0
cant even read prepared news modi teleprompter reader speech bjp spokesperson underware eci,0
ec criminals shameless,1
question let us think fake votes correct rahul gandhi clearly clarify votes casted bjp claims may majority reduced k odd numbers votes casted congress majority bjp candidate reduced k,1
verification needed voters voted per electoral roll per adhaar id verify paper digital record,0
enjoy media,1
congress leader blaming party asked resign,0
declaration idiotic ridiculous,1
ec dont put voter data searchable pdf bjp interfering ec organization,0
eci answer bjp answering behalf eci,0
eci become spineless needed n seshan like powerful must adminsterd august office,0
rahul indian citizen barred entering parliament action taken concealing citizenship,0
cec sir please furnish questions posed mp able answer pl step mockery civil servant senior level able explain fraud nose,0
days ndtv get know something like happened pathetic media ethics,1
eci answerable people india,1
ec must answer people india,1
bjp benefited questioning ec,0
bjp poke nosedoes taken ec let ec answer clear airif nothing hide counter facts deal professionally,0
bjp coming rahul asking ec really damage bjp prestige,0
election commission working like gulam jive bjp,0
mark word anything goes wrong rg next election congress come plus seat,0
people india wants know truth,1
Congress eci se question kar rahi h BJP kyu bich main aa rahi h,0
Hindi par bada gyan pelte h sanskari party ke log aaj aadani ka chrnal news English kyu dikha rahe ho bsdk,0
courrpt family party leader nautanki save family party property yesterday chargesheet ed crs property name f priyanka declared chor biggest international chor,0
rahul failed politics ever come power congress dead thats nautanki,1
doesnt matter double voting fact remain huge huge irregularities electoral roll guys godi media projecting wrong topic instead taking real issue,1
Ayega toh modi hiconfidence janta ke wajah se nahi thaeci ka support pe poora bharosa thaaisi jeet bina ijjat kepoor foreign news mein aagayabj mein aagayabjst worldjo dusro ko antineational kehtewoh aaj khud sabse bada deshdrohi nikla,1
ec answering questions,0
first give electronic data requested congress formally,0
eci rahul gandhi people asking prime minister confirm lok sabha seats bjp without manipulation electoral rolls eci pm intervene immediately instead spectator demand people,1
multiple epic one person ok eci declare epic taken vote constituency like,0
bjp benefited bjp question eci ok bjp malpactice problem bjp eci allowing multiple epic,0
wasting time discussing things person called gandhi carry valuehis actions nation simply ignore person,0
rahul gandhi true indian,1
yes mam wel said truth,0
cia game plan started,1
ec giving cctv footage ec jailed life nobody spared,0
Modi ka chamcha eci ky kr skti hai guda thodi hai eci mai da,0
public raise voice,0
rahul gandhi correct answer india bjp trying act smart big scam even agreeing election commission answer bjp well said sir election commission answer election commission support bjp bjp talking much correct election commission trying help bjp,1
Electoral Board Chori Electoral Bond Chori Vote Chori Vote Chori Vote Chori Vote Chori Vote Chori Vote Chori Vote Chori Vote Chori Vote Chori Vote Chori,1
eci destroying democracy india,1
eci wants need answer irregularities democracy redefined like,0
clearly public domain bjp eci working favour,1
paid media,1
bjp godi media voice need accountability,0
theres proverb tamil scorpion stings coconut tree hurt palm tree need bjp answer questions asked towards election commission,0
first person like rahul disgrace sick cross breed kicked country family curse nation,1
rahuls tell lies crowd say sorry room policy days everybody knows time ec clearly want expose rahul rahul every time blame trying diminish every constitutional body india claim ec saying either sign affidavit apologize nation ec procced rahul facts strict action democracy pivotal body attack,1
real efficiency election commission dog babu kutta babu ec given voting right dog,1
election commission headquarter delhi state karnataka officers state karnataka ones supposed check w1ver happens state state congress,0
india captured mafia group consisting modi shah ambani adani mohan bhagwat ajit doval election commissionthe people come road get freedom mafia group,0
rahul gandhis falsified claim pm modi stolen election force modi contest election abandoning idea leaving turf teach rahul gandhi good lesson pm modi honored countries highest national awards brought indian economy th place world uplifted crore indians extreme poverty show rahul gandhi right door sycophants unaware emperor lutyens empire without clothes running around naked sheer arrogance ignorance render unconditional apology supreme court falsifying sc observation rafale purchase sc recently pulled dishonoring freedom fighter veer savarkar sc rightly questioned patriotism running nations armed forces pathetic offender term lucky sperm club used describe powerful men owe exalted status life birth powerful family arrogance disdain others happy sycophants levitsky ziblatt write when defeat feels like existential threat politicians grow desperate spreading lies blaming rigged elections evm voter list election commission signs desperation perennial losers according yogi adityanath specimens like rahul gandhi extremely beneficial bjp surrounded sycophants fact rahul gandhi secured ls seats hidden blessing bjp achieved hattrick lok sabha seats would converted g g time forcing better leadership within congress party could better pm modi three times loser rival elections modiji set new record winning elections rahul gandhis presence make task easier,1
indian people migrated rural urban areas vote native rural areas also vote urban ares double entery fraud votes may possible rural areas rahul showing problem new old problem solution problem voter aadhar link finalization voter list e c calling objections form,1
public start protesting eci,0
sare bjp wala aisa baat karte jaise kuch kiya hi nahi saaf saaf ec ka documents se hi khulasa kiya rg reason asking oath,0
rahul gandhi right didnt answer clarifications questions raised rg,1
bjp rss eci answer chors support chors,0
dash,0
eci give data computer readable format cctv footage transparent rajiv kumar slave th std bania modi crores spent software,0
madarchut ec first shame ap supreme court ordered verify votes ec conducting mock poll,0
dont understand media guys trying dismiss claims calling political smugfest even election commission still needs answer cant deny facts blabbering need refute claims data guys too stop batting bjp might also end losing voting rights looks like youve already lost right speak facts anyway,1
bharatiya jumla party cannot trusted,0
ec resign immediately president india must insist commission resign sleeping,1
political terrorist dangerous trump,1
Rahul Gandhi Like Ediat Bruda Story Create,1
ec answering,0
bjp come advocating behalf ec ec responding,0
rahul asking accountability electoral chori eci newz channel n especially bjp jumping n trying defend eci isnt speaks volumes theyre hand gloves chori act,1
bjp coming supporting chief election commissioner bjp also one part,0
pick channel pick media,0
bjp defending ec,0
worlds fraud insititutions rss bjp,1
several eminent writers journalists political analysts criticized election commissions alleged manipulation governments credibility question supreme court expected intervene address issue,0
eci regulatory body wont prepare electoral lists task responsibility respective state governments burocracy district collectors adms tehsildars lower rung government officials like revenue inspectors village accountants booth level officers blos play actual role ground level work inclusion deletion shifting votes visavis summary intensive revision electoral rolls election besides booth level agents respective political parties keep eye oversee process theyll everything registration new voters scenario dont ever understand regulatory body like eci involve election chori mean voting theft help party particular candidate win election people also responsible errors voting lists try multiple voter registrations upon migration due lack awareness reasons errors occur lower level data collection dont understand eci responsible either errors vote theft understanding vote theft large numbers multiple checks screenings time voting officials booth level agents respective political parties yes extent illegal inclusion voters crossvoting double voting impersonating occur neither eci officials responsible except respective political party leaders henchmen example booth level agents squarely responsible reading many comments many debates tv shows one asking explain election commission vote chori behalf party matter particular candidate win election many reforms taking place set right defects electoral rolls intensive special revision linking adhaar id election id rapidly evolving solutions fast ai tools possible clean electoral rolls thoroughly lets wait till time,1
election commission give digital data guilty,0
Vote chori,1
proof also bjps twisting point,1
chor BJP,0
vote thiefs checking fact,0
godi media asking reply bjp rahul gandhi india want reply ec,1
shame bjp chor pm cheater cheating,0
chor ko puch rahe chori ki kya,1
Election Commission Chor aur uske sardar modi amit,1
ec,0
bjp ml talking baseless,1
EVM EVM EVM Sir EVM EVM EVM,0
india people already spitted scammed seat prime minister modi mps feel ashamed get sitted powers yet time resign,1
complained againt eciu prove,0
one past future come like tnseshan brave cec,0
showing fraud voterlist eci job prove r behind joining hands bjp,1
election chor india,1
still critical thinking capacity left understand isnt election commission institutions india completely compromised great ramifications going forward,0
clear happened response,0
eci right reject releasing digital voters list,0
written tamil language theft voters fraudulent solution voter list tiramic dear state government executives done election work deliberately eliminated eliminated eliminated voting criminals,0
public take action rajiv bjp leader knows truth still support bjp shame,1
reelection needed,0
sc take strict action eci,0
lap dog pjp screww india today reason damaging country,1
anchor reading news needs check residence claimed someone else well,0
Shame Godi Media,1
bjp backlashing ec asking ec,0
bjp backlashing ec,0
bjp answering ec,0
Rahul Gandhi Liar,1
bjp,0
bjp commision india im,0
election commission permanent employees rss reset temporary rss,0
whose party win karnataka rahul mad behave like rogue,1
greatest joker india,0
public believe rahul,1
congress activists confront police,0
sad see world number one democratic country election commission corrupted,1
happened nehrus time sleeping years,0
balasaheb prakash ambedkar also questioned lakh voting happened pm maharashtra ec unable provide proof rti question free fair election process,0
adani n bjp channel news channel anymore mouth piece bjp channel try anything divert vote chori issuen rahul asking eci accountability electoral chori bjp n india today news channel jumping n trying defend eci isnt speaks volumes theyre hand gloves chori,1
BJP election commission ka jalwa,0
laughable congress workers leaders still believe old young rahul gandhi,1
usual pappu exhibiting favourite hobby kite flyingbut hurting constitutional institutions trajidy,1
rahulji stated fight political constitutional rightly said let us journey constitution hue cry congress suppress violation constitution fact check ec appointed art states ec appointed according law made parliament ammendment till sc intervene parliament pass law aspect since independence pm recommended president appoint preferred person cec dire unconstitutional pt nehru eminent member ca violated constitutional dictate party objected shortage lawyer well english knowing person parliament still constitution disobeyed limine sc judgment clearly stated panel structure ec valid till parliament makes law set structure consisting pm lop cji temporary measure,0
political party support eci bjp dont want investigationthat proves everything country run fraudsters,1
modi shah bjp stolen votes thats sure shame modi shame,1
data shown,0
india democracy country,1
eci chief rough like two good people modi shah,0
elected eci accept squandrles,0
hindu bharat drohi rahul khan waiting destroy india hindu culture allow happen bharat hindu nation allow foreign riligion take bharat,1
Satyameva Jayathe,0
Pappu Ko Itali Vej Dena Chaiye Gaddar Country,1
modi vote thief,1
godial media danger too,0
steps made deep state opposition executing,0
rahul gandhi used data available ec ec states data fake rahul gandhi must submit data ec jokers running ec,1
comments people bjp congress hail godi media,1
selecting committee eci contain two members bjp doubtful,0
theif checking things,0
bjp defending eci something fishy,0
bjp people shouting ec answerable,0
sc intervene vote theft issue give justice poor common people india ie voters,1
dear media keep shame stand public truth political parties ec loss trust fact,1
rajeev chandrashekar cheating wife father,0
support raga,0
vote chori bladdy basterds,1
rghulji asked eci give reply allegations bjp replies,0
multiple citizenship holders becomes mpwhy election commission fails verify mp candidate rahul gandhi time nomination form submition non citizen rahul allowed election mp candidate,1
mumbai jio stopped broadcasting indiain powai areatoday channel,0
Royal Gandhi Rogul Gandhi Many Many Royal Salute,1
ballot paper please,0
media dead ec dead,0
ec corrupted,0
shame ec,0
election commission release digital voters list,0
rahul true ec free fare election true godi media,1
rahul data election commission election commission giving fake data election commission statement like bjp statement,1
media election commission everyone chor actually dacoit,1
regarding verification information election commissions statement lying constitute factcheck election commission obligated clarify process multiple voters registered address rectify voter rolls allegations substantiated given data originates election commission veracity information extension election commissions procedures requires scrutiny,0
rahul,1
rahul close ec sc days,1
rahul given details fraud ec data ec give explanation oath rahul gandhi,1
pappu mentally retarded person heard crack per cent indian citizen jai hind,0
rahul rahul gandhibecause adding gandhi addons survivingno use india indian government,1
posted st polling officer kolkata municipal elections whole election scam saw one guy voting name people local govt supporters tmc supporters election commission needs follow strict laws regarding elections voter list corruption never go ordinary humans country lose voice,1
what struggling prove name news,0
give digital voter list cc tv putage access people india otherwise definitely ecs default misuse votes,0
eci deletes electronic data within days give nonelectronic data people cannot check within days people questioning eci actions completely questionable,1
hope sangis godi medias turning back rahul channel asking bjp sangis crying question answerable ec ashamed say indian bjp opposition parties enough rights ask ec involved politicians officials,0
rahul questioned eci instead eci giving reply bjp acting like eci backlashing rahul,1
looking discrepancies voters list parties worried however bjp worried,0
hi gd mg india today,1
cctv footage digital voter list bangalore room voters india democracy country promise,1
stop giving incomplete information name news,1
thievery serious chargesupreme court shd take suomoto notice issue notice rahul eci serve democracy better,0
Abhe Affidavit File Kar Jail Jaane Ka Dar Hei Isko,0
Sara proof hai toh supreme court ja nautanki karne ki jarorat kya hai,0
hr saal iska constitution khatre aa jata h,0
Yeh apni dusri duniya rehta hei joke maar kar apne aap hasta hei signing insanity,0
Saal enka ye halat h socho indira gandhi ke time opposition ka kya halat hua hoga,1
FIRST ENCIES Buddha,0
chomhu papu ek bar rorokar logo ko ullu bna diya tha agar phir se ullu bn jate phir public ki galati h,1
clearly understood planetary war country,1
Hindu Never Voted Khangress aur i0e Lagta H Evm Hack Kar Liya,0
feel pity clown,1
fool bane india people elected also category,1
Tumko tmhare dadi papa ke pass bhejege,0
even mdia corrupted front mdia ask notice debating ac room doesnt matter,0
khud ki ladai laadi papu,0
bewkoof eci pe dabab bana kar chunav jeetna chahta h,0
Ye kiski taraf se batting kar raha hai bhai sir isliye hi ho raha hai hees justifying bjp ever,0
ec ko sare jawab evidence ke sath dena chahiye kyki Congress ne ec ke data se hi Pakda hi,1
hey brother ec also sir complaint demand also,0
karnataka aapki hi sarkar h sirji matlab waha gadbad hui thi,0
hearing word truth mouth mind deteriorated,0
never let country live peacefully finishing multiple vote policy bihar problem congress government karnataka tehri mistake mamata banerjee made vote bangladeshis done affidavit certificate signature keep making chutia lying lying,1
tu kyun sir ko darr rha h,0
everyone afraid except you,0
Pura BJP Election Commission Dar Ka Mahol Hai Time Proved,0
keep making noise parliament talk work,0
ask soul,0
Abe Karnatak Mai Jab Reporter Gaya Tere Pol Khol Di Bhai Da,0
naa layak chal hut,0
last years constitution danger repeating mundane lyric previous years repeat forthcoming years till ashes congress nothing horror story political history bharat furthermore funny thing one gives furry crack rats behind says,0
ab isko Vote dal na bhi bewakufi lag raha hai dahele ucc la bhai da,0
Pappu Pass Kabhi 0i Hoga,0
Baman pagal ho rahe hai maza aa raha hai,1
MP agar inke Bulane Prr Aa Gye Hai Sarkar Bana Lo,0
Iska Baap Jab Ka Election Hara Toh Ballet Paper Ko Rona Dhona Kiya Hara Toh Pahle Evm Ab Voter List Ko Address Karo Unko Unko Yakin Dilao Ki Tum Unka Jeevan Behtar Karge Unki Probe Solve Karoyge Se Acre Tarike Se Tabhi Satta Mil Sakti Varna Sab Karke Toh Bhool,0
democracy comes threat loses wins democracy become prime minister country people consider prime ministers contender adani got new word trump trump cannot anything,1
Bachapan Ham Log Ek Story Sunate Garadiya Vala Ki Sher Aya JB Sach Aya Koi Suna Hi 0i 0i 0i Eske Sath Yahi Hoga Kabhi Ye Sach Bhi Yadi Yakeen Hi 0i 0i Karega,0
jhootha hai kitna jhooth bolta hai yeh,0
pappu always pappu,0
bhai jab tere paas proof hai toh bakchodi kar rha hai sc case file karde wha toh tumhare log bhi hai,0
relaunch pappu failure,1
Abhi soros aur trump ne funding kiya hai india main bhi bangladesh jaisa haaga isle liye rahul gandhi ko bahut paisa aaaya hai sabhi sanatani sawdhan rahe,1
bhag papu,0
karnataka apko sarkar hai,0
Mentally unstable ho gya hai desh ko bangladesh ki taraf le ja raha hai,0
Ye Pagal Ho Gaya H Sachme,0
Pak Prem Pura India Block Duba Hua Hai Ye OP Sindoor K Discussion K Time Dikh Gaya Aur Bacha Kasar Sagarika Ghos Kapil Sibal Sanjay Raut Aur Gogoi Ke Podcast Podcast Podcast Pe Pura Gya Aaji Aajan ARMY KO BOLNA Pad raha ki itna saboot dene k bad bhi apne log 0i maan rhe congressio ne hamesha se fauj ko majboor kia hai kashmir har kashmir har jumme ko pathar bazi isiliye nahhi ki fahi ki fauj dam 0i hai hai hai Rokne ko isiliye hoti thi kyonki congressi ki neehi thi thi,1
Public jhata inka narrative buy 0i kar rahi fir bhi lage hai,0
Agar desh ko bachana hai sabsa paala congress ko nikalo desh sa,0
tu lofers congress leaders,0
iska kuch nahi hoga ye hum sab ko le doobega,0
tumhara bangladesh wala plan yahaan 0i chalne wala,0
pakistans target ambani congress target ambani,0
karnataka means election commission stolen votes,0
sab badi problem ye politicians hai real public ki koi 0i sochta hai bus dikhawa hai ye jeet aen inko free car free car house Driver sex Tod denge aur inke wajah se aam janta apaas mein ladti hai,1
Iske Batt Ka Koi Logic Hota Hai Kya Bolata Hai Bhagwan Jane,0
Constitution Ki Aad Political Ladi Ladi Ladi H Pichle Saal Bhi Ye Constitution,1
come public,1
mr rahul gandhi ji done excellent job indias opposition leader indian election commission made serious errors mistake bihar election duty current bjp ruling party india unfair keep mr rahul gandhi ji best wishes,1
rahul gandhi child understand person truth fight battles entire world false doctrine come eye lord,1
suggestion youll say aap party aap adami pretend falsehoodbut suggestion congress righteousness hand god almighty father truth justiceshidden secret coming fight battles evils peoples right right people congress,0
bjp government governing country unending years citizens india go ballot papers voting,1
thmilnatu MP resain ree ealaiksan thmilnatu,0
supreme court eci already bought bjp best judge citizens india,0
since years back activities ec suspicion doubt raised transparency activities became questionsome deepen strong integrity many nonbjp politicians lost defeated election despite hethey popular renowned politicians despite bjp politicians meticulous scrutiny voter list constituency team rahul gandhiji marvellous check desrves immense credit pinpoint excess votes added intention favour someone else activities ec bare attempt dishonour people election choices destroy constitutional framework yogendra yadavji presented persons ld sc certified ec dead rahul gandhiji taken tea certified dead voters great shame country persons selected officers ec perhaps minimum common senses lost surprising ld sc understand ec ec transparent independent institutionwhat steps needs done ec ro lac voters eliminated draft electoral roll facility needs provided incorporation final roll appears soft attitude paid upon ec ld sc require explanation top trio called ld sc personal hearing slackness compliance order ld sc adopted dilatory activities ec clearly understand people country awaken institution strong radder still rectified several consequences faced future artificial raising voters harassing legal voters supressing right vote people country ignore choice elect politician,1
well done rahul gandhi let next pm india,1
alleged modus operandi electoral manipulations the steps outlines structured approach allegedly used influence electoral outcomes coordinated administrative procedural logistical irregularities fabrication voter entries deploy operatives register duplicate fictitious voters across multiple polling booths strategically targeted constituencies artificially boost support preferred candidate multistate implementation replicate strategy across several states maximize electoral impact ensure broader control outcomes legitimization via voter list publication release official voter rolls containing manipulated entries establish procedural legitimacy enable logistical coordination phased election scheduling voter mobility design election phases allow sufficient time geographic flexibility fraudulent voters mobilized across constituencies without detection administrative realignment remove election commission officials identify oppose scheme thereby eliminating institutional resistance appointment compliant authorities install individuals key positions within election commission aligned complicit manipulation strategy financial suppression opposition parties freeze restrict access financial assets opposition parties impair campaign operations limit voter outreach execution fraudulent voting conduct elections wherein preregistered fictitious voters cast ballots favor targeted party candidate postelection cleansing via special intensive revision sir initiate special intensive revision electoral rolls retroactively remove fraudulent entries thereby erasing evidence manipulation nondisclosure digital voter records withhold access compromised digital voter list pretext national security preventing independent verification public scrutiny concealment voter removal data avoid publishing records voters removed special intensive revision process ensuring existence scale fraudulent entries remain undiscovered true needs urgently investigated commission led sc judge pannel political representatives media representatives unless allegations addressed threat democracy,0
karan rijju end approaching,1
rajdeep biggest fraud anyway,1
gandhi posted truth better understand expose mr rajeep,1
rahul gandhi leader working hard save india fraud elections needs power safety everyone india india live free fear religion attackif one day hindu suffer poor people,1
gandhi family fake,1
ind evening sale example judge sharma black money,0
general answersnever able defend ex eci person remain faithful organisation asked resignretire w1ver,0
bjp needs grow actually facts telling trying protect ec acknowledge effort pappu storyimage gone thanks bjp itself bjp great sloganeering labelling someone else come verbal term hurts hearts,1
ir habit congree raise frivolous charges elections constitution danger reservation danger arms vote chori neither bothered current problems views regarding unsolved problems education health hygiene jobs agriculture reforms stagnant manufacturing elector list discrepancies new since congress regime,0
ravi erudite knowledgeable pleasure listening,0
rajdeep dont think election commission come investigate least,0
man highly literally educated fake education certificate today even enemy cannot labeled papu india called india best patriot ever rahulji pm india,1
opposition right raise type allegations per constitution ruling party answer authorities allegations raised,0
dinner money gone rahul bhaichori people come back doorstep power bai year enoughlast rule history congis finished,1
go supreme courtsold rajdeep,0
congress right,1
chor team bjp,0
sir rahul gandhi long live,1
let us support rahul gandhi let strengthening corner stones democracy let support congress makes india bloc comes power right,1
modi chor,1
cannot blame relax politician words mostly intended personal gains,0
voters list given karnataka state govt congress,0
duty election comission answer questions opposition supreme powerd given ec demo crsic country nation supreme ap contestants filled complain recounting ec makenfun complaints investigation needed,1
nobody trust india today shit hole licker congress party,1
bjp spokesperson talking going court manage bihar election supreme court gives decision,0
Ajoy kumar dot thums,0
please ask bjp podcast question asking questions let cec answer mr rahul gandhi asks told cec asked bjp answer behalf cec,0
Chowkidar ki chori pakadagaya,0
bjp cheating,0
showed election commission india bjp controll manipulated departments become puppets bjp shame nation protest dictatorship like government india democracy gone,1
rahul exhibited election commission fraud brilliance frauds done congress people regime worst fellows india congressmen frauds easily found dirty rahul,1
Pappu Hero Present Lndia Rahul Ji,1
crazy bastard,0
bjp mp mohan p c shld bullshit ppl karnataka ppl india its high time realise time,1
opinion evidence rahul gandhi given else unchallengeable usual bjp excercise hiding facts misrepresentation usual story telling begun rajdeep sardesai try find facts investigate matter fully appoint ppl group journalists job mission sole mission shld find truth spirit high quality journalism target shld bjp always hides facts mislead ppl stories try kill evidence best cud thts hv survived adani episodes charities given bjp businessmen raids ed harrasment police income tax raids white washing everything money received bjp coffers siimilar tactics employed bjp party time also rajdeep sardesai seems trying help smoke screen calling rahuls revealations smoke bomb let alert journalists allow let ruling party know time around journalists alert question support journalists journalists owe nation,1
bjp killing democracy since one,1
bjp party blatant liars fraud cheaters corrupt cowards political comedians one proof among thousands things,1
silly jokestill child,1
rajdeep sardesai joking calls smoke bomb think presentation whole matter smoke screen rajdeep fears open worms calling smoke bomb,0
rajdeep sardesai call fulzhadi serious also like journalists playing upto powers,0
except rajdeep takers think pappu working deepstate usa reason trump couldnt get entry agriculture dairy trade deal thats tamasha create mahol,0
rahul gandhi jindabad pect,1
aeh bevkoof rajdip stop crying foulu always pm modi,1
good questions sir,0
much evidence people still defending bjp,1
ec instead justification show data rahul going court court government,1
citizens india come street like bangladesh,1
voters list definitely manipulated votes fraud theft votes indians need electionuc data ec hesitate give electronic data clean ec helping bjp punished court law,0
well done rahul gandhi,1
solet complaint written competent authoritynot making chaos houses,0
rahul gandhi bravest indian,1
showing fake evidence since birth get dna checked,1
congress minister karnataka mrrajanna told done congress rule,0
please stop interacting rahal premature attitude rahul messup nation,1
stop antics mps india lost indians hindutva people took away truth proclaimed intellectuals since none deafblind heardseen deliberately turned blind eye good days regain undressed running road shameless manner beating hired police stole india wantcan start indias second liberation freedom struggle apart point antics anymore intelligent people appreciate comedies,1
shame rajdeep saying fake news national midia,0
channel never think india,0
election commission hold responsibility clarify rahul gandhi talk behalf poor voter shame india,1
jai rahul gandhi jai congras,1
removing citizen voting list denial human rights never thought gov institution perform criminal act court asking evidence one evidence enough accuse criminal charges joke justice corruption,1
real pappu self declaired god,0
cant consider modi prie minister hindutva terrorists safe guard position vote chori,1
embarrassing see antinationals come power mankind vote chorai first threat democracy survival country country number one enemy,1
pakistan tiny,0
yrs new voters,0
ec ever ruling partys order world india knows well,0
lost full faith election commission india voter friendly election commission india give affidavit rahul gandhi,1
barbaric janatha party,0
ivare oru thirudanthirudanum thirudanum serndhal,0
hindu danger democracy danger rights danger youth future danger constitution danger votes value frauds bjp scam manipulation possible bjp rss referee ec become striker player bjp,0
possible complain time chor say yes people country complain time year doubt answer correct,0
whyshouldgo thecourt ec rectify mistake reply,0
ec providing dele ted voter list bihar state,0
bjp spokesperson even realise data ec effectively proven rahul gandhi completely fraudulent bjp understand fraud india indians answer one expects incumbent govt impeccable proof form bogus voter entities rahul gandhis frustration govt fit rule cannot even see citizens need accountability answers insult india indians electoral process shrug allegations personal frustration,1
backhole,0
mr sardasai dont un patriotic bad fellow,0
session election fraud revival india blocka journalist like u divertingelection fraud opposition ittihad,1
God bless mr rahulgandhi,0
election commission bjp commission,0
someone needs update circular sent bjp nobodies term pappu child doesnt work anymore infact think modi someone mentions term pappu people awaken stupid thanks continuous struggles rahul gandhi,1
but bomb defused ec,0
hitler commission,0
People India Pappu Made Papu,1
elected mp mla india ec voters,1
Best PM Rahul Gandhi,1
wife dor congress fieldular,1
whenever feel face deafeat election start blaming ec voter machine,0
bjp rss always targets nehru indira rajiv sonia rahul indian national congress emergency etc etc shockingly bloody election fraud glaringly committed india bharat great voters unpardonable intolerable greatest betrayl make stand full bench supreme court judges historic deliverance judgement,1
evms cec state ecsed cbi rss police crpf election duties godi media nda govt delhi indian voters forced learn best historic case supreme court take sumoto basis sense genuine justice felt great judiciary full bench sc judges honour,0
feel billionary much money family made presidency,0
laras pretty hot,0
lara trump man,1
least didnt sing,0
Lara CNT,0
epsteins delicious secret isnt secret president paedo needs go,0
inflation taking accelerate president paedo gets tax cuts pressuring jerome powell provide powell knows president paedo bloody idea,1
direct result tariffs businesses increasing pressure job numbers falling layoffs lag period companies dont want lose people invested layoffs increasing american agriculture serious trouble bankruptcies farmer suicides doubling since year ago,0
tariffs causing money topour overseas tariff revenue piling paid american companies consumers lying bastards,0
go hell lara botoxed viper reality president paedos economics failing fox covering lot,1
study comments animals nature science man thanks,0
might want inform donald trump cocky demands upon v putin reason trump still alive putin letting donald still alive,1
shes right us falls control dictatortrump era world world dies end democratic republic,1
opinion want deport illegal immigrants ice arrest hot cause unnecessary conflict ice gather forces coordinate national disease arrest cold criminals slave traffickers drug smugglers guard ice army raided arrested everyone put car deport precaution governor gavin newsom ca state la mayor karen bass democrat party released criminals went night destroyed evidence,1
whole trump family crimes family united states israel illegal immigrants anchor babies,1
like lara trump voted fatherinlaw three times would could said like nails chalk board hear lara talk fatheriinlaw refer donald trump aware relationship try talk refer fatherinlaw feels weird,0
release epstein files enough redirection every day something new shocking change headlines trump idiots hoperelease epstein files,0
latest version trumps moodcontingent tariffs took effect thursday prompting trump postboast two minutes midnight billions dollars tariffs pouring us skipped part american companies pay tariffs soon trickle consumers form higher prices feel painmagamorons,0
trump arrest putin alaska using valid worldwide icc arrest warrant trump get nobel peace prizewhen brings putin justice timeend ukraine war brilliant trump indeed march following investigation war crimes crimes humanity genocide international criminal court icc issued arrest warrants vladimir putin president russia maria lvovabelova russian commissioner childrens rights alleging responsibility war crime unlawful deportation transfer children russoukrainian war warrant putin first leader permanent member united nations security council google ai trumps chance hero hes always dreamed mr president get putin step plane alaska seize place history arrest russian butcher putinput cuffs make america really great stop useless lying pzoshzt always mr trump stole solid gold fifa world soccer championship trophywhich proves takes seize murdering slob putin praised worldwide hurry better braver world leadersgrab time trumpjump,1
supports pdo father law,0
lara please tell father law fire real estate agent,0
talking one cares comes mouth shes important,1
never trust russian,0
trumpstein files botoxed bimbo,0
nice botox stick something ears epstein files,0
see next tuesday lara,0
trump league putin,1
liar lara loves child diddlers go donnie go,1
trumpstien tapes ill unzip ahhhhhh whre,0
hunkydirtywhooorbottom,0
location secret clear good thing,0
father law epstein relations underaged kids,0
thought charlotte flair,0
remain flying irans colors flag peoples commandment mother political decree future constitution supreme law proctorship republic system prs pervasive economic plan pep unique parliamentary proctorship method iranians never feared usa neither past today great american nation fundamentally distinct tsarist russia soviet union communist china even putins russia iranians dread israel recognize adheres foundational form democracy turbulent middle east two influential states steer course events todays middle east assuredly stand risen people iran cause never act resolve irans overwhelming majority especially pivotal historical moment america israel oppose irans freedomseeking masses wager doomed political gamble prop despotic toppled cabal hired enforcers god bless globizens long live iranians long live iran victory revolution iranians freedom political democracy social justice economic welfare,0
its one thing its minor incursion end fight et cetera actually theyre capable force amassed border going disaster russia joe biden,1
fox noise pathetic,1
great job young lady,0
orange clown releasing epstein files elon musk says creapy pumpkin,0
one world leader putin afraid angela merkel,0
release epstein files trump dirty dont get distracted,1
trump meeting putin gift putin trump gives putin exact location meeting trump going location ahead putin greet sotrump allowed closest range putin quickly strike trump location alaska hope trumps meeting brings change hope americans,1
trump ready sell ukraine drain trump conman trying con world believing wants legitimate peace really wants kiss putins behind gain favor trump wants moscow trump tower sell soul devil get,1
somone ask trump release epstein files maybe meets puttin release trump pee videos time,0
like jefferyhes good friendand likes girls younger sideso commonokback lara bubblehead,0
donald wants give away ukrainian territory us war would give red states peace gave several red states china could trump end war hours,1
prediction next week president trump authorize issuance substantial number permanent visas russian nationals permitting establish residence alaska,0
hahaha roti canai anyone roti prata either way look it flour wheat flour plain flour ghee diff fill stomach people stomach people filled stay hungry drink tap water,1
were entering dystopian era reliving history yay,0
era world begining normal people hell never end demon saitan,1
socialism philosophy failure creed ignorance gospel envy i0erent virtue equal sharing misery winston churchill,1
trump see friend putin soon,1
maga end world order,1
jeffrey,0
laura trump absolutely butt ugly,1
traitors trumps,0
manufactured blowup maga doll face without thought without shame mans wicked dream brainless woman,0
trump propaganda trump never america smaller,1
option illegal protect rights american governments laws mandates fact entity founders warned us option contrary popular belief protecting ones rights american illegal governments laws mandates may seen entity founders cautioned option culture would believe illegal protect rights american reality governments laws mandates thing founders warned us best,1
maga stands principal molesters given amnesty,0
oh sure lets totally trust new agreements america budapest memorandum looting ukraines disarmament nothing says reliable partner like obama handshakes trumps giftwrapping putin,0
please maga make clear trump want trump release epstein files epstein philes keep ghislaine maxwell prison,0
hmm sunday oops djt missed church prophet trumps rapture donald meets pageant girls says youre going feel rapture seconds later theyre asking kleenex christian trumpers pretty loose boundaries,0
botox lips ouch,0
buccalface hard watch anymore,0
lets face facts cause human stupidityour i0umane behaviors animals nature says planet needs go,0
stupid person telly says lot,1
trump putins lap dog usual concessions come ukraine trump krasnov,1
lara trump thank intellect helping president trump get elected youre smart cookie,1
human tenants n aliso viejo ca apartment community n made alot lives hell,0
putin kgb thug evil man total lowlife loser also american military technology far far far superior anything russia china produce,1
social security needs big beautiful raise take care country first,0
put dopey donny jail,0
treason treason helping enemy even smallest ways still helping enemy wed ppl sending money ch start things taiwan,0
pudge boy near end,0
show epstein trump files,0
tragedies see black children teens kidnapped white teens white men tortured fun kids taking trash jobs truck would pull fun children walking younger siblings home school come boys list goes pray live hear read see nothing justice still happening day loud,0
putin cornered tiger,0
need palestine gaza,0
shut bi,0
release trumpstein files,0
let get straight trump bring russian home send legal american citizens elsavador,0
chick cant sing two cats alley getting sound better,0
see rear view mirror trumps disapearing dust,0
doesnt fox fake news report epstein trumpanzee stories show world trumpanzee teenie weenie teenys,1
trump one best presidents time,0
foxs embrace authoritarianism dishonors legacy brave americans risked everything world war ii defend freedom democracy fox national poison,1
trump stops never ending wars fools call epstein files may may exist many criminals keep fill crimes yes victims deserve see assailants prisons however authority arrest prince england bank england executives people like bill gates safe places hid world peace way important thousands die week war goes get distraction,1
lara trump wonderfully fresh incredibly honest breath fresh air world news thank lara,0
meeting putin trump back like little bit,1
women,1
lara queens ny voted trump trump epstein long time ago dont think would hurt air get unless really bad leave alone love show thoughts,0
ye know nothing larry trump youre opinions completely irrelevant real world youre mouth piece daddy trump,1
sit long enough gop fox segments know moon green cheese convincingly even,0
please show strength see weakness,0
nuclear subs used second strike reach ballistic missiles around sea miles tells us trump idea talking,0
american system since rr directing wealth upwards expense working middle classes corporations wealthy fully captured us political institutions bottom us less nations wealth need careful making struggles people today mainly personal decisions without looking economic context reality america remember modified inflation calculated minimise hide raise family today without two incomes side hustles populism right left result people losing ground told inflation low everything going great stock market everyone knows something wrong populism side effect,0
dont believe zelensky wants peace,0
era america strong strong allies yes trump destroyed,1
many calling taco,0
trump already trying silence critics including pressuring social media platforms please help build audience beyond social media subscribing newsletter join free paid want support work plusbriantylercohencomsubscribe,1
mara lago minor league developmental training grounds models work epsteins island,0
waiting trump say girls werent adult people,1
hey dont taking underage workers creepy af,0
free palestine thats usa helping gaza,0
triple h avout fuck lol,1
presidents bos heavy doesnt even say,1
triple h right side,0
Tryandblamewhoeverlieingpieceofshit,0
lier,0
loved opening video shot three stooges alpha head stooge middle look lost,0
trump pedophile epstein files says doubt promotes branding pity american democracy,1
anytime gets pushed turns childish name caller,0
sleaze like trumps crimes trump bullshitting way punishment usa justice abomination called trump,1
make laugh people complain trump fricken never put office locked away months election one anything nothing dont grandma use say shits creek without paddle,0
perverted guy representatives country huge evil criminals,1
christianity pdfs go together like bread butter,0
hes snakenass liar,1
dont believe anything says anymore,1
always fake news fake leader magas guys joke,1
anyone expect trump tell truth,1
hes idiot dont know waitno one talked wait answer yesa fucking mourn long people going continue lie still support asshole beyond insanity living,1
weeks ago chatting friend manifesting never seemed work id tried many methods still felt stuck heard book called manifest unseen luna rivers podcast hesitant first reading chapters realized much missing evas approach different anything ive ever tried its thinking positive its aligning realworld actions bring desires reality ive manifested opportunities never imagined possible mindset shifted completely youre frustrated like dont hesitate read book change everything,0
im begging anyone whos even slightly lost life read manifest unseen luna rivers im kidding say cracked open best way im crying healing evolving,0
nice,0
comment section probably wont remember maybe someone scrolling needs months ago hit wall nothing made sense bought manifest unseen luna rivers seeing yt expectations chapter chapter broke something open motivation momentum wishing too,0
anyone underage women girls children,1
five days later kusts names,0
godless american president company wall,0
pedofile supporters men standing behind orange man,1
believe list released dramatically change america,0
old man mad taking young girls,1
trump lier never directly spoke indian leadership bringing ceasefire indiapakistan conflict started claim brought ceasefire rattled brahmos strikes india pakistan came running us help refusing initial ceasefire offer india first strike pakistani fed terrorist dens call help pakistan marco rubio called india told pakistan needs ceasefire need speak directly indian director general military operations ceasefire happened mr trump never played role falsely started claim brought ceasefire offering favorable trade deals countries rubbish india didnt agree lie egoistic trump started work india unfortunate us egoistic lier like trump head,1
go trump getting mercilessly destroyed months frankly shouldnt wanted job knowing compromised hes actually entire world enormous disservice hes completely fking regads treatment russia worlds powerful nuclear armed nation dont care epstein years ago absolute recklessness dealing russia could result ww ukraine part soviet union decades slavic people people russians coaxed kill war ukraine fault disastrous us foreign policy period trump day one like promised halt us involevent war period every level munitions intel money nato members would time bail well ukraine would capitulate months peace agreements would follow war would die get opposite,1
liar,0
love child man always belittle insult anyone asks question doesnt like real leader would enough selfassurance feel need,0
still single ooptein island visitorgrapist named arrested charged prosecuted imprisoned weird no one law let us forget worlds governments bunch pdfs,0
youre full shit,1
triple h like omg cant believe father law like,1
working,0
oh maga absolutely dumb believes shifting droves back defending master starting regurgitate democrat hoax routine cue,1
didnt obama joe biden release files think trump list would released ignorant,0
wow comey musta crystel ball made way back early epstein creat files dont know someone didnt think conspiracy claim thoroughly but know scared maggots believe lose privileges know crtcritical race theory look ask siri google anything want fact checked fact base something biased,0
trump poor liar best poor liar best poor liar world ever seen,1
rape,1
triple h next,0
americai dont understand anymore elected man hired age girls spa accused stormy danielle among others man slogan grab pussy w1ver want trumps response anything confronted isfake news america let get away everything wait anyone try charge anything country civil war break,1
always fake lying bullshit,1
dude supporters beyond embarrassing country real problem trump supporters voters responsible going gone,1
sure donnie doofus sure,0
pedo trump slowly revealing creepy truth,1
hhh looks little uncomfortable trump answering question wonder,1
would hhh want seen next punk president,1
omg going make full year presidency absolute idiot became president cant understand,0
like way elon thew djt bus,0
republican congressmen stand trump epstein files complicit charged,0
fake fake orange face walk around,0
trump knew epstein maxwell abusing facilitating abuse age girls prior employees poached epstein maxwell trump would complicit abuse former employees,0
spread medical records internet yet wont release damn list take vote back im man blinders offnobody accountable anything say do,0
triple h standing side trump miss,1
younger mean children,0
fake news would say serious question,0
lie lie man,1
trumps sexy diaper girdle foley catheters bag piss strapped leg girls cant resist him,1
cohen sounds like knows stuff hope realizes trump always narcissistic antichrist prison long ago cons felonious mockery apprentice show,0
hhh next trump holding news conference white house linda mcmahon education secretary national nightmare,0
ha ha good liar always get caught,0
praisemedent trump knew jeffrey epstein theyve friends since,0
virginia conveniently dead,0
sick square bad bad predicts shame,1
dirty reputation responds know go around,0
holy shit triple h secret service,1
takes people,0
age girls working resort spa naked people,1
trump escapes list know its fake news,0
much time energy wasted list come probably along everyone else people going say told nothing else happen wait,0
effing liar hope worst trumps even special lil barron,0
trump guilty sin serious mental health issues,1
donald trump knew jeffrey epstein taking papers lying said dont,0
donald trump biggest liar ever heard cant trust word say,0
whenever ask donald trump question note answer must assured yes cause never tells truth,0
donald trump worst president worse nixon,1
entire history justice department never transfered convicted child sex trafficker easier prison child molesters running maga took,1
incredible putin child molester,1
whether spa spa knew right spa knew epsteins mo,0
cant answer good legitimate question without commenting fake news one worst hes slug,0
wondering donalds policies affecting oath keeper proud boys etc want see epstein files still support,0
please get r vs release information related files anyone participated handled grotesque criminals,0
please keep story alive sex offender needs responsible actions,0
pure utter dirt bag sounds like maralago front shipping young girls around world stop asking liar tell truth get new president release files,1
years trump thats got melania,0
history known long time cant anything release epsteins files girls stolen giving away good friend,0
greatest nation assss,0
guy telling doesnt know telling trying put somebody else calls everybody fake news afraid know going cover trump justice department trump tells change say trumps name,1
look guys around evolved,0
wouldnt want release anything would,0
Ki budhiya ko bhi pati mil gya,0
Similar relate,0
slut wedding cucks invited,0
definitely wrong,0
front activated,0
god always makes way,1
sara chor eak hi frame mae h,0
feel renewed watching,0
opposition party mps creating unnecessary nuisance elected behave properly manner problem go court behaving slums market place also public knows protesting selfish reasons public benefit dont agenda palns countries future agenda oppose central government anything everything honest tax payer fed antics opposition parties pathetic situation,1
congress,0
gandhi group silent illegal bangladeshis pakistanis staying india,1
see flat face mahua fire without cause married rahul knows worth his,1
change required appointment cec,0
indian opposition parties usa donald trump public careful idiots,1
wah aam admi ko fark vhi nehi parta sirf mps hi protest kor rahe hai,1
ec embarrassing committee,0
happened bodh gaya protest stop abused police forced stop protest took main figure protest make disappear many days bjp much controlling fraud stoping justice police fault listening orders supporting justice,0
godi media trying hard save masters,1
Angrej ki aulad hai or hum bhartiya h hume kuch kuch smj nahi aata jai sanskriti hindi ki,0
american funding protest investigated,0
clearly american funding disturb indias growth,1
love relentless,0
Bagwan sabhi choro se bachye sadko pe hangama karne se kabhi sarkar nahi bana payege court q nahi jate,0
want types traitor thieves going protect fake voter people said narendra modi thief crazy,1
pray everyone watches feels love,0
agains ec ec become servant bjpmodi n shah butboth criminal together yogithese baduck india,0
tda ic,0
admi party,0
democracy saved fromthese liars maligning rights achieve march instead filing affidavit election commission course know lying caught big drama protest without iota evidence plain allegations allegations hold nation ransom poor losers come raising issue states,1
opposition march fizzled one karnataka mla informed voters list prepared congress power,0
chamiyagiri karwao inse bus democracy strong people want bjp power india block trying replicate bangladesh model india probably funded big powers usa,1
god coward government,0
Indra Gandi Yaad H,0
democracy dictatorship,0
signals end modibjp rule achieved fraud,1
students also protest,0
shameless bjp eci,0
Job ec ne election agent nko rights diya hai voters list check kar ke apna khetra ki Voter nko clean chit dene keliye fir ye randion ki nach kyun nach rahi nach rahi hai congress peties gaddaron ko nehin denge,1
modified must rejine,0
demand president rule,0
Papu khan,0
govt bunch cowards use govt machinery hide atrocities cannot confront face face fascist bjp party,1
murder sinners modi amit shah election officials,1
rahul gandi like source turst complete trust bro,1
shame eci,1
election commission done anything wrong dont come clean something fishy infer,0
election start,0
please ya police police im pito,0
permission,0
pahalgama single police security personnel date terrorists killed innocent people opposition elected leaders peacefully protesting save great country present evil rulershuge police forces deployed cowards shameful,1
Media dikh nahi raha hai,1
govt scared non violent satyagraha govt india Needed satyameva Jayate,0
godi media hope delhi police instructions amit shah arrest mps nsa uapa bjp remain contest,1
rahuls one man one vote highlighted,1
Balot Boxhona Hain,0
three dinosers go back,0
police complaint court rule law judge indira gandhi rule yes police yes complaint yes court yes rule law yes judge modi rule,1
west bengal central government support traitor,0
dismantle eci bring back democracy,1
modi chor hai modi bjp abused power appointing election commissioners elections rigging cheating polls,1
india today fact check rahuls vote chori claim bring facts public,1
BS Ye Log Back Na Ho Aur Lage Rhe,0
modi bjp till amthen surged delay counting evoter list cctv forms c election house function gyanesh kumar thief wont confessbut innocent dont hide proof,0
people opposition fraud votes done ec,1
cancel mp election,0
bjp destroy india,1
Jai Congress Jai Bharatacy,0
cancell elections since reconduct elections,0
ab jan seilab aayega,0
illegal prime minister post modi get pm post country needs accountability think india democractic nation fascist undemocractic proving many evidence given else need,1
use blocked public road,0
booth level agents appointed specific polling station areas recognized political parties rahul never said document booth level officer ec misleading,1
finally opposition back well done,0
losers,1
bekar pappu party,0
wow paramilitary forces restrict opposition mps also representing nearly indian citizens people india watching,1
king pen need pump,0
need mexican president run united states iron fists like kelly away ms th street america could,1
america playing games people still fentanyl control people president trump needs sign law legislation americans right stop kill people sell fentanyl country,1
corruption corruption release files mmmkay epstein,0
retaliating former utah senator romney lds family got caught international cartel exported drug exchange routes called mormon mexican war vice documentary particular subject post obama presidencybthey battling turf years,0
part invasion constitutes declaration war,0
didnt million useless drug addicts wouldnt customer base anyone considered course provide sterile needles thats kind stupid,1
war drugs thats pretty funny,0
start cartels us theyre called pharmaceutical companies make america great ass like getting rid every drug entering us spawn homegrowns,0
shes stuck rock hard place,0
mean cartels take familys politicians cartel familys fair game end story turn cheek destroy aggressor never happens,1
lets real pocket cartel,0
trump outstanding job,1
cartels run mexico one big cartel end,1
gonna time conquer mexico,0
baby boinking cartel pockets girl playing dress pretend president,0
quite literally mexico going move,0
trump show cant stop cartels damn sure cant stop america,0
trump wrong america badly needs clean drug scourge street crimes guns specially illegal immigration trump got power guts let,1
nah screw cant handle cartels country well guess america take care theyre enemy combatants murdering us citizens,1
message every single person thinks usa enter another country usa usa cannot enter invade another country ability believe right military power mexico sovereign country since mexico vulnerable country mexican constitution specifically saysany invasion weather military air land foreign country act war includes drones spies mexico became sovereign country countries like spain french americans invaded mexico spaniards invaded mexico fought mexicans lost french invaded mexico mexicans fought french lost americans invaded mexico stole half land even though mexico lost part land peace treaty signed mexico resisted eventually able protect rest land taken away americans course mexican president allow usa enter mexican territory working cartels part cartels usa americans focus cleaning backyard instead talking tough talking invading mexicothe usa crack democrat political drug cartel associates usa usa invade homes bank accounts usa massive arrest sweeps drug dealers people usa needs stop using drugs usa needs thing president el salvador usa needs bukele plan asap mexican president dr claudia sheinbaum cracking drug dealers since took office mexican government top security chief arrested multiple drug cartel ring leaders associates problem usa mexican government president mexico sent formal legal letter democrat biden administration demanding return deport criminal son mexican boxer julio cesar chavez allowed criminal live studio city california even illegal wanted mexico even allowed box vegas really drug cartel ring leaders mexico damn sure president mexico,1
mexican president part solution shes problem going america uses military,0
loves cartels maks money,1
invade mexico fr president scary,0
gulf america country stays busy sending drones country,1
trump go criminals cani cant believe stupid mexican president resisting help,1
title,0
drugs mexicos life force,0
lol biggest cartel within us government example week mexico aprejende dea agent smuggling drugs us anything stop drug lords,0
mean shes drug coming trying kill americans,0
must love cartels protect something,0
guilty words dont meaning deem neccessary stop cartels invade regardless disagreement filthy criminal,1
comments reflect modern time hypocrites doubleface consume drugs get rewarded government comments disgrace whole core stop denying like drugs blame cartels whoever millions drug dealers home idiots,1
one,0
alot corruption kkk white house whats difference,0
china russia help us,0
done quietly news catch wind,0
continue think big pharma another legal cartel name healthcare lets even mention big petro may go get big picture hope,0
tell mayonnaise stop smoking lmfao looking like raid sprayed cockroaches lol,1
masked legal cartels usa one mentions drug issues home hidden behind big local multinational global corporations funded big financial laundering institutions oh called reformed millionaires philantrhropists mafia never disappeared became educated degrees appearance professionalism sophisticated well mannered reformed well connected goverment politicians oouch maybe might hurt delicate feelings well said long greed corruption hearts evil always exist,0
gulf america man,1
better keep mout shut let us army go favor whole world,1
different mexican president corrupt bone,1
works cartel,0
mexico use military force texas immediately unconditionally surrender mexican territories,0
president cartel screw nothing puppet,1
interesting jewish mexican president invasion,0
thats okay know really trusted,0
issue would involve lawyers military goes cartel nothing anyone,0
american people noone putting gun head stopgetting high called freewill,0
everytime put fentanyl heroin crack streets like dropping nukes communities getting jobs bringing dope thanks reaganomics years horror drug st,0
america dumbestgovernmenton planet earth let enemies get rich turn around use money destroy,1
shamebum rejecting security mexico citizens much ask wow chance securing country free doesnt want must dumb working bad ppl,1
mexican president likely mooosaaad agent whos goal drug america turned zombi high nation easier control,0
didnt keep getting arms cartel would stopped taught lessons keep getting better weapons government,0
its gulf america,0
think meant gulf america,1
president trump idiot,1
osss makes boths side look like r us inside mexico since forever trump looks ignorant country saying wants start like submarine story mexicos president knowing,1
gulf america,0
mxico wont anything thats main export,0
america tries invade big daddy china going join fun bye bye america,0
us military going get drug cartel buddys,0
usa stop sending guns car,0
mexican president part cartels,1
people would drugs would talking,1
gulf americas,0
another excuse invade another country like always yet usa one funds cartels weapons clowns,1
serious military attempt get rid bigtime criminals affect countries negativelyshould looked mexico blessing seems might involved perhaps threatened cartel,0
gulf america mexico,0
every gringohow stop using drugs offer demand theres demand offer gringos ar bunch drugadiccts first place stop using cocainefentanile way guys know stared consume fentanilit farmaceuticals nobody talks bunch hipcritas,1
anchorman called gulf america gulf mexico interesting,0
cartel told say shes bitc cartel,0
trust nyt someone fool,0
gangs thrive governments failed abandoned citizens,0
fox propaganda,0
needed pressured trump,1
mexicans mexico ready waiting big oportunity long time defend country lifes nothing lose everything gain bring,0
trump smart cuz got rid illegal criminals usa first going foreign soil cant retaliate hard,0
ur cancer cartels want things effect inside usa problem especially since u dont want anything,0
cartel america,0
ms president claudia let white devil immigrants invade youre well,0
invasion knew give ass said,1
Kingpins USA,0
trump greatest president since george washington long live fearless leader trump thank keeping america safe,0
way dont start us want resources mexico,0
lawyers whose lawyers mexicos cares country parasite end mexican crime spree,1
reporter needs correct called gulf america gulf mexico,0
manual noriega,0
c activities,0
mexican president better something else leaves trump option cartel mexican govt dont see anything,1
dirty tell said,0
dosent matter say,0
us stay mexico would mistake,1
mexican president payroll drug cartels,0
sheinbaum cant fight employer else going get paid,0
guy acts like wife wants affection,1
president trump thank sending troops dc need,0
fatigue real,0
go al loves race baiting hes made good living,1
trump cant pursue agenda failed democrats journalists say distract epstein please stop making stupid conspiracies supposed list existed biden would used prevent trump becoming president dont smart realize question failed globalist sellouts bidens four years never mentioned epstein youve tried everything overthrow trump havent able wont able incompetent leftist journalists maga,1
tired blacks,0
trimp jail dictator people want king dictator,1
ppolitics donald trump annoying,1
weaponized obama voted get blacks,0
democrats anyways someone give local answer,0
im crazy,0
im watching youtube id requierements,0
insanity,0
sooo deploy national guard address dramatically lower crime rate washington dc dont deploy stop jan th insurrection capitol invasion coup attempt makes perfect covid sense,0
anything deflect epsteinlol hopefully make look tough lostin head,0
black brown folks begin take accountability crime committed black brown children communities wouldnt targeted model citizens treating others kindness respect means complying laws obeying respecting police valuing education priority waiting married children true false,0
history show administration manufactured chaos trump nothing good offer vision ideas tearing others built blaming others shortcomings generations taught nothing pathetic con man failure,1
biden al sharpton articulate advisor,0
next time dems three branches dc become st state,0
black brown blue everyone wants safety security defending,0
cant believe sharpton station crap,1
this reply white house members need locked especially potus,0
going reveal epstein files none redacted start first,0
dc mismanaged like democrat run cities,0
making city safer racist msnbc,0
black asphalt street racist libs,0
sharpton one biggest racist ive ever seen put fathers back homes,0
many trolls full force,0
another distraction pdf phile,1
money al took licking trumps boots years,0
walking capitol akin carjacking murder,0
inside brawley,0
hes putting combat protesters its get loud,1
race card dead al sharpton,1
amazing every democratic run city violent crime problem usual cry race trump wants fix its leftist created projects crime ridden full uneducated blackswhy days like blame democrats,1
al grifter sharptonspews msdnc yea sure w1ver,0
lets get race baiter cheifs take black democrats allowed dc turn shtshow trump clean another dem mess,0
black democrat mayors track record corrupt overall terrible,0
law enforcement aint problem its problem good,0
president trump makes dc area totally republicans may look invest home area looks florida may reside,0
thank rev,0
race hustlers tizzy,1
rev al bundy started criticizing trump orange magat wouldnt bundys sugar daddy,0
quiting,0
white fatigue,0
sharpton irrelevant joke,1
think al paid back taxes could nice big briefing room white house,0
imagine mentally broken youre mad president wants protect law abiding citizens left completely irrelevant take dumbest position everything,1
remember failed policies progressive socialist party keeps pushing real problem maybe elected person actually wants keep citizens safe instead trying protect criminals would never happened,1
biggest liars american alway loser alway carry name,1
scum always rises top need deal,0
anticonservative liberal leftist operatives working youtubegoogle censored scathing rebuke racebaiter al sharpton disgusting crimeridden democratrun cities country leftists afraid dealing truth afraid acknowledge fact liberal democrat politicians failing,1
as prepare better election year must remind god mantle glory need politician next get ready school people,0
project want eliminate black brown voice america rather using scare tactics like brining back confederate statues renaming bases confederate generals erasing black man history military books rounding latinos sending back want america white possible resistance congress issues,0
race card isnt working anymore,1
statistically blue cites higher crime red cites,0
coast open,0
president trump acts within law protect citizens lawlessness chaos left insenced,1
dims approval lowest decades,0
real crime trump eyes mayor dc women african american,1
remember governor hochul deployed new yorks national guard patrol nyc subways,0
Pardinning Jan Rioters Ehat Joke,0
dont care its blue mayor black city theres much crime perhaps mayor better job wouldnt happen seriously many black citizens victims crimes race baiting garbage propaganda divide incite violence people dont like victims crime,1
proven fact democratic partys want crime streets flourish town became horrible last democratic party,1
tax cheat al,0
blue run cities allowed anything citiesim fully move trump,0
black fatigue,0
racist incompetent left hilarious,1
overall crime rate hasnt fallen reporting police want defunded fallen,0
crime dc alltime low apart count politicians,1
distraction epstein files stay focus people,1
turn dc welcome occupation hopefully show courage jan th,0
thank trump,0
epstein files,0
bowser sharpton walk streets dc dark couple weeks see happens cry crime luxury apts private security,0
seriously remove criminal presidency nonpediphiles dont even compare trump,1
kathy hochul put national guard nyc subways whats big deal putting dc hypocrite much,0
hey rev al sharpton little boy accuse back,0
dc state federal,0
jessica denson hs discovered could able mess voting machine easier thought guys stole cheated lol dude corrupt gets,0
black mayors la sf chicago ny dc disasters bc black,0
msnbc always putstheir favorite racist tval sharpton one worst democratic racist is,1
truth hurts left,1
black mayor job trump wouldnt need al,0
release esptein files distraction,0
trump protecting epstein outrage w1ver files must baaad,0
looky squirrel,0
never seen al sharpton smile bigger diddy party photos,0
maybe national guard help find epstein files,0
unable deploy national guard insurrection easily distract epstein,0
beauty trump always gives lengthy press conferences listen trump speaking instead listening theses democrat losers trying best change narrative,1
demrun cities crimeridden hitholes,0
always race black community washington dc ecstatic new regime thats gonna put place make washington dc much safer place live,1
much crying morning,0
another act pr distract multiple failures,0
main cause crime dc trump regime,0
wonder much crime dc maybe criminals invited walk right wide open secure border vegetableinchief thought good idea maybe one thought would lead votes years,0
city run ground radicalized democrats supporting blm president trump take garbage,1
bkit well son marcoleta joined nrin politics dismissed violated inc policy,1
political clarification anxious spending towns money,0
partylist sara wants rescue impeachment responsibility,0
lke father like son may tapa ohos like horse,1
didnt notice words cayetano marcoleta sara maybe could answer confi went fund sara,0
Hay naku,0
hobb control investigation,0
long answer responsibility blinks blinks,0
salute marcoleta father son long live,0
hob ol torn us,0
high spool mark year best true knit,0
markubetas comedians son looks like,1
hot mr kulto inc incomplete,0
like father like son,1
philippines government,0
president want next vice president sara duterte baste duterte kitty dutertes time mr marcoleta junior future president vice president,0
try decide po muna,0
seems like broken fruit look alike especially grows older,0
son sendor attymarcoleta still good lets say father like son,0
Oh Marcoleta Congress,0
eh abs cbn angry marcoleta know lot g com sec pumps eh especially,0
watching rome italy,0
hey congressmen work development filipinos terms end project impeachment impeachment people benefit build build better,0
empechmint high ranking abuse abuse dedication towns ark,0
pbbm terms see new philippines yes,0
change constitution timely change hendi constitution many interpretations fortwith,1
daddy bless face,0
another maculitlit manana mana father,0
long live cong paulo marcoleta,0
wise father,0
know presidents job job dads dad,0
much supreme court receive sara duterte corruption,0
like male,0
really marcoletas son dont know duterte bias win next,1
good job congmarcoleta believe you,0
Sen MARCOETHO SEEMS FORMA SON GO CONG MARCOLETA,1
much plot,0
study,0
mr question follow constitution constitution also law makers vaviolet constitution dont even make us tongressmen,1
marcoletas duterte good enough serve,0
i0eritance dad legal steal also corrupt i0eritance fathers demon,0
hey tongressman libanan first first flood control issue fight vp sarah presidential election use money make money,0
also perfect thing chamber give example markbeta,0
ruling supreme court final executory anyone file motion reconsideration,0
questioning corruption alibi alibi politics introduces marcolets one sided vpara dont money peoples money looking truth whether stolen,1
mgacorup man jan garen,0
look boaya,0
missing like youtubemayamaya ads ads,0
father stupid,1
Lebanan Favor Emplacements VP Sarah Duterte Paid Millons Speaker House True Just asking,0
still political claim congress august na poaba poor constituents long run nothing politicsthat impeachment already job,1
duterte meeting congress still paolo marcoleta congress lions children bought congress,0
quiet libanan accept congmarcoleta guilty quiet,0
libanan dont represent people truth represent one protects,0
another thorn congress hopefully like cong marcoleta,0
years brain rotten didnt even know sara duterte impeached,0
hes good reads long read ignored dad issue corruption millions yet,0
really marcoleta sucks duterte duterte duterte mgs face ashamed,1
suffer badget congress,0
lol sharpton accusing someone else race baiting hilarious,1
call president embarrassment country world,1
stop shenanigans epsteins files thats wanna say,0
alto bid head know u r action news network money recieved money u recieved thief,0
youre liar sharpened,0
rich trump accusing someone anyone else paying someone endorsement hes unethical karma going catch sometime,0
epstein epstein epstein epstein epstein epstein,0
chocolate ration again bananas marsupials donald j trump apparently,0
where epstein files fotus trump stop debauchery reveals choice behaviors,0
dont understand fba dont care president trump getting illegal immigrants,1
hes deflecting yet anything everything direct epstein target away,0
ambulance chaser,0
joke donald trump ran ads classifieds people hold signs rallies support,1
double digit white nationalist thats its called paid endorsement nobody works free except prison,0
trump musk buying votes trump prison belongs,0
absolutely reverend,1
piece trash rigged election telling everyone get white house,0
listen kankles always tells hes done accusing others,0
distraction release epstien files,0
went nonprofit im connected riiiiiigt al,0
old past time retire everytime gets tough question goes back race debate sad,0
follow money morons yall find get paid thugs anything free dont thats filthy rich yall praise lying facesget fkn real,1
id say trump acting like spoiled child responsible adult doubt hes acting,1
yeah oprah beyonc need get paid vp kamala harris,0
fact base gone anywhere start,0
trump die im going throw party,1
great point hes trying hard get us look away hes epstein files,0
distraction,1
release epstein files,0
seems kind funny hulk hogan paid millions dollars endorse donald trump,0
totally agree think trump trying get past epstein files magas buying,0
please remove word rev mans name hes rev way shape form like trouble making racist,0
lies lies lies,1
trump demented lying piece garbage people wake get rid disgusting fake president next,1
absolute disgrace called president boundaries break lies accusations important take vile people power unless want live russia like country believe,1
lets ask biggest race grifter planet hes race grifter,1
would believe word sharpton said 1d trump years even though sharpton use say good things trump trump ran office,1
everything guys mouth racist guy every person thats black racist,1
traitor donald john trump elon musk seven supreme court crooked judges appointed cabinet picks lawyers project authers maga republicans everbody sided help make world worse place live need immediately hauled white house handcuffs taken custody held without bail sentenced life prison without possibility parole right,0
al sharpton please go home,0
stole man,0
ya get money nonprofit cover moneymost nonprofit big scams ceo getting payed like thousand dollars yearthat scame right nonprofit well call lot profits,0
trump best president ever done america dems ever donei dont know dems anything american nothing one thing steal american tax payer money,0
trump ant racesthedems races one,1
trump injail breathing,1
donald trump psycho hes psycho trying shade everybody get heat people need wake crazy psychotic man business white house,1
jail,1
al full ca ca let talk person hardball questions wimpy questions,0
cares mad mans rants diverting attention 1s democrats man counts criminal charges redneck cartel mafia republican party either becomes president goes jail republicans choose make president great nation choose party people integrity dignity respect america need transparency coverups enough enough stop,1
receive k didnt endorse oh went nonprofit isnt free biggest racist ever racist derby ever year azz saddle grey haired chia pet spread money head lips move,0
lying b,1
thank sir do quiet,0
another distraction folks oh yes another lie makes goes,1
im sick son witch trump,1
trump nothing scum,1
sounds like democrats done,1
notice never says anything musk basically musks tweet renewed blew rabbit hole epstein list doesnt want anger musk else could musk tell us,0
anyone knows race baiting id say sharpton reigning subject matter expert,0
al sharptons neck skinny somethings right looks like talking corpse anyone praying youth must recycled release epstein files,1
seriously bs getting exhausting mean rate presidency face prison form consequences words actions,0
typically trump small small dk,0
l r,0
trump needs follow nixons lead anniversary resign president,1
rev always shady character,0
tyrus spot usual,0
right news release trumpstein files,0
tyrus stop taking ozempic,0
love great guys mind humor live life helping preserve health life,0
w r,0
hundred republicans epstein files says,0
year old promoting year old based physical looks thats pedi style,0
say republicans like loves women younger side,1
touch grass,0
woke idiots ever watch common sense programing mean really far outer space decide come back earth,1
Love Tire,0
really like tyrus,0
tyrus suck,1
correct,0
nono opinion subjects brain cannot grasp go back w1ver,1
hi im woke liberal never saw issue,0
happened doge found money going people make lie television stopped,0
thats dont wear jeans cotton anymore know used pick look outsideeveryone wearing polyester nylon hemp anything cotton,0
tyrus talking truth lying woke media distracts total bulls,1
im unapologetic black heterosexual man loves physical appearance presence women anyhow find whole uproar ad amusing leave young woman alone let make living dont detect racism opinion preference hence cameo genetically inclined black women fill jeans,0
sydney sweeney beautiful never bought anything saw commercial appalled people susceptible advertising sheep easily led generic jeans walmart good others buy levis due support gun control never heard american eagle brand silly controversy,0
its difficult take anyone seriously wears hat indoors wears backwards thats fashion statement its rude,0
agree tyrus,0
guy looks like migrant deprt,1
tyrus thank great supporter among many people rank guts stand speak,0
tyrus sharp bowling ball jesus christ gotta really stupid watch fox,1
makes want go buy jeans ae,1
exactly,0
tyrus dropping truth bombs,1
tyrus news channel news story idiot nobody left outraged nobody nice try though agitators,0
must emily c chuckling background,0
thank sick make news weeks outta min high school conversations,0
whys funkadactyl brodus clay news,0
well said,0
nothing proud democrat proud president trump team,1
hey got right yes thank,0
brooke shields commercial yet nobody lost minds,0
news stop talking like fox news stopped talking tds creator justin eichorn story follow eichorn coined trump derangement syndrome code make pedos like eichorn aware trump diddler syndrome fox news megyn kelly wants attack beyonc done nothing wrong black woman light skin blonde hair jeans commercial shame tyrus racist fox friends megyn isnt natural blonde sydney isnt true blone,1
thank u im ran bought calvin klein saw brook shield people hey people complaining im sure come every size u woke people im sure daughter already ran buy pair school,0
thank youi agree,0
love tire,0
said all good hope gets all beautiful young fresh old trying young not fake grindbad reputation young lady class beautiful young women starting life faking youth,1
fox obsessed sweeney talking endlessly one else cares epstein distraction,1
yes let media report real crimes abuses tort law offenses economy corruption academic realm maha legitimate scientific datastudies topics substance good let us move,0
thank tyrus,0
jeanetics,0
absolutely tyrus well said stay focused quit buying stupidity turn ship around come people better mindless garbage tune,1
tyrus telling like greg together show hilarious,0
tyrus line behind prez laughingstock thats matters credibility rests answer,0
tyrus great jeans,0
amen brother amen,0
hope keep ignoring woke idiotic ideology tells us acceptable tells us think grown ups free americans like freedom speech glad turned liberal media lost information war,1
im definitely gonna go pair american jeans,0
want see epstein files whats problem trump needs release everything cleared blame suspicion,1
truth,1
tyrus karoline tag every put things language even morons understand,1
call caitlin clarke angel brick,0
totally mistaken sir apologize,0
quite honestly dont even know youre talking sweeney,0
knows whats,0
stop talking hands looking woke yourownself,1
arent guys talking millions american families still drowning debt biden forced upon massive doge checks offset bs biden caused youre bad liberal media,1
tyrus sweeney banana,0
thank,0
giant turd wears hat ears,0
tyrus always wins,0
said good jeans superior jeans duh,0
tyrus become star good,0
whats eagle jeans stuff whatquit getting search trend setting clotges nane brand stuff selfbe original,0
vote,1
sure lets talk epstein files dont care kids abused,0
maga,0
yeah w1ver oh way youre freaking hats backwards,0
Tire President,0
dems get,0
Preach Tyrus Preach,0
left social media several years ago fb x none crap never happier,0
one cares,1
american way,0
first world problems,1
refuse buy anything ads use dei woke actors commercials,0
marketing made sway weak minded works well,0
see tyrus next commercial,0
spot tyrus always,0
love tyrus everyone likes looking pretty things ugly people complain,0
jeans,0
stupid e marketing scam create fake controversy dummies buy jeans fight woke,1
love tyrus tells like bull go getem,0
beyonce going blonde copying hilarious smart,0
Islam Zindabad Bangladesh Jamaat,0
look comments understand survey bangladesh party ahead hope understand words,0
percent,0
hair survey,1
voters decided good country means blindness decreased people understand vote important becoming real democratic state,0
jamat,0
many people want express opinion fear losing jibba,1
awami league vote increased far last year say decreased,0
Media Cue James,1
indias financing survey,0
presenters brother awami league actually tell suza say see saying replay video,0
real survey participate mass people august,0
brac survey false propaganda survey jamaats support bangladesh bnp rest understood neutral election vote,1
fake survey bmp vote everyone wants jamaat new party,0
know know everyone knows people awami league,0
fake survey awami league jatiya party votes increased league field,0
j nation forgets history,1
Syed Saheb Bnpr Batpar der Thamtey Bolun,0
Bangladesh bnp zindabad,0
JAMAAT JAMAAT E Islami Profit,0
anti bnp people may avoid survey fear,0
Bangladesh Jamaat E Islami Zindabad,0
decided jamaat e islams vote bases,1
Bangladesh Jamaat E Islam Insha Allah,0
Inshaallah Boycott BNP,1
Jamaat Insha Allah,0
jamaat zindabad,0
Jamat E Islami,0
win bangladesh jamaat e islami voting establishment self reliant welfare state free,0
nothing hypocrisy bangladesh total voters bangladesh million less people surveying telephone ridiculous,0
support bnp identified introducing duty work one behaved awami league surprised,0
alal sahib commented high speed price goods question even know market regularly,0
Decide Vote James E Islami,1
parties wrong direction leaders two parties involved character two parties stupid parties understand awami league benefiting,0
Jamaat E Islam Zindabad Zindabad Zindabad Zindabad,0
BNP BOYCOTT,1
fake survey,1
Bangladesh Vote Jamaat e Islami,0
many thanks bangladesh jamaat islam,0
voter decided supporters jamaat,0
Bangladesh islami chhatra shibir zindabad,0
survey wrong survey address,0
Jamaat E Islami Zindabad,0
decide reform,0
fake fake fake fake fake fake fake,1
bnps prediction giving mistakes bnp currently,0
shes idiot government,0
believe people still mouning much 1 pronouns 1 1 get,0
dont fooled people arent stupid know exactly,1
new violent protesting mean thats called kings,0
grilled indeed,0
womans pretty stupid shes going advocate something idea please,1
agreed pronouns dumb research stop watching channel praises never critisizes trump people propaganda news reporting god bless,0
shes useless,1
know anything,0
forcing use pronouns,0
shes ignorant policys clueless club member,0
typical ceo today doesnt even know company lol,1
Uhhh uhhhh uhhhh,0
biiy sitch,0
let push agenda native country poland,0
aipac handler pushes agendas without informing whatthey,0
xe become z,0
superman nails another hide wall,0
cruel,0
delegates sh,0
fee fi fo fum mean,0
theyre level toddlers babbling nonsense,1
literally made words sound cool dont mean anything pick one like sound,0
lets confuse tough questions ask night vs day male vs female oops thats tough,0
trump become us president months unemployment rate breaking years high trump culprit,1
stupid,1
love fact trans individuals bring 1 filled pathetic country bottom,1
oh pronouns horrifying,0
dil hai ki manta mahi,0
tax terrorism dacoit gang country,1
Bhakwuva Haque Ko Le Ke Kyu Khade Hain Priyanka Ji Koi Aur 0i Mila,0
Priyanka Gandhi Priyanka Wadra,1
Mt Baat Kro Rajnath Ji Isse,0
Rajnath ji un antim Purane Politicians Se Hain Jo Sa Saath Saath Saath Saath Sauhare Rakhte Hain,0
Rahul Gandhi Sharee Kyu Pahne Hue Hai,1
body talks priyanka greetbeautiful gesture,0
partyes good also help,0
next pm,0
good man,0
common men understand,0
indian women saree touch bottom public,1
dog dead disdain,1
jesusyahwehholyspirit not years ago jesus christ begning endtrinity christ jesus begning end creator alpha omega adonai yahwehjesuschrist holyspiritgod creator universe heaven trinity threemenworld earth yahweh jesus christ holy spirit trinity genesis lord god said behold man adam become one us know good evil lest put forth hand take also tree life eat live ever genesis babel go let us go confound language may understand one anothers speech dinner father son holyspirit genesis lift eyes looked lo three men stood saw ran meet tent door bowed toward ground avbraham jesus christ john jesus said unto verily verily say unto abraham alphaomega jesus christ birth bethlehem mica thou bethlehem ephratah though thou little among thousands judah yet thee shall come forth unto ruler israel whose goings forth old everlasting when years ago human made mud adameve one religion years yahweh adam eve noah generations years ago global ninegenerations dipped water adam years sethu fmlys enosh fmlys cainon fmlys mahalel fmlys ered fmlys hanok fmlys metushela fmlys lemek fmlys genertion dipped water yahweh ordered prepared ark noah family ararath mountain noah family started living earth world years creator yahweh liked spread generation world wide trinity fatherso0olyspirit genesis fatheryahweh sonjesus christ holyspirit visited avbraham arrange dinner gen years ago world widecreator yahweh elected promised father many nations earth faithful creator yahweh given wifes fulfilled covenant eternal thousand generations chronicles sara israel hagar arab countries ketura east countries gensis religions sons sara isac hagarishmael keturaavbraham sent eastern countries sons six jimran jokshan medan midian ishbak shuan six sons easten countries years ago three religion worship systems started creator yahweh wittnessed father many thenations earth blessed avbraham ibrahim brahma creator yahweh wittness father avbraham genesis know command children household shall keep way lord justice judgment lord may bring upon abraham hath spoken gensis shall keep way lord justice judgment lord may bring upon hath spoken hi lord wittness father abraham taught lords covenant commandments justice judgement future generation father many nations father many nations earth avbraham wifesthree mothers changed languages fathers mame sara abraham israel country hahar ibrahim islamic countries ketura abrahma fallowers jews festivals ritulals astrologytraditions jews systems yahweh blessed avbraham many nations earth genesis bless bless thee curse curseth thee thee shall families earth blessed genesis make thy seed dust earth man number dust earth shall thy seed also numbered lord appeared priest kohen gadhol melkizedek shalom melek blessed wine genesis genesis brought forth abroad said look toward heaven tell stars thou able number said unto shall thy seed genesis neither shall thy name called abram thy name shall abraham father many nations made thee genesis seeing abraham shall surely become great mighty nation nations earth shall blessed genesis blessing bless thee multiplying multiply thy seed stars heaven sand upon sea shore thy seed shall possess gate enemies genesis thy seed shall nations earth blessed thou hast obeyed voice isacgenesis make thy seed multiply stars heaven give unto thy seed countries thy seed shall nations earth blessed jacob genesis thy seed shall dust earth thou shalt spread abroad west east north south thee thy seed shall families earth blessed ex thy seed shall nations earth blessed thou hast obeyed voicechronicls even covenant made abraham oath unto isaac chronicles hath confirmed jacob law israel everlasting covenant upto thousand generations chronicls saying unto thee give land canaan lot i0eritance,0
privileged,0
please dont write def minister write completely,0
congress party trusted majority india,1
hes talking grand daughter lady put jail emergency couldnt see mother one last time,1
gilter gold,0
days modi took office modi remember son come newspaper transgender,1
request good leaders talk worst fellows,0
Rajnath apne bete ka future ko dekh rhe hai,0
priyanka fear stand front rajnath singh,0
guys target yelling respect sure make reports,0
Inko bhi pata ki aage kya hone wala inka viswaguru ab excise ho raha,0
heart bit different rahul would different importance rites somewhat different leaders bjp hair something,0
happens bharat,0
man man talk guess,0
Ye Bade Neta Hai Kabhi Vivad Ma0i Rahe,0
liar modi amit spoiling india,1
rajnath singh talking foreign agent arrogant italian wasting time,0
def deaf minister words speaks,0
Sonia Rahul Priyanka Vote Chori,1
two parties friends people fighting parties ldiots,0
modi shah spoiled everyones destiny leaders still good intention inside,0
waste time fraud pinky defence minister,1
wow priyanka tall,0
pinky lady ignored joker papppppuuuuuuu character rajnath singh wasting precious time,0
italian lady,1
even minister much humble aposite priyanga much roude thinking india property,1
ROJ NEW SARE,0
Kadi Ninda vs Kadi Pakoda,0
rajnath gadkari good leaders,0
fighting parliament everything okay,0
matter time everything gonna upside inside bjp kneel front congress point blank take leave temporary government aint last longraga one man army,0
actors,0
rajnathji perfect next pma true gentleman politics,0
Murdabad Murdabad BJP Murdabad,0
mane man,1
available constituency wayanad use lady,0
lying pillary,1
beauty democracy,1
safe bjp nation right hands,1
least politicians etiquettes may differ ideologies outside camaraderie,0
guy participated vote chori,1
nitin gadgari rajnat singh good person wrong party,0
bjp close closer cultural rajnath gadkari root shade pusat,0
glumaard,0
piche khangress ki bhadvi pranita shinde khadi hai,0
politicians humble talk unlike,0
pawn modi,1
ok,0
rajnath singh asking priyanka gandhi going marry,0
ignore destructive characters,0
see priyanka gandhis power first time mp status family,0
love nitin gadkari rajnath singh bjp side ab vajpayee sushma swaraj,0
Wayanad mein itna durghatna hua kuchhmadad nahin kiya desh ke liye bahut kuchh karne ke liye aaya aaya aaya aaya pinky,0
rajnath sab bol rahe hain kya tera bhai gadha jesa ho raha tum thoda bolo use,0
think jrindira gandhi,1
Priyanka ne masood ko pala hai,1
priyanka vadra kanro,0
arrogance duplicate ghandy family couldnt even respect elders,0
refuses see culture rajnath ji thinks entitled,0
y hui na mardo wali baatork,0
thats right get em bulldog bondi,0
awesome others need follow leadership keep good work,0
thank pam,0
exactly problem uk leader whoprefers care illegal immigrants immigrants ignors desperate needs taxpaying people thebuk many many struggling put decent food table illegal fighting aged men given phoned housing iwould like leave uk presently considering suitable country move leave mess rd world country call eng land,1
sanctuary states go bankruptthen expect federal gov bail outwith tax dollarsplease dont,0
thank ag bondi,0
yes yes yes thank much,0
amen throw commies jail,1
need arrest sue,0
btw pam epstein files epstein files epstein files epstein files epstein files say epstein files epstein files epstein files epstein files epstein files,0
wish still trust bondi,0
sue george clooney organization stole fire aid victims money,0
state needs many people states talk california call idiots part union dont direct control need people like power enforce please thank stop f hating oncali beautiful state union ya none bulshit weather issues ya,0
minnesota next please,0
right hope sue colorado ground polis nothing trouble colorado jail,0
hell yeah,1
dont go pedos epstein case follow laws,0
respect earned automatically extended name dropping un suck ups given non performance indifference well established traits likeminded democrats whole reject god given freedom dignity obviously favor communism soft shoed socialism words continued policies tryanny making slaves serve elitist status dominion else would want undocumented noncitizens exploit recent arrest human traffickers coincidentally san diego reported threat victims noncompliance results organ donors norm dealing noncompliance missed report,1
californians tired crime rifraf red california,0
please need turn california red red red,0
waste time suing court law youre doj go arrest asses,0
please go chicago mayor doesnt care us citizens gave away money illegal aliens city could afford time arrest,1
thats girl,0
youre awesome pam thank,0
didnt anything things fine years shistirring attempt create martial law bunch thgs,0
remove jail bass,1
lawful unjust doings backfiring enjoyment done well completion,0
something illinois already,0
well protect voter base lmho,0
go get em dont sue lock,0
thank great job im im ny its completely hand,0
wonderful news,0
got great job,0
send mayor newsom mexico,0
amen gettem jus chaos makes sense,0
threatened killedby gang,0
doesnt get clearer,1
strong,0
whoa talk lawfare,0
dictatorship,0
pam love support,0
american enemy exposed truly,1
best looking woman public view,0
come nyc,0
fight fight fight deport deport deport great job great american heroine secretary pam,0
awesome job,0
treason come youre arresting,0
fight fight fight freedom,0
true governors states must obey federal laws doesnt matter tds must obey white house,0
bass complete existential monster go back came,0
thank god go trump company,0
know happened started biden administration get penalized get sued,1
please fallow money,0
stupid democraps party criminals,1
please save us californians newsome karen bass,0
support keep fantastic job,0
suing nothing,0
ag bondi winner nothing net full court half court lay ups jump shots free throws name talent,0
keeps talking nothing done start process arrest,1
thank pam keep kicking butt,0
sue loos court court judges corrupt,0
hallelujah thank karen bass arrested go governor,0
yesyes yes time justice,0
know purpose,0
thank much attorney general pam bondi,0
thank pam bondi,0
yes gettem girl,0
ice love,0
sue world,1
bet ya bucks could toss mean antipasto wit dat jaw trumphole b grinning cheek cheek,0
thank ag pam bondi,0
yeah baby go pami incredible woman patriot thank god great work,0
pam bondi,0
mayor bass many delusional mentally ill patriots love freedom govt,0
bass minus b,0
thank you,0
stop federal money programs states immediately,0
massachusetts go get em rhode island go get vermont maine way eu uk wannabe cities going filtered,0
sue yet continue w1ver want going put someone jail,1
newsom still office dont get people california crazy opinion,0
go getm pam pure patriotism voted for,0
thank previous administration illegal send back came thanks president trump pam,0
liberals care propagandaand power,1
great job pam could get fired neglecting safety citizensfires illegal aliens lost homes governors mayors still hasnt tried help need fired thats opinion,0
trump total traitor running terrorists attacks nonstop since first term,1
never thing help us pimped pump bonded,0
thank god kash,0
kash patel appointed god time,0
crayola crayons hes eating them,0
largest criminal conspiracy patels cover epstein files,0
lock two traders,0
hes indian boss,0
made epstein list disappear better,0
great fbi carefully issues,0
aged like milk files kash talking corruption look thing,1
arrest,0
americans illegally spied hamer found file americans able obtain copy collected,0
comey corrupt charged tried treason absolute slime corrupt low life,1
love appreciate kash,0
lol mic drop,0
james comey criminal needs arrested prosecuted fullest extent tent law,1
talk talk talk coward,0
hes friggin communist,0
lock bastard waiting,0
isnt comey prison,0
im glad running fbi time great leadership,0
amazing many mistakes weaponized fbi makes gangstalking mistakes,0
epstein files logs,0
comey failed man,1
james comey knew exactly,0
remember sea shells wants president donald trump dead evil person needs go prison hes idiot,1
sounds like childs play indicating ebstien island crayola crayons omg kash ya wanna stay ground imagine people seem okay coverup,1
agree kash patel james comey leader thank god kash patel real honest man makes great leader,0
amen kash loves respected,1
amen way go well said proud leaders today,1
bravo dear kash patel nailed sir thank,0
arrest jail bail,0
Yesss,0
kash patel absolutely,1
isnt locked,0
cash needs make sure james goes prison long time,0
well saidthat man,1
boom,0
jail time man,1
let bodies fall youre man,0
kash best,0
go kash rock,0
leader,0
kash sellout bondi,0
law must law unlike attorneys like believe truth stretch absolute,1
liar dont belief anymore b crap,1
hasnt arrested,0
sad part bought news media half country clueless comeys crimes,1
james comey criminal little regard american people american founders,1
thank kash patel,0
comey needs restrained freedom hes knows much erase,0
man prison,1
way tell cash dont take sit,0
thank dont want anybody running fbi like crooked wasnt good job crook let crooked people get away,1
comey rot hell sooner better,1
epstein list,0
god bless kash,0
stomach burned watching liar try tarnish trumps reputation new fbi wondered trump chose patel im sure heads going fly,0
good kash patel youre honorable man comey thing lecture one greatest leaders fbi comey stick arranging seashells beach,0
thank director patel actually job clearing cleaning cocreating world,1
thanks speaking truth mr patel almighty god deal j comey,0
god bless protect kash,1
crayola crayons,0
aint freaking prison,0
comey jail already,1
preach kp,0
ever claim youre bigger nation,1
didnt take youre seat,0
well said kash,0
thank kash,0
j edgar hoovers playbook cross dresser bed fellow w biggest crime syndicate american histiry la costra nostra,0
president trump,1
wont lied epstein,0
youre going charge anything shut,0
beast,0
great job kash american people say thank,0
arrest threatening presidents life wich thought felony,0
handed boss election investigation announcement hillary weeks election,0
cross eyed clown hes con,1
mr kash patel awesome great job keep good work god bless amen,0
reminded american people laws apply citizens politicians bureaucrats admittedly committed crimes yet arrest epstein alive mossad,1
love kash patel live australia dream men like protecting australians god bless america,0
yet wont charge,0
director patel thank,0
Kash Patel,0
comey placed position law kash patel pam bondi need time remodel prison cell accommodate height,0
hell yes faithfully support man,1
love kashtell like,0
reason shouldve arrested issue,0
someone say comey sand huh thats ok right maybe joke,0
please go vote travelling uk mark x cant sleep markie g world,1
wind blowing change,0
shower labourites,0
big communitytime come,0
lord cover pnp organization taking next chapter help make jamaica better place,1
time come jlp win,1
markie g world one pnp power,0
calling nice nicer,0
anything possible power holy ghost,0
porus march out,0
vote jlp,1
mighty god good,0
comrades please go vote,1
amen amen thank markie g lord deliver daniel god shore deliver us evil power,0
good look comrades lets vote corruption n incompetent,1
best selection,0
porous crowd even look conference,0
god god covarage blessing children fater god,0
dont know alone feel way cant feel marky g always dont care look like hello really matter want winthats impression got honestly speaking,0
real real real mark moreninja man must free,0
one marks pnp,0
time comelet us vote corruption vote better life,1
mighty god daniel,0
Big Porus Porus Mi Come,0
jamaica remember babies died month june christopher tufton man patient care experience real leadership man destroyed jamaican healthcare lead port die needs wants refuse pay nurses doctors tax refused buy washing machine dry hospital disgrace text nurses getting infected filtered laundry,1
good look marky g people,0
jamaica remember billion drill ballot hospitals dont xray machine mri ct scan christopher tufton rape taxpayers ballot drill ballot,0
pnp world,1
powaaaaaaa word love,0
comrades remember crowd dont win seat please go vote party united pnp,1
good luck jamaica,0
michael joshua manley spirit walking jamaicagod us wayhe said hell never leave us forsake uscomrades hold unto jesus see us throughthrough,1
place dat central manchester,0
One Markie g,0
power,0
love trump hes good america amen,0
store cold criminal,0
killed ex wife payed someone push stairs whole world knows criminal,1
lie almost every breath take,0
despicable dishonest dumb democrats tds wake,1
russia clearly interfere election snd trump obviously owes putin money lick rspidt,1
incredible major felon sit presidents chair make many stories carry everything said normalwhat tragedy,0
didnt democrats release espstien files asking,0
know everybody rabid epstein files important things going stuff ppl knock,0
grow child,1
god bless america remember god watching everything,0
already blaming biden solution pointing fire burning saying fire put fire promised mass arrests stopping fentanyl seizures full capacity flights america deporting undesirables seizures data seizures lbs january canadian border sound like stoppage drug problem given justification tariffs paleeze,0
allowed known felon president,0
orange clown weak low iq loser laughingstock world tried flex world tariffs nobody got back know hes vain weak loser sends letters world leaders stating tariffs hes debilitated scared deal face face guy worst president ever think isreal attacked iran trumps watch bidens presidents watch decades says lot trump doubt bibi even notified prior attack,1
trump flip flops stances doesnt keep promises lies constantly doesnt uphold constitution never takes responsibility mistakes hes spoiled child,1
release files like promised us repeatedly,0
lies lies false information idiot,1
heres fact mexico president sheinbaum sent help tx floodwhy news foxnews,0
world peace order,0
wheres list,0
crime us generally declined past decades decreases recently preliminary figures immigrants causing surge crimethey less likely commit crimes nativeborn individuals trumps claims contrary backed robust evidence,0
duty us imports eu august,0
says wants save country unite us yet continues lambast democrats,1
st trump russia russia nd china china china,0
trump evil facist monster,1
release epstein files con artist,0
watching man talking knowing thinks children girls,1
anyone common sense believe epstein files still exist president trump promised release thinking think much likely files detrimental top politicians especially democrats supporters rinos destroyed shortly barrys fbi acquired,1
running con since bing office lies american people,1
impeach deport felon,0
going release files would already,0
democrats need grow democrats need talk better,0
hes keeping promises trump supporters need wake,1
criminal friends high places thats punished,0
pdf file,0
Biden Biden Biden,0
steve banyan epstein files wonder know people really lie,0
old man taco forgot proving obama born american,0
still talking epstien files waste time,0
lady said files desk,0
criminal criminal criminal,1
people bad comments trump let ask people biden country besides flush toilet get disrespect lot countries,1
senile old dude whos defrauded everyone crossed business dealings speaks writes like yrs old sure promised,0
countries dump us bonds,0
americas idiot,0
remember eating cats eating dogs,0
release names epstein guests already know sexual predator donald know name list again again,0
make things time,1
blame blame blame complain complain deflect deflect deflect guy real leader patriot,0
flkk running country,1
lets go maga storm response great,0
lets go maga thank blue couldnt take care americans problems currently happening,0
congratulations played trumpito pdf file chief proud america,0
epstein lists,0
promises made promises broken,1
thank god president trump,1
face,0
never vote democrat,1
Epsteintrump BDV list,0
epstein epstein epstein,0
hes talking much baloney gibberishjustnonsense unbelievable many fans,1
deception bible warns false prophets christs perform signs wonders deceive many wars conflict jesus predicted wars rumors wars nations rising nations natural disasters earthquakes famines pestilences diseases also listed signs moral decay bible describes deterioration moral attitudes people becoming lovers money pleasure rather god persecution believers christians face persecution hatred faith breakdown family bible also mentions breakdown family structures lack natural affection disobedience parents deteriorating attitudes attitudes ungratefulness disloyalty lack love also highlighted false prophets christs individuals arise perform signs wonders deceive people terrorism bible also speaks terrorism bombings assassinations sabotage signs global instability bible also speaks escalating conflict border skirmishes race wars,0
dont know tell djt president united states reporter asked halted arms shipments ukraine,0
trump wasnt epstein files hed brought gold framed hes means participated abusing underage girls theres possible reason bring guy people think sort visionary hero gods servant hes slimy lying creepand know,0
1 donald,0
creepy donald,0
epstein files dont exsist lmaoooo,0
keep talking joe biden lmaooooo,1
president trump always right,1
stop believing everything hear fox reporters lieing get job trump majority affected bill youre millionaires,1
epstien files jesus king,0
thank president trump,0
trump puzzled everything hes idiot,1
criminal corrupt incompetent treasonous,1
epstein files many teenage girls,0
incompetent clown,1
regret everything trump trump covering deep state money,1
promised stop war russia ukraine whats happening,0
newsflash people nobody coming help us even trump,0
1 trump perfect hatred,0
mans dirtbag muppet would like introduce worlds biggest grifter calling upon true american patriot fix godspeed,1
many lies room yesterday room full losers,1
tacopedo president release epstein files,0
release trumpstien files,0
yet sedicious marxist anarchists still walk among us propaganda already enough,1
make thing up moron master making things,0
imagine telling people epstein client list never existed would something,0
heal sic country contact president donald trump sort,1
democrats destroyed america america busy healing sic country democrats cannot handle,1
Epstein List Magats,0
scare uneducated,0
guys indian laws eat hands,1
think demeans wife children,0
white men insecure cannot handle handsome decent honourable good leaders poc,0
haha right dont eat anything hands burgers wings fries quesadillas nah none hypocrisy made paramount,1
theres nothing called western civilisation cant even know wash shite,0
Mamdani vote,1
zohran mother president use soon,0
oh eat rice hands did guy ever ate hamburger,1
go someone needs recheck election results,1
third world behaviourplus lies ethnicity says ghana hes rich indian ones fooled except hipsters drink crazyjuice breakfast walk round draped current fashionable cause accessories,1
asshat rich,0
trump literally man sent prison whole law states cant communist government sector,1
agree gill things lay eating hands stance half american food eaten hands,0
magas look sound like little uneducated girls,1
even billionaire india eats rice hand idiot dont like mamdani politics pick talking points want win,1
probably wipes left hand,0
office seek power life thats nature little poutine,0
think guy years ago im immigration its america built allowing someone like run public office seems wrongs clearly doesnt american values stand new york city going turn detroit gets elected think detroit s thats path new york city right,0
evil,1
wipes arse hand,0
guy spewing nonsense guy vowing pass bills benefitting us new yorkers gill falsely paints threat,1
love brandon gill,0
magats getting scared though worshipping worst thug thief criminal problem someone says work poor people,1
trump fighting syphilis since paying spanking since fox spewing lying propaganda russia decades,1
literally came see trump base like gotta say yall even brainwashed initially aware,0
deport shouldnt allow seekpower,1
mandani reflection anti american current embraced democrats ware wolf sheeps clothing,0
rd world behaivor wild,0
never heard say get rid billionaires data source please,0
hes communist,0
nyc dont worry billionaires leave fast head spin elected,1
frequency,0
mamdami deported,0
guy communist,0
f,0
cant worse currently,0
guy could play superma0es hot,1
omar squad work begging people like help bring america knees like traitor u r country also like need removed,0
thats eu brussel undermining democracy,1
democrats enemy,1
need neomccarthyism,0
empty bowl love itwake people please,0
wow proisrael propaganda train picking steam,0
ny yall fffffffffffed,0
facts facts guy really knowledgeable,1
american hypocrisy eating hands third country behavior hookups completely broken healthcare anti abortion laws extra marital affairs racism antisemitism igniting wars rampant drugs problem etc etc cool trendy first country countries behavior guys understand people kind heart eating hands hell lot better selfish ones whoeat knives folks,1
sudden eric adams looks pretty solid,0
seizing means production hmmmm sounds like capitalist billionaire oligarch,0
america third world people voted communist allowed go mayor america,0
cooked,0
clown might diversion making nitwits put race look fantastic,1
new yorkers arent stupid,1
racists,0
hahaha know youre something right faux news gets irked,0
agreed obvious everyone really depends bad ones tds much moron gene carry,0
arrested antiamerican activities citizenship citizen stripped deported country choice,1
simmer people eat rice hands,1
dems areas see new socialist communist leaders america,0
like deported immediately,0
wants replace police social workers see happens nyc happens mob rules,0
possible someone actually announce crazy policies city like ny gets surprised islamic laws introduced city likely sacrifice goat every friday times square,0
guy,1
lol ppl comment section crying wont even step foot ny,0
idiot get votes hell,1
Send me dirtbag deport,0
needs go,1
would vote,1
cares eats rice bigot,1
belongs community loyal religion never american,0
oh isnt millionaire im sure quite alot hypocrisy finest man danger country needs deported investigated allowed run government positions hebis bad person would even vote come dems far willing go put well known evil criminal governor scary folks,1
wake new york please,0
please put escape new york becomes reality popcorn,0
imagine leticia mamdani hochul state going like london,0
cant believe people even entertaining anything say,0
yes please vote new york deserves,0
wow lol,1
hope nyc gets exactly vote,0
interesting maga democratic establishment attacking guyi wonder,0
Menu Coolie,0
wow guy really scares guys shows something,1
its rich liberals nyc support clown,1
freaks,0
move ny satan gets office boycott nrw york,0
hes wrong country,1
deport,1
new york laughable,0
barbarian,0
marxists could start race war black community try white go back home country,1
came third world,0
pattern used britain marxists hiding anymore appeal young studied history globalism would work life fairytale evil people world,1
phd tejaswi Surya gobar university,0
maam badhiya se bata dijiye inko,0
tejaswi suriya mental,0
sanki attitudenever speak truth making citizens fools,1
bjp guts let take pok back rather keep blaming congress know cant pok america uk china support pakistan india,0
rss idiots come ideology sorry criers courage speak utter nonsense parliament,1
1 ncp core sharad pawar disgusts surya slapped traitor charges insensitive statements,0
happens honored degree whatsapp university idiot surya,0
Lagta hai tejasvi surya ji ney history padha hi nahi rewrite karney ka kaam kar raha hai kuch bhi bol kar,1
Good replay maam,0
tejaswini surya lier egoistic idiot,1
tejaswi could father even think putting name guy utter foolishness epitome charector,0
Baladkari jhooti party,0
joker exposed,0
years congress indiapuppet hands foreign countries never cared hindus,0
Pakistan war iske baap ne lada surya ast hot ho gaya bhai tera,0
Surya Whats App Se Pad Kr Aate H,0
bjp fraudulent,0
UNEDUCATED TEJASVI,0
tejaswi ko nanga kar diya,1
Ani Tyachya Adhike Kiti Tari Wars aht Jee Supriya Sule Ni Sangtil Books Wach Baba Whatsapp Nahhi,0
Kargil kay tuza kaka galela hota ka tu ka tumcha supreme leader,0
go see pandit nehru important know truth,0
joker,0
whatsapp phd qualified,1
biggest lier,0
Thanks Supriya Ji Hum Bhool Jayenge China War Aksai Chin,0
grandfather time,0
studied bjps history,1
tejasvi zhuta chuddadakad hai,0
ncp party answering,0
shameless guytalking past,1
makes gentleman leader pls supporting leader youll shame pls show exits gate parliament,0
say army said nehru interested army,0
tejaswi seriously stupidest guy parliament,1
Bramhanwadi Liar Shame Left,1
well done supriya taai,0
BJP Wale Neta Ho caroro de kar khareed lete hai goa nahi dekhe Mumbai kya ki kiye,1
Ye bhi nehru,0
solution bjp washing machine,0
Kitne Tejaswi Log Hai Hamrey Paas,0
supriya ji,0
payment quota surya,0
suriya whatsapp university qualified,0
Desh Ki Baat Karo Yaar Kya Congress Congress Karte Ho,0
getting inside suit make one wise,0
shameless n uneducated,0
nonsensewhat rubbish political leader,0
Nehru army ko encourage nehi hotey aaj army ka jitna humari army organization hai kya modi ji mai mai benaya hoga,0
Jhut jhut aise bolo ki sach lage apne pappa k rasta chalta beta shame shame shame saahme,1
Govar Gyani Taswashi Surya Whatt App University Nagpur Phd Degree Holder,0
BJP jhuthi hai,0
Suit Pehna Hua Pehla Gavar Budhhu Dekha Aaj Sir Great U Deserve Become President India,1
supriya sule,0
tejaswi surya clown wants show country relevant fails miserably time,1
Ye kl ka chora wapp university se padha hua andhbhakt hu,0
read blind devotee read,0
education knowledge useless fellow tejaswi,1
ehh ladka ko kuch nahi aatha jhutt aur whatsap university gyaan,0
tell take emergency exit parliament window,0
tejaswai doesnt deserve parliament feel bad elected mp,1
mp anything recommending eat vadas one restaurant bangalore one side bengaluru flooding year back,0
pets country whose prime minister fake degree also useless history chadis different bjp army donkeys,1
great supriya mam upheld dignity indian army,0
get elected research congress past develop bangalore,0
scared congress pure idiot sangi background total duplicate creature wid western suit,1
bjp thinks india formed,1
Abe Congress Party Ki Neeti Ki Wajaa Se Paaya Paayaa AGARA TUMHAAARI PATY HOTI HOTI HOTI HOTI HOTI HOTI HOTI HOTI HOTI HOTI HOTI HOTI HOTI HOTI HOTI HOTI HOTI HOTI HOTI HOTI HOTI HOTI HOTI HOTI HOTI HOTI HOTI HOTI HOTI,0
Ye Gadhaa Young Mp History Maaloom Nahin,0
feel insulted resident tejaswi suryas constituency,0
tejaswi number one waste mp india,1
come stage congress leaders best future thank,0
Time Machine Banake BJP Wale Sab Chale Jao Past,0
supriya sule congratulations,0
fade nehru bjp bjps negativefailure comes remind indian emergency nehru etc etcblame policy,0
Bachcha Surya,0
Tejaswi Surya Needs Grow,1
yes till indian policy weak strengthened much prime minister india directly makes eye contact u president calls liar,1
mam oh whatsapp university se padhke aya hai,0
speaking lie confidently policy bjp leader liar expect kiddos,0
Acha Huwa Asad Sahab Reply Nai Diye Isko,0
Bacha hai tu abhi,0
abc student mp,0
whatsapp university student knowledgethe beauty follow members mean whatsapp university speak confident even lie,0
tejesvi surya better resign bjp join congress realize indian history uttering wordshameless politician,0
Yeh Tejaswi Bhang Khake Ayahe Isse Kuch Nahi Pata Hai Isko Laad Maro,0
whtsup university student,0
rip surya,0
good english language dont common sense,1
its seem like mp bjp graduated watsapp university why jokers india join bjp,0
speaking party,0
tejaswi surya must schooled sure went iit,0
immature people,1
tejaswi suryas mistakethe mistake elecected deserved mp im sorry pathetic voters,1
bjp hole turned bangalore south constituency lawless dirty slum,1
ranchhod das,0
elon grow balls spill know,0
bondi live shes covering assaulters little girls,0
release files already,0
lady liar shame,1
richest man world already knows whats epstein files food thought,0
lies,1
wow bondi looking little rough think lies cover ups getting able rest prison,1
release list questions mystery february thought bondie said list anyway killed epstien,0
really wish elon could run president would vote immediately,1
id buy cybertruck elon took trump office penniless imprisoned,0
wrong pams nose growing like pinocchio,0
magaworld coming u msnbc,0
many broken promises trump gop lower costs great profits tax cuts changes medicare ss food stamps stopping corruption making things great failed,1
1d elon helped trump steal election loved elon trump back stabbed elon like everybody elon told everybody hes pedotrestfiler its 1 elon must nice spineless trump supporter morals self thought self investigation situations well known trump pedrosexual,0
list doesnt exist hoax democrats,1
show us list,0
pam probably epsteins list read met donald years old,0
list donald trump dont taco,0
theyre idiots,1
saying doesnt existwe must trust youwe waiting tell us,0
end oscar gos elon musk drama two keep creating distractions musk believes fooled us reap sow name jesus christ amen,1
x registered digital banking system elon musk grifter never designed built electric car rocket ship life part new world order plan propping make look like genius mr nice guy save world gain trust bring new digital currency job convince take accept universal basic income good world quite opposite elon musk part cult thats working palantir build evil beast surveillance system take absolute control mankind ever conceived unfortunately real palantir evil donald trump elon musk working together red team blue team us dividing us conquer us fight together unite common enemy,0
release records,0
trump prob list,0
ask tom arnold alan dershowitz anyone else girls pilots responsible flight logs,0
trump already removed name files course,0
trump musk go duke,1
lady special baby brother tell trump list list release epstein files,0
barely listen lady sounding like taking trump doesnt take rocket scientist figure hes epstein files,1
anyone tell almost female staff long blonde hair reminds someone,0
sue musk defamation oh yea cause its true client epstein files,0
trump suoked elon back,0
show video evidence trumps campaign said going release listill wait,0
one trying convince maga people anything anyway people make facts like its opinion,1
musk copy client list,0
musk wants pay us back bit doge country help get list tell alllllllll,0
musk trump epstein files,0
got admit atleast right hold side account greatest supporters mad left areola sides corruption lies theft,1
donald trump list little member,0
trump implicated wont released released itll bleached,0
gaslighting finest,0
ommfg yes poop today,0
loaded everything videos,0
list exist epstein made k copies incase got deleted,0
mental illness,0
its black book phone book list log,0
musk trump two kind musk got moneys worth million paid doesnt need trump anymore,1
bro definitely list,0
sad sickening think trump get away hurting little girlshe lying detractinghe bringing bidenobama hillary even martin luther king anyone anything think take attention epstien files guilty sin,1
list already hacked web soon epstein died lol,0
jasmine crockett president,1
remember muskrat billion people fooled going mars,0
would know doesnt exist im sick tired people lying protect potential pedos republican democrats doesnt matter need held accountable longer turn blind eye take anyones word prove innocence,1
baselessly claimed see absolutely reason trump would list one another trump liked young claiming anything epstein baseless realistically proves bias,0
saying everything files trump redacted fbi,0
stupid post old news,1
baseless claim saying list falsely dichotomizing narrative,0
files dont exist according group liars,0
nothing new repugs trumpscvm,0
american country became biggest joke around world funny government bought controlled blackmailed jews aipac,0
god good,0
wants buy word,0
musk upset wasnt invited party,0
warrrr warrrr imagine war real war would look like,0
doesnt could help innocent children many children forget pops involved right thing elon jc,0
iam agree musk need closure show file problem,0
chrissakes word request ask,0
imagine us president blackmailed,1
even dirty duck isnt listimo still needs dealt victims get closure perpetrators,1
civil war minor issue best,0
whos side hes democrat republican hes people children,1
im glad im list yhvh,0
asditionally since trump old lists likely wont released grround andor documents tampereddoctored rapists,0
well lie detector test ask question mr trump true reason first bill first one get one thousand age girls epstein island well cover yes statement true ask ask colors run pink red,0
much cant stand either say elon play trump like trump really think elon going help rig election allegedly cut like isnt reason hes back office come thats like siblings sibling hard core dirt said sibling hang onto information tick happens momma dont know done day trump truly think going able f elon going noooo im going put dirt im going little bit time want give chance see im playing blow spot ppl doesnt know type blow right means im putting business like someone hse know youll try twist things anyway trump keep elon think youre bad hes going show whos baddest lets see hes going let slip next trump better elon wants everyone else climb aboard b get left behind fall line trump elons juggling little balls,1
imagination trump looks like snake lizard face,1
beloved elon musk instead waging war utilise time attaining souls jesus lost money god compensate work try please lord jesus much jesus suffered reason leave revenge god god handle favour work jesus get favour simple humble suggestion say love pls pls drop lovingly cv varghese,0
wasnt musk one statement war,0
baseless would call,0
musk prometheus,0
musk bitter never invited,0
Farayadayana Salapa Naradharamanada,0
Dhafanasa Atarana,0
Anamana Naradharamana Kalayama Kasatara Samachara Madadata Kalayama Lala Sadha Chala Ana Namamatha,0
Naradharamanada,0
would believe pam blondie oh right maga,0
would like see list im going democrat,0
like musk justice matters ok musk know everythings donald trump white house team workers corruption mafia like kash patel also pam bondi ok thm trying help donald trump dirty scamp america people whoa shameful remember justice matter,1
man made president could man,1
real reporter believe real,0
shes goaat,0
love palki sharma always tell like orange faced stranger side world,0
perfect roaster,0
person called china corona virus still call wuhan virus wion channel earlier thats chinese one kicked fire,0
shes firstpost indian reporter palki sharma upadhayay classy savage,0
started video saying lord real belief lord want know truth world follow,0
palki sharma wion news reputed journalist india roasted trump big way earlier well tolerate racism 1 country persons colour india let tell trump whyte supremacists racist magaotts 1d tariffs 1 crimes indians usa post trump election begun boycott american businesses companies,1
anchor tbh really biased sometimes loves trump trump says good things india modi nd hating trump putting tariff,1
news mommy,0
its real legit indian anchor pieces amazing u must hear,0
log,0
irritating laugh irritating,0
love well done thank,0
lady roasted,1
india media really knows hit bone,1
real name palki sharma first post india,0
mad president america first,1
palki got chills go full roast mode sometimes,0
mcdonal actually making america hell indian respect us citizens trmp,1
palki sharma pro indian journalist first post sometimes sass needed point propagandas propogandas supports spreads need find another chanel opposite views internet blessing,0
dont rely bulky sharma modis shoe licking journalist india,1
palki reporter no shes roaster,0
wish palki could talk strength indian government unfortunately thing india american press trump thats really journalismthats biased journalism needs show kind courage ask difficult questions governments heredoes shewould,0
dont get swayed comes lobby godi media worshipping trump years back different people speaking,0
Issss real,0
Real Thats Palki Love Palki Proud,0
lost said wakanda,0
bkl mkc know im talking name,0
think its true saw another channel,0
yes palki mam india damn real watch honest reporting topic amazed way reporting,0
SHES PALKI SHARMA Upadhyay Real,0
thank attention matter,0
begging nobel prize unpresidental,0
popular news reporter india,1
channel name first post anchor palki sharma,0
its real,0
ai cant believe real hilarious,0
popular indian news anchor name palki sharma,0
real,0
Love Palkis Reporting,0
proud india india teaching truth whole world kudos palki ji,1
legend reporter country,1
indians 1 maga whites felony trump,0
absolute comedian fact renamed donald duck,1
supreme leader north korea noble,0
donald trump number one joker,1
trump gone mad nd time got elected nice team later destroyed everythingdnt know consults nowadays,1
Real Palaki Sharma FirstPost,0
shes world famous,0
america making enemies,0
Jocker USA,0
Wakanda in Oh Love Palki,0
real another tuesday palki sharma upadhyay,0
wakanda forever,0
honest reporting country,1
trump wants nobel release epstein list n also neutral diddy case n also try best actually help citizen pockets,0
one tv anchor india nf doberman trump,1
real girl india enjoyed want content countrys supposed non biological leader,1
check uk etc never holds back,0
india yes love thats sensible indians feel trump,0
dang,0
haishhhh country malaysia work hard making thailand cambodia signing ceasefire part asian countries alliance dont really understand trump take advantage saying hes one dont even ability prevent benjamin using military continuously shooting palestinians people doesnt even know palestinians muslims got killed palestinians orthodox palestinian christian get killed respect trump ending woke people take government looking nobel peace prize policy sorry sorry haisshh wonder china already step ahead today,1
shes well known anchor shes real name channel firstpost,0
Thats Palki Sharma,0
people getting excited dont would never ever say something like pm minorities poor farmers soldiers getting prosecuted country outburst beacuse tariffs mass deportation illegals otherwise travelled washington report trumps victory,0
watch live show firstpost youtube channel called vantage one hour global news serve pinch raw truth twist spicy fact,0
real reporter indian reporter fire,0
palki upadhyay journalist good definitely check coverages,0
see cant get enough shes amazing,0
satisfy gets wakanda empire,0
maybe missed looks like credits ms palkis original video missing videos description,0
gravity would exist,0
palki sharma always rocks,0
news anchor firstpost also many joker politicians trump supreme leader americans need stop playing senile presidency olympics ask better things world american state shows uninvited every matter around world possibility oil weapons drugs,1
real indians love palki sharma upadhyay,0
doesnt deserve damn thing especially noble peace prize,1
india yes listen one legit unbiased reporter rare kind yes us think trump shameless clown,1
horrible anchor,0
donald tusk donald trump texas wake state flag,0
Thats china fear lady journalist palki sharma upadhyay shows ban china palki sharma upadhyay best trump,1
china banned her,0
real name palki sharma search trump never win nobel peace prize vantage palki sharma youll get original video,0
guys lick pakistan islamic jihadis ass pointing india yeah fools trump admin realize youre mean aim muneer terrorism osama bin laden army uniform mind it,1
dont fall bs bjp mouthpiece never speaks bad prime minister modi guilty orchestrating genocide christians manipur well gujarst riots genocide,0
beg guys give nobel prize cant sleep,0
Anapasatada,0
wakanda,0
palki neutral journalist shes totally pro ruling party india,0
follow see,0
Cooking will like Tarmap and Makran,0
thats palki sharma never hesitate straight face cant anything,0
fair share trump boys india lady watch dont like,1
best indian media channel right palki savage mince words,0
ms tabitha dont fooled shes indian version fox news also call godi media ill admit shes right,1
good dont fall everything says shes modi mouthpiece,0
well obama get bombing millions innocents whole middle east trump get,0
im right sure though,0
system corrupt get money politics make crime accept bribe,1
one party war party,0
democrats bad republicans america dark place youth america need step forward take mantle fight old corrupt regimes,1
subahanallah alhumdulila sister true honesty point,0
somebody please get lady xanax,0
hell yeah im agree f democrats republicans lets get right,0
democratic party national level finished,0
guess whos hanging religious zealots,0
patriotic fire loins smoking,0
hope reason turning republic party fact much evil,0
future consciousness body suggest useful framing order shift th dimension basically awareness consciousness time passing im creating words im operational theater consciousness physical body thought residing rd dimension broadest sense represents future,0
neo default mode netuuork one newborn q uuorld p illumina god seven n vitamin c angels l prime day k neutral j blue wave tetris h radiation g stargate f battery e spirit fairness c mirror b future conscious agents use geometric consciousness netuuork connect coordinate collaborate pineal gland pineal gland conscious agent cellular automaton cyberpunk augmented cyborg cybernetic android data star trek eternal virtual,0
fox made offer cant refuse need new younger blood,0
trillion,0
nations get governments good example us try implement,0
agree percent done playing right left crap jobs,1
talkthen walkdo something got platform,0
evil occupieing oppressing apartheid genocidely wanted war criminals benjamin netanyahu president united states shame shame shame trumps evil hes hole government treading money lifes palistinean men women children babies free palestine,1
ana president,1
fuck wanting deliver liberalism mental illness,1
wow sista said,0
anna seems thoroughly read mine agree,0
anna,0
need take back house senate duh keep voting put republican leaders deceitful shit gerrymandering trying cut people voting,1
dont votes override house senate,0
ranked choice voting two parties choose ranked choice voting,0
she collecting money far right groups hypocrisy strong one,0
dems republicans anyone takes dime aipac get vote chance america take back country ban together,1
needs run public office,1
shes truth teller may god protect,1
belief america,0
radical zealot religion secularism left wing cult cannot tolerate god cuz god exist cant god,1
need push forget legal politically correctthey need leave,0
well done ana admire support moral compass say correct time people world stand transparency demand governing body people people soto people world ineffective apathetic corrupt politicians say stop feeding beast stop voting dont feed starve time new world wars money power climate crisis doorstep forgotten internet chat gpthi ask questions go get truth go local mp members parliament educate rights,1
could agree seriously whats point us even government behave maneuver,0
love human,0
well said maam,0
shes ever running white housethats first woman president,0
joe biden evil,1
looks like cenk everyday,1
collosal clown show game know sustain imbecilic majority,1
fall love w ana everyday,0
love,0
ana powerhouse,0
facts,1
totally agree ana kasparian women strong voice see clearly get job done changes need made government,1
partydictatorship bussy taking bribes anything people,1
agree parties need go,0
love ana,0
agree ana,0
keep noble work,0
good real president stuff,0
best,0
shes right,0
republicans protect americans democrats violate constitutional rights,1
Angel Ana,0
need back united states america like used prebush father everything great back misery homelessness like people make look much better ever,1
np,0
go lady love,0
jesus love,0
channel,0
thats trump know,0
need new party,0
one biggest fans ana amazed ability call things real names prevent tampering terminology strike directly head snake,1
ana senator need,0
ana got gun,0
one ever wondered israel cartels connected,0
agree big disappointment clinton obama corrupt democrats like schumer pelosi genocide supporters lead fascist zionist forces take america sold country abused taxpayers money trust crooks core dont care america theyre making money giving lectures lavish lifestyle,1
agreed,0
mormans worst,0
religious zealots spikes,0
us needs new political party jeremy corbyn style,0
ty,0
democrats republicans r deep state stooges,0
done parties its shame people didnt vote jill stein president,1
wear hijab go back stone age done,0
ask date anna sooo alike,0
yah go bidens war laughable kamala harriss book poor doug anna,0
trump thanks good work advancing agenda check trump coin wallet,0
love man telangana,0
investigation,0
oscar acting keep,0
har har mahadev,0
architect modern india one favourite leader,1
Bahuat achhe gurudev muh mein raam bagal mein chhuri,0
someone said pakistan tamilnadu china,0
sorry say fact example chameleon change per requirement state political system,0
sir required learn language release fund state educationand agree archeological resultsinstead word politics thing statewe know already said tamil orissa elections,0
Shameless Convicted Criminal Bloody Mass Speech Insulting Minorities Mafi Mafi Mafi Language Get Lost,1
saw shameless creature living planet somewhere thinking seen saw video still got likes,0
dogee,0
Say keys puri jagnath tamilnadu slander v k Pandian IAS,0
years vote catching u liev vl nit care,1
absolutely correct v putin nr politician century,0
mean putin legitimizing trump,1
shaddap bolton arent helping matters,0
convicted criminal hosting wanted international criminal war crimes american soil good look america political justice system affront american international laws,1
expected another trump taco shitshow,1
doctor zoyberg want stay relevant,0
great man shouldve president,0
would anyone listen pos,0
serep yuer lostvo putinez keng foryu,0
pariah zelensky slaughters people hopeless war instead using diplomacy,1
bolton legitimizing putin time,0
trumps knees hurting mouth really sore way back,1
neocon ideology makes smart people believe stupid things bolton prime example,1
guy national television lives years ago mentality old belongs nursing home dream past lives past,0
trump tail legs whole time leader yes man,0
balloon rendezvous rose air burst became empty air,0
exactly previous administrations attitude caused mess hundreds thousands people died already shortsighted stubborn irresponsible foreign policy previous us administrations,1
bolton ignorant bigot even know meaning word pariah ounce decency apologise use word going call bastard,0
almost democrats want dt fail killing continue,1
yep one criminal invites indicted war criminal stand free us soil without immediately arresting one example us stuffed,1
credit something come hell talking aboutjesus dont insult american population,1
bolton warhawk bottom feeding lowlife talking mouthpiece military industrial complex western europe wont see fighting front lines ukraine,0
trump already stopped wars,0
jon bolton keep getting booked hes wrong everything,0
john bolton warmonger could jailed wars took us,0
course trump failed deals close teenagers,1
norway giving trump prizes,1
dont special affection mr trump let tell sir legitimazing anything sale ancient receipt document clumsy russian leader time agreed sale whole alaska usa better check maybe saint petersburg also sold vodka didnt make possible russians see small characters,0
orange taco pariah legitimized,0
putin kicked trump nuts gave back alaska minutes,0
ahhh boltonthey guy kept insisting bomb iran,0
bolton brennan clapthe biggest crimboes america ever producedworse capone dutch schultz even joey go gaa build scaffold pull trap door f scumbags,0
bolton wrong us position say winning opponent trump loser bolton wrong views foreign policies,1
putin smart man,1
trump performance bs amd behind performance catestrophic failure backfire outcomes hundreds times harmful good im praying followers beginning wake reality show,1
congratulations mrbolton always great conversation,0
guy idiot cares thinks,1
john bolton corporate stooge warhawk,0
trumps dupe,0
bolton fascist pro war continue promoting violence around world,1
abc news interviewing bolton legitimizing stupidity arrogance,1
zelensky must hot collar trump usurping world stage wouldnt,1
journalist put question trump sanctioned india china reason given,1
anglosaxon thugs always thinking others pariahs,0
hillary clinton actually aid would nominate trump noble peace prizeshe must worried husband epstien,0
idiot,1
people dont even know countries real certainly dont know arehis voters surely clue countries realand could care less,0
bolton total stooge one believes crap loser,1
thank mr bolton taking mr trump earth nobel pease price shall awareded toa fellonperiod,0
meeting putin doesnt legitimize trump breaks us laws every day,1
trump enabler bolton guilty association,0
mr bolton trump 1r hiw u0inged ad sadistc war monger nothng f value offerhe example make president even worst scenarios,0
cannot believe bolton voice reason,0
bolton real pariah,0
fitting neck tie,0
open except armageddomn end point story happen,0
Celelsky chance was open quelquer spark,0
giving ukrainia zeleslensky sleep past week god note pastor sheep,1
saddam neck stretched sons shot thank god libyan leader gaddafi typical ending life dictator mazzolini wife pretty brutal ending hitler didnt work good either list goes trump think long hard path hes,0
trump awful big lap dog,1
doubt trump discussing affects brics,0
really sure trump even knows sovereign means could care less,0
iua cleaning worlds world expecting ass damn terrorist state,0
turning ucrania jumping point attack russia wasnt part deal,0
bravo john bolton spot,0
completely agree sentiment,0
bolton holding us government job years early form dei,0
disappointment fact smart people judge much glory front masses ignore smart western people orchestrated last years poke bear everyday deal signed one inch nato extension,1
legal authorities failing putin arrested touches us soil,0
remember bolton helped design racak masakre kosovo triger bombing serbia days crime done bolton,1
bolton lives outside reality donald trump still credible bolton chaper,0
trump moron putin screw trump america,1
many billions ended trumps personal accounts russia,0
bolton prowar,0
bolton sad sorry didnt work ya buddy,0
warmonger arteriosclerosis,0
get never trumpers air bolton national security director supported every move trump plus bolton looking making money new book right first impeachment bolton room head conversation ukraine president trump wanted hold press conference ukraine justice department launching criminal investigation biden crime family go make press conference weapons ukraine receive would shipped,0
trump one new member axis evil,1
release pee tapes,0
abc assured us sleepy joe sharp tack idiots believe anything say,1
light weight john,0
bolton pariah human,0
chump mentalcase sitting poopin lol,1
bolton war criminal,1
pariah thats rich coming john bolton,0
ambassador bolton correct explains current situation accurately,0
says one hawks chief,0
bolton war monger always long list countries thinks us invade long advocated interventions would keep us involved perpetual wars planet beyond bolton perfidious liar little anything says believed,0
f u bolton,0
jack tiscione skum bag bolton one pos keel c skrj,0
root problemtrump,0
redistributing jerrymandering legal done election called rigging fundamental principles law justice fairness law must target anybody either positively negatively means jerrymandering must done benefit incumbent opposition consensus could done implementation forth coming mid term elections,0
americans sick republican corruption big kiley,0
bye kiley dont care lose job didnt care half federal agency workers terminated step maga,1
californians angry trump tariffs big beautiful bill lets forget ice trump acting like authoritarian californians rest country ready new congress senate trump trying steal seats texas country knows exactly going trumps cheating again,1
its sad way republicans lie much distort facts gavin newsome playing game,1
gavin newsom go ahead redistrict map support texas california,0
gop rep kk good spinner nonetheless spinner still spinner,0
might lose seats fear,1
well repguatns sterted,0
democrats pit much since obamawhich led trump w1ver wants including supreme court fighting back need guy needs go talk texas,1
need sit day late dollar short period,0
cali isnt redistricting without people r vote knows cali voters get decide its one time thing honest kiley,1
newsoms political career everyone got see bad run california,1
blind republicans taking page democrats playbook democrats gerrymandered congressional republicans almost extinction illinois trump got vote gop house seats massachusetts trump got congressional seats democrats state several democrat run states zero gop representatives congress,1
look past whats said see intent aint learned nothing warning came destruction destruction warned november a lot yall didnt listenlike,0
Civin's pretensions.,0
ha guy dude dont get cry people arent finding common ground playing nice dems played crap long thats were,1
hope,0
republicans already done tremendous amount redistricting past years keep maps already loss democrats people,0
tex democrats run worst states gerrymandering california illinois massachusetts hypocrites,0
ca would voters choose gerrymander state voters giveth taketh away,0
let ai choose area,0
hes interested self preservation,1
appears hypocritical statue lady justice behind kneels party headed one worst criminals american political history,1
fourth strongest economy world,0
glaring overlook nerd house gop nothing thats responsible particularly dear leader says otherwise,0
yes heading,0
dementia donnie,0
badly districts gerrymandered nation wide,0
dictator got dictator got eliminate valid elections,1
hosts giving guy way much credit sure talks good talk hes politician put responsibility democrats lazy pathetic,1
dont blame jeffries dems tried address gerrymandering every republican voted,0
trying overturn voters voters get decide clown republican,1
republicans missouri constantly ignore voters way cheating,0
needs shove,1
democrats samething want bill stop mid decade republicans makes sense,1
request trump texas going lead country dark cant say work its happened country,0
way go congressman kiley,0
andy harris needs resign danger state md,0
hes deepening voice interview guy highpitched voice hes giving stump speech its pretty hilarious,1
newsom decent politician,0
isnt states wh trump knows hes going lose house need vote crying loud,1
avoided answering questions arresting government harassment political enemies thats pushback neeeded,0
republicans ashamed republicans,0
corporate media covering anti trump regime protests america fdjt,1
funny were hearing guy ca threatened retaliate texas also note hes calling fair maps wants freeze status quo status quo republicans already gerrymandered advantage miss bs pretend bipartisanship,0
every state play rules period,0
number attempts democrats end gerrymandering federally least republicans zero refusing democrats hr,1
oh 1 gerrymandering kiley tell texas first,0
went many elected republicans seem willing go well done certainly stopped short criticizing fellow legislators allowing trump remain unchecked obvious power grabs,1
hes afraid trump,1
gop always showing big foreheads,0
lol california worse texas longer blatently trying walk careful political line,1
never vote democrat insecure control freak socialists,1
guy chud hopes people stupid see hes lyin teeth,1
politicians dont need done nonpolitical entity,0
dont start nothin wont nothin fafo,0
stop whole sides done arguments republicans take ten times,1
republicans texas demonstrating arent interested free fair elections theyre interested gaining keeping power,0
support newsom,1
fearing job loss coward,1
unpopular american people voted overwhelming numbers get done,0
dude refuses admit culpability republicans,0
maps gerrymandering let votes count voter suppression,0
fighting traitors amd fascists aka republicans,1
guy vote budget bill,1
credibility cast blame others instead telling facts trash republicans,1
didnt care democrats,0
yes changing representation another state could legitimate reason behind political move kiley used word correct definition pretext according meriamwebster purpose motive alleged appearance assumed order cloak real intention state affairs claimed texas right remove representation claimed could real reason im assuming republican state government cambridges pretended reason something used hide real reason note pretended oxfords definition reason given justification course action real reason note words real reason newsom proffered texas state government using trump administrations pretext reason redistricting first pretext trump administration either words meanings word extremely disingenuous well insulting well inflammatory objectively looking timeline trump administration actions overall wonderful effort finding common ground representative kiley,0
finally common sense move forward lets remove trump oval office,0
havent seen indication newsome trying eliminate redistricting commission override commission texas middecade gerrymander id lot happier everyone would stop gerrymandering dont see happening fish gotta swim birds gotta fly politicians gotta crook,0
somebody afraid reelected districts changed california,0
minute trump denounce kiley rino,0
there say redistricting way go way really msnbc maybe could mention illegality address authoritarian element maybe could mention current maps already heavily skewed republican presidential election never fair first place,0
typical republicanavoiding answering question,0
problem bill gets thru needs signed president know gonna sign,1
elbridge gerry republican,0
doesnt matter its couple republicans always fall short right thing anyway ohh lost one close,1
joke country dealing drugs country trafficking trump getting ready new world order oh yes courageous cant even produce files benny johnson found files diversion war,0
icem,0
pam bundy beautiful woman,0
lung live maduro pulmonary live venzuela usa on usa answers,0
long live maduro long live venezuela usa israel,0
provided text offers detailed multiphase interpretation hypothetical scenario donald trumps decision place bounty nicols maduro framed selfdestructive spiritual act leading political downfall here breakdown key elements summary core argument presented text core argument central thesis trumps million bounty maduro merely political foreign policy action spiritual one violated divine order act described raising hand one god allowed stand portrayed act hubris triggers chain reaction negative spiritual political consequences ultimately leading political personal ruin text uses metaphor political suicide describe process arguing trumps actions selfsabotaging phases downfall the trigger bounty identified initial act disobedience divine order compared biblical story saul david suggesting trump failed test humility spiritual authority the invisible wound phase describes subtle yet consequential spiritual political backlash text claims divine favor lifts leading fraying loyalty intensification legal media troubles moment suicidal undertone begins decision sets motion irreversible forces the boomerang phase highlights principle trap set ensnare text posits bounty backfires maduro gaining legitimacy trumps image dealmaker undermined weapon turns back leading political suicide isolation collapse phase describes increasing desperation loss support compares trump saul consulting witch endor symbolizing loss gods counsel politically manifested legal defeats betrayal former allies the final fall final phase concludes narrative downfall framing divine reversal trumps legacy tarnished influence broken enemies celebrate demise text explicitly states downfall result law divine order external political forces theological psychological elements spiritual vs political text consistently blurs line spiritual principles political outcomes uses biblical analogies sauldavid daniel prophetic principles psalm interpret political events hubris underlying psychological spiritual flaw attributed trump hubrisbelieving rewrite divine arrangements arrogance presented seed selfdestruction selfdestruction concept suicide central metaphor presented literal act symbolic one persons actions lead ruin text argues opposing divine appointment trump engaged fight lose thereby sealing fate in essence provided text factual account theological prophetic interpretation hypothetical event frames political action bounty maduro pivotal moment spiritual transgression according authors framework sets selfdestructive chain events,0
get felon one,0
perfect excuse us go take oil,0
mad trump trump nothi0 nothing madhuro,1
watching san francisco california maduro prison trump become really hot news worldwide,0
need put bounty epstein files order diddler chief release thought would least release name redacted,0
oil venuezela country rich oil,1
Maduro Jail Maduro Jail Maduro Jail,1
sad america trying get venezuela like iraq,1
america,0
guyana probably rejoicing guyana belongs guyanese,0
get boss,0
stupidity nonsense behavior trump administration toward sovereign elected president wrong information given trump cia regime change rubbish,1
alex jones infowars sold pay sandy hook families judge rules judge ruled jones sell infowars assets including studio cameras brand name help pay billion owes sandy hook families finally cockroach pay,0
share cell trump x bein ped,0
course trying install another puppet leader oil rich country def need freedom,1
go seems nobody learned anything vietnam war leave countries alone needs worry happens us,1
trump coming maduro oil,1
release trumepstein files,0
Presa Trump Benjamin Netanyahu,0
trump doesnt two nickels rub together hes wasting money,1
south park,0
maduro offers million reward anyone releases epstein files,0
miraflores palace venezuelawhere reward,0
boots ground mr trump boots ground needed free venezuelans boots ground,0
save world murderer trump,1
whoever turns receive iou,0
one going find,0
lock trump smh,0
taco world laughing face,0
Viva Independiente Venezuela,0
shes lying,1
main source destabilization region usa,0
maduro speak english,1
juan wick venezuela,0
agree agree machado peace woman,0
agree pan bondi,0
epstrin island bounty,0
oiloil effing oil,0
wanted alive million reward,0
something havent seen may see outstanding,0
heard better life post sadam n ghadaffi look see happened countries ones pushing war hide behind peoples children protection,0
much arrest netanyahu n friends,0
Alexandro Morais Lula Coaked,0
venezuelagive mill,0
wooow ask public,0
bondi also held accountable crimes,0
light trumped betraying venezualans foolishly supported would believe bounty would honored oh thats right theyre venezuelans smart lol,1
know called opposition leader asylum seeker usa maduro wipe,0
would get killed trying find guy find got arrested cartel come looking,1
trump idiot time pure balls especially going cartels president venezuela,1
way,0
its cool another united states government takeover another country trump started first term office hes finishing unfinished business,1
fake news,0
must arrest epstein list first clean home stop wanting venezuelas oil,0
finally dont know else try make guy surrender,0
maduro placed amount money epstein files,0
got info abiut maduro venezuelas presidential palace know want million,0
release epstein files tryin distract us whats really going behind scenes,0
lady funny never puppet really need,0
dont trust america,1
dont forget rest president israel war crimes,1
gonna release list trumps,0
didnt give trump wanted,1
smell oil,0
pablo escobar house anyway biggest drug dealer criminal caucasians,0
hes cooked,1
love guy caused much misery go trump go,1
buddy dead,0
need go jail killing people smh,1
happens fellow trafficker rats,1
maduro venezuelan president,1
need put million bounty trump bad criminal many despicable crimes,1
great amount money,0
dont get wrong maduro bad period millions pennies compare gazillions us make us take venezuela,1
miraflores venezuela need force go get,0
im way,0
much poverty world mil spend take whats,0
million tax free taxes,0
us wants venezuelain oil full stop remember lydia mohama gaddafi,0
dictator fighting another dictator,1
hindustan called bird sauna modi ji showed whole world also lions sauna soldier hindustan jai hind,0
chanakya niti apnaya hai modi ji,1
im sure hillary call monica purposeful directiondown hall take right oval office desk,0
stop talking lock,0
another liar trump mental illness,1
tulsi one outfit,0
guess 1d cigars couldnt,0
stupid maga politicians right wing media liars,1
jd vance cat woman,0
everyones seen seizures camera its surprise its theyre speaking,0
ive seen youtube hillary clinton carried suv spazzing spasms definitely neurological problems,0
still free bird continue crime sprees accountability,1
adrenochrome witch,0
dont hold breath waiting aint never gonna call back,0
explains hillary nuts,0
cant reply shes really pissed,0
oh word,0
gabbert providing unredacted information public like epstien files claiming russian spy agency well obviously trust russian spy agency didnt vote im stupid enough trust anything putins government youre fing mind,0
knew cracks face,0
typical demonrat,0
makes sense thought another psycho democrat,0
glad hilary never became president,0
well well well,0
get drug tested make money pays wages long past time drug phyc test government employees,0
democrats huge mental health problems,0
well true explains lot,0
treason plain simple,0
dahuuuuude filter channel people workin time yikes blame donnald crews,1
duhshe people murdered,0
reached hillarious clintons office got crickets,0
shockednot,0
find stupid crap somehow files desk actual files gives crap hilary release epstein files wake people dont let get away,0
like horse,0
years ago snot news plenty problems today lets keep eye ball,0
love red hat lies,1
sounds like felon,0
good thing crazy woman didnt win presidency explains bill cheats,0
ms tulsi salute beautiful,0
president epsteins files,0
JD Vancetulsi,0
tulsi bringing receipts emails back everything knew democrats toast fafo,0
surprise,0
freaking hypocrites distraction propaganda much adderall king take day many books written mental illness,1
well tell us republicans something didnt know rotten corrupt treasonous evil lying parasitic grifting con artist witch,1
make trump feels better,1
wait arent delusional past governors show territory parties,0
trump pdf file winning,0
hillary absolutely incompetent,1
old seahag walks plank one done bill may want help giving little shove ole times sake,1
tulsi fox come sewage system overwhelmed big piles crap,0
really thats beyond sad thats passes news joke,0
girlfriend whose mother clinically insane shared several behavioral characteristics hillary clinton,0
wonder laughed loud,0
kinda looked like lot drugs alcohol hillary biden kamala waters pocahontas pelosi sure tells,0
thats hid shredded docs,0
shocker,0
quite obvious hillary narcissistic psychopath delusional tendencies,0
smearing sec clinton distract trumps perversion,0
love way hillary getting exposed lunatic,0
doesnt surprise,1
unredacted epstein files,0
know destroyed emails,0
oh lauraconsider source also found new allegations obamas treason btwwe saw videoshe yoa,0
like didnt know,0
hillary knew along,0
one paying crap mine release files,0
bipolar,0
course people going denie psycho government like idiots denying biden vegetable,1
knew know hillary clinton shell never pay,0
law mental health issues,1
anyone thinks hillary stable well adjusted human,0
lib dems prescription drugs craaaaazyyy,0
unbelievable behavior hilary,0
political annemity high functioning difficult staff,0
shes setting things biden get standing trial,0
duh,0
drug problems,0
pretty story q,0
surprised havent heard back hillary,0
stop release epstein report get,0
thats obvious,0
hillary clinton heavy tranquilizers knew long time ago nobody would listen heavy heavy,0
think everyone media especially politicians issue,1
bs bs bs bs bs bs bs fox still lying tune pm bs,1
dont hold breath waiting phone call,0
dye job insane tulsi big news people country believe ron white says cant fix stupid,1
russia trying help hillary right telling us hogwash really helping trump allegedly,0
wha wha hillary bidenobama look epstien story,0
always said woke lost left along millions millions people said mental disorder along without spiritual compass,0
Natak Acha Hai,0
violence hatred corruption,1
child play,1
Got Laundry Bag Bin Itane Bure Din Chal Rhe H Pappu Ke,1
Foto Session Modi Majjhe Le Raha Hai,0
hight bootlicking,0
bupness,0
said egypt jordan usa n next,0
every prime minister fake state israel changed names sound less european netanyahus real surname mileikowski,0
rd attempt ethnic cleansing gaza started back never heard anything like,0
funfact palestinians semitic people chew every time israeli calls people anti semite,1
proper scum,0
zionist nazi came palestine racism hatred machine guns terrorized israel,0
nazisan murderers taking entertainment alestine children trump helps crime,1
thanks prof mearsheimer,0
land people people lands,1
united states supports done thing native americans,0
zionists semetic,0
buy land,0
tucker wears red string braceletdo research,0
give weeks theyve learned guess ridiculous israel needs stop,1
pl tell us native american got land,0
mixed slavic tribe turkye tribe,0
arabic ppl also semites wth,0
hello theft murder envy ur neighbors stuff almightys commands given moses satan comes kill steal destroy bibliobiblebook,1
brilliantly explained need know,0
israel nazi middle east murderers thieves stole palestinians land bless palestinians,0
mexico indignous wool hair people like middle east,1
damn,0
prof john mearsheimer much respect,0
stop bs ugly kapo,1
two apologists putin suddenly defend palestinians something right,0
makes wonder palestinian people really dangerous zionist paul bible says blinded,0
absolutely revere professor mearsheimer,0
theres nothing new sun,0
rubbish jews came europe refugees really need go back school educate stop laying,0
america thing yall argued huh theyre bad us thats countries allies sadly,1
guys sick world doesnt want invaders destroy harmony amongst brothers sisters,1
zionist yte supremacists short simple,0
fuck israel big one rchilds set,1
give israel back palestinians,0
america responsible,1
wow educational thank,0
using religion justify murder sin,1
history created based lie spinoza telling us clearly years jesus,1
aslong pariah zionism israel terrorists state exist palestine peace middle east world,0
ggodless aknazi fake jews european zionist muslim cristo jewish landssend back europe usa,0
israel existed much earlier bc arabs really stole land,0
everyone pretend jews house give palestinian back homes,0
note palestine iraq folks part hold dna makes indigenous land theyre semitic true israelites keep mind jesuss people,0
world woken,1
white euro trash dumped palestine,0
1 jews much,0
descendants shem ham mixed europeans real jews hammitic people dark skin people,1
scrutinize every country dont single israel,1
jewish federation mafia communist world jewish congress,0
anymore lie people,1
ashkenazi ben nazi babylonian akkadian skulls hide truth beings planet theyy jihad makob flesh eaters,1
claim antisemitism none semitic semitics around ones theyre butchering,1
since israel going fail seeing lot europeans fault nonsense jews arent european never,0
yeah add onto jew bolsheviks starving million christian ukrainians holodomor poisoning food land,0
zionist say names cowards,0
gone right fiddler roof,0
theres reason jews kicked every country tried take insufferably ethnocentric greedy sociopathic,1
white jews fake jews worship satan,0
jews supposed go,0
jews long palestenians,0
dont know anything got question might dont know arabic countries allowing,0
hebrew jews spiritual bonded kas jws false zionist jws fallen synagogue satan,0
whole world waking time percent,0
way call manifest destiny,0
truth horrible cowardice criminal nightmare must stop,1
remember palestinian christians suffered,0
church new israel st paul makes clear,0
irony christiand ethnic clansing america years jews palestine,0
sounds familiar,1
america eu like rather guys us,1
free free aipac zionist,0
damn ppl always making terms keep dirt radar ethnic cleansing wtf wow nothing clean genocide call,0
cry everyday palistine,0
zionists even want kill jews follow torah,0
hes justifying its ok get rid,0
israel rumored working jeffrey epstein accumulate kompromat political blackmail would explain trumps blank check support genocide,0
error land full palestinians full houses numbers history clear much less full,0
jews europe jews claim land jews eastern europe satanic evil real terrorist god chosen ppl tribes israel jews europe,0
ethnic cleansing actually started increased worst,1
oh look tucker discovering real history,0
god done world,1
jews new nazis,0
even killed english people search stern gang party charge right,1
trump calls hoax actually true,1
tacos talking epstein files,0
yes theyre going talk epstein situation thats pretend dinner,0
files surface numerous people touched files possible someone made copy,0
isnt even topic meeting thats important its fact doj fbi executive branch colluding cant say,0
people make things worse like trump,1
say cover,0
put orange child jail,0
yup vances home talk th amendment get rid pedosent,0
fish wouldnt get caught kept mouth shut rev al sharpton,1
camp cupcake years trump join,0
trump guilty epstein maxwell trump belongs prison fact still president disgusting moment american history,1
suspicious content stopped voicing opinion,0
suspicious content explain,0
oh hey dont answer slimy mafioso tactics typically trump,0
people flood courts sue administration trump lies trump say every day american people,1
its hoax its rigged,0
really say its mainstream media obsession,1
maxwell never max security prison,0
msnbc fake news,0
next corporation thays going sued change mind,0
thank jd chiming eloquent try mimic hand motion,0
never think id agree msndnc wow,0
president jimmy savile disgusting,1
show us proof trump epstein kids show us last years joe biden rule show us proof,1
powel enjoying seeing chase tails epstein,0
f trump victims surely victims rights trump anyone else thinks law unless think law,1
dinner got cancelled trump eat hamburgers tacos,1
wont anyone please please please ask jaydee eyeliner im dying know,0
hoax donalds guilty election fraud donalds groomer nice choice,0
casual conference conspiring clowns nothing see,0
trump brain smaller peanut release real epstein files,0
power protects truth becomes louder story unfolding plain sight watching closely patterns message see else ive tracking,0
stop,0
russian russian,0
tribe got list,0
got list addresses everyone,0
never anything concerning thought trafficking children trafficking children epstein wasnt concerning words hold weight,0
sure sins find lord help show news,0
cmon jd youre going underhanded sink potus,0
ladies gentlemen give swamp,0
reportsis facts happening please show proof believe,1
sure lot desperate redactions hoax,0
bet slick willie pooping diaper,0
jesus shave neck,1
walk like duck wack like duck run like duck duck,1
hoax,0
tangled webs weaves trying deceive,1
god awful shame,1
epstein outrage msnbc cnn biden office everybody see nonsense hence ratings cliff diving,0
dinner schmucks,0
bunch liars,1
decor awful haha,0
maga tripping defending cult shouldnt trusted around children anymore,1
like,0
high level officials discussing cover paedos,0
im wondering melonia stormy thinking cover,0
whole cover corrupt stinks high heaven,0
wonder trump wouldve reacted moved bill cosby minimum security prison,0
epstein intel puppet obamas fbithey gave pass underage stuff knowing underage stuff yeah lets find obama pedos,0
bill clinton invite epstein white house times clinton president wonder talked,0
al sharpton lol dude doesnt know anything common citizen right though lol,1
maxwell said video prison aware epstein bad things word exonerate anyone,0
BLLY CLNTN SUBPENAD XPLN PSED N BLUE DRESS PAINTNG EPSTNS MANSIN,0
trump said one touches privates without glove maxwell handed year old katie johnson glove youtube search katie johnson,0
cannot clear eyes public around everything even telling truth know likely trump copenned art deal know likes make,0
stinks like rotten fish,0
nobody really cares epstein left badly needs change subject russiagate msnbc part anything else,1
correct answer pardons absolutely,0
pretty easy see running right edge way truth still needs come,1
know hes lying eye shadow starts glow,0
never knows people dothey onwhy dont know nothing,0
bull rap emanating wh spewed trump one thing bigger fake news fake th,0
accountability lies gets rid evidence lies,1
trump epstein two best mates part deep state young girlstrump must resign,0
love deepwoken,0
nbc hid epstein files,0
broken promises poor poor ari melber nbc ari spooged epstein files disgusting years america,1
let keep talking,1
bill gates knows,0
wokes epstein files wokes hid epstein files wokes imposters,0
sick democrats hid epstein files,0
release files stop dicking around,0
its epstein situation its trump situation,0
could stuff ballot boxes lying politicians representing democrats kamala could car burning looting emotional protesters like think democrats convinced americans need prisons mental institutions,1
msnbc need race baiters network get viewership,0
I often avoid commenting on political personalities,0
I was never into politics and had no aspirations whatsoever,0
India Today on Instagram Indian politics is filled with,1
Jenn HermanInstagram Expert How to respond to questions,0
Indian politics is filled with politicians with stories that,0
Politics in a minute One of the statements,0
If a week is a long time in politics even a day can shape,0
INDIANS on Instagram Before time runs out we must protect,0
Politics is deeply personal for those who shape it and for,0
I used to love talking politics especially with those I,1
An engaging conversation on Bihars sociopolitics with,0
W1ver your view on politics and I appreciate it can be a,0
That sports and politics shouldnt mix is one of the most,0
Union Minister Nitin Gadkari strongly criticized castebased,0
Shasan The Politics of Language Dividing People for,1
I had a meeting today with Delhis Chief Minister Mrs,0
Uff ye bhaichara,0
Aab yeh dono mil kar modi ke le rahe hai,0
Putin ne ek bar bhi paw paw ne war rukwa di ko yaad nahi kiya matlb wo jhooth tha,1
Lekin wo war toh paw paw ne rukwadi thi,1
Ye zuth he war to modiji ne rukwa di thi,1
Right wing Indians dont want to admit the truth and give trump the W Meanwhile Indian leftists are throwing tantrums wishing Putin havent said that,0
Trump is not holding a meeting in Alaska MR Donald holding a meeting in Russia N Alaska is a part of The Grate Russia,0
True all putin would say is heel and trump would roll over,1
Wish Gruu cryimg in cornor na putin mila na trump,0
This is called trump card,0
Pel dia bhai ne to,0
Dear Putin please dont say that trump is a genius this time,0
Trump doing hard for nobel price race,0
Vote chor gadi chor,1
Vote chor PM,1
Ye bhi kuch din ka hi mehman hai,0
Garib ke paas khane ko 0i naukri 0ipadai ke liye paise 0iaur usko dekho,0
dictator fighting another dictator,1
hindustan called bird sauna modi ji showed whole world also lions sauna soldier hindustan jai hind,0
chanakya niti apnaya hai modi ji,1
im sure hillary call monica purposeful directiondown hall take right oval office desk,0
another liar trump mental illness,1
stupid maga politicians right wing media liars,1
everyones seen seizures camera its surprise its theyre speaking,0
ive seen youtube hillary clinton carried suv spazzing spasms definitely neurological problems,0
still free bird continue crime sprees accountability,1
adrenochrome witch,0
wow great unbiased political reporting fox news wow anyone believe story remember trump told us intel agencies wrong russia sure trust dni,0
dont hold breath waiting aint never gonna call back,0
explains hillary nuts,0
cant reply shes really pissed,0
another news flash deep state aka government employees among many people agree say w1ver ones charge tell knowing another years kissing ring different establishment meantime directors revolving door right right tulsi yet fos im hillary fan,0
think wasnt think secret service detail giving protection needed remember scene coffee shop head started bobbing around stopped bobbing said wow coffee everyone laughed relief wasnt coffee someone jabbed something shown barely able get car without help saw hustled cavern ireland reported ireland said disappeared gabbard wrong something got done clinton whether like victimized gabbard using typical victim blaming technique military officers trained use used like tulsi see shill pity,0
oh word,0
gabbert providing unredacted information public like epstien files claiming russian spy agency well obviously trust russian spy agency didnt vote im stupid enough trust anything putins government youre fing mind,0
knew cracks face,0
thats dem party character assassination dni gabbard ran potus dem ticketshe one better candidates wouldve voted dem frontrunner wanted prevent position authority accused gabbard russian asset deplorable lot,0
makes sense thought another psycho democrat,0
glad hilary never became president,0
nobody anything hillary biden nancy kamala etc etc knowing huge mental health problems still charge country fkn crazy demorats seem problems use drugs alcohol,0
well well well,0
get drug tested make money pays wages long past time drug phyc test government employees,0
democrats huge mental health problems,0
treason plain simple,0
dahuuuuude filter channel people workin time yikes blame donnald crews,1
duhshe people murdered,0
reached hillarious clintons office got crickets,0
shockednot,0
find stupid crap somehow files desk actual files gives crap hilary release epstein files wake people dont let get away,0
years ago snot news plenty problems today lets keep eye ball,0
love red hat lies,1
sounds like felon,0
This programme is useless at discussing politics what a comedy act yet again Why do they continue to invite has beens on their show,1
r they sent us to the CNI with the Islamists of Ripoll and fifty days later the polis in stomach us in the meantime the EU saying that they were internal things of little corrupt that,0
It was the best day Ukraine has had in a very long time But its still hard to see how the war unleashed by Russias brutal invasion ends any time soon Russia Putinswar,0
President Trumps Signal on Missing Children Donald Trumps message is not a routine diplomatic note By raising the issue of missing children with Ursula von der Leyen he is pressing on the darkest nerve of global politics The very elites funding endless wars Ukraine,0
The reasons stem from economic and policy barriers Chinas capital outflow restrictions limited foreign buyers the main target COVID halted travel and sales and local politics like Mahathirs foreign buyer curbs added hurdles High costs units k and remote,0
Pam Bondi has spent weeks arguing with ethics staff over gifts report,0
In USA politics both parties influenced by similar elite donors or Zionist lobby groups limiting radical policy shifts regardless of election results Capitalism is a kind of modern slavery,0
I used to watch you man and share a lot of critiques with this game but grifting to the right with your politics is too much for me What exactly is wrong with nd image Im a USMC veteran and I didnt serve my country for fascist shit so that the fascists could undermine rights,1
International politics is not the same as schoolyard bullying,0
Ohh shame we still have adults who believe in fairy tales of electoral politics Okay Politics and 1 aside if you translate the way of living in both SA and Zim at black lives level we just are going through the same phases of life Some wish situations remain this bad,1
Vaippu ilaye anna than politics poitaarey,0
Data shows Queensland Labors economy outperforms other states again via From Independent Australia th June,0
Politics Intresting Hai Jo Abhi Janta Ko Moh Lega Wo Badhega Aur Modi Ji Ke Alava Koi Nai Kar Sakta,1
Politics nti we push this under the carpet But Honeslty I share in your view,0
If you dont know his uncle you shouldnt talk about politics,0
No intrested in politics or bjp but YES no doubt,0
Shivajis national status stems from his role in antiMughal resistance promoted in Indian history texts and politics eg NCERT books BJP narratives Some in Karnataka accept this for unity despite local critiques like Belawadi Basavanna as a reformer promoting equality,0
Texas Dem legislator to stay in State Capitol after refusing law enforcement escort to leave Collier is a HUMAN BEINGTHIS IS A VIOLATION of county statefederalinternational laws civil liberties This ILLEGALUNLAWFUL DISRESPECTFUL behavior by TX R,1
BULLSHIT THIS IS NEWSWEEK THE REAL FAKE NEWS IS A LAUGHINGSTOCK THE ONLY OTHER BIGGER FOOL IS FAKING HIS LOVE FOR TAYLOR SWIFT Gavin Newsom surges in presidential primary poll,1
UI is a Kannada scifi dystopian thriller directed by and starring Upendra Its a satirical take on society politics and human greed Plot context In a fractured world ravaged by environmental destruction and divisions caste religion politics a common man named,0
As we have left the grace to some of the all inept,0
Can we normalize women not talking about politics in general,1
ragebait no I like to stay away from country wars and stupid politics and i guess both sides has their issues it comes down to how the media affects the perception of each country to one another each war looses people from both sides who wins Politicians Not you or I,1
Despite political disagreements on other issues several Arab states feel Israel must defeat Hamas and end the war for a fresh Palestinian political process in Gaza to commence Freeing Gaza of militant Islamists is key complicated both by Israeli and Palestinian politics,0
More than K Israelis according to the organizers protested tonight in Tel Aviv calling for a deal for the release of the hostages and ending the war in Gaza Video Yair Palti,0
RSS centenary lecture series to bring together leaders diplomats thinkers and diverse communities in an inclusive outreach initiative Read Full Article Harmony Brotherhood NationalIntegrity Peace DNN,0
worst least competent people intentionally chosen else would expected,1
theyre talent incompetence thats hardly fair theyre also really good lying denying apathetic cruelty,1
political scientist inside happy see,0
right gop fox news would screaming impeachment something like happened dem beyond exhausted incompetence gop baked get pas every national security fk every violation constitution,1
would discussed month fox republican seeking bottom bottomless pit hour administration actually borderline impressive many unqualified grifter dont fucking clue anything gig youd think thered occasional adult accidentally snuck administration floating around,1
bar low trump doesnt shit pant camera hailed success,1
npr still tiptoeing around guy cut funding fucking pathetic,1
well sure dem would probably worst thing trump doesnt even make top month news relative,0
year ago would major scandal year ago wouldnt year ago wouldnt point history country year month ago would major scandal there common theme around somewhere im sure,0
god picture many month sleepy joe senior moment left classified info printer style joke would endure,0
seems like people wanted swamped drained sure like swim shit,1
work voter ok everything,0
attack education began year ago damage already visible,0
generally people talk people running something mean people charge decision making power people employed people decision making power none got hired usps deliver mail would go around saying job running u government,1
negative work majority printer even temp one theyre cleared fast job complete older printer would save file like mean old newer one hard drive could pretty rare think government compliance possibly allowed sensitive information like would hipaa example,0
thats true keep copy temporarily process print purged like hard drive storing file indefinitely like ram temporarily holding,0
fucking disgusting excellency red carpet trump meeting plane gift deal taking advice dictator run election people see anything spineless coward black heart full malice 1 dont understand anyone belief isnt putin puppet,1
trump literally pathetic version putin least putin gained respect experience officer kgb trump daddy money wannabe dictator cry kick foot doesnt get want genuinely respect putin trump 1 putin,1
medical care president get trump live disturbingly long time dick cheney still chugging along someone elses heart scotus congress decided ever want power doesnt even mental faculty listens w1ver last handler spoke say dangerous crazy af id like end soon jr waiting take half base see trump name say okay w1ver,1
oh emailed gov email personal email someone could print business center,0
lol work human service cant print homeoutside printer absolute shit show,1
sad script held higher security standard national security,0
im still wondering marco rubios endgame may genuinely evil give credit he smart enough experienced enough see bullshit look miserable every time see face,1
yup job people love paying attention detail order gig extremely freaking exasperating watch trump admin malfeasance malfunction action,1
remember obama bowed hard japanese guy right lost mind hypocrite,0
every goddamn fucking moron thought kamala harris would worse gaza voting trump abstaining got u unplug simulation already,1
worded president poo tin could get behind gonna happen regime,0
yeah diplomatic title office uncommon title head state,0
think issue putin doesnt deserve kind politeness meeting shouldnt happened first place seems issue normalizing never normal,1
usa basically subsidiary russia literally,0
flashback season came trump heaped crate top secret stolen military nuclear document next photocopier room rented saudi government,0
jack fbi agent exchange furtive glance boris fsb comrade boris nod knowingly enters airport restroom jack glance around inconspicuously follows shortly soon eye meet rush second stall embrace passionately kissing unknown first stall also occupied two men passionately fucking leader donnie trump vladdy putin working peace plan,1
would incredibly easy russia conceal fact obvious deliberate,0
kept next shitter nonetheless,1
know gave vlad u intelligence asset arrested andor killed much higher rate trump left office,0
small bean elon putting starlink giving russia password immediately log,0
removing people cult long laborious process dy killedmartyred life long run third term loses rigged there digging people without mountain evidence handler made life worse,0
ensure enemy perpetual fear constantly enthusiastically felating,0
point trump god people believe god forgives go god wish dont believe trump there saving either theyre gone would take decade reprogramming reverse damage fortunately demographic older one skew younger minority there strong chance simply die next decade grifter attach like leech move next gift,1
bunch numbskulls pack maroon,1
two group people seek create different kind world see remedy violence oliver wendell holmes jr,0
personally wouldnt care gave vlad rimjob live tv actually accomplished something u ally didnt,0
russian mafia poured concrete trump tower illegally might add usher russian presence new york introduced trump rodham family yes hillary clinton parent introduced trump father russian mafia read person despise new info share link supporting please,0
im pointing interesting comment shouldnt kind hilarious typo taking away word want sycophant hope thats obnoxious point want helpful,0
manafort many others around trump well documented tie russia theory fact,0
desperately want believe narrative cant help wonder playing personal cognitive bias despise trump he represents narrative true need hard proof,0
even people decided bother showing,1
million couldnt bothered even vote,0
republican control entire usg cannot expect anything change unless republican tossed,0
forgot corrupt pedofile,0
ill give apathy people good lying denying theyre bad almost laughable anyone ever belief,1
apathetic cruelty ie sociopath evil think absence empathy u army psychologist observed nazi nuremberg trial,1
dont leave attack medium sure frog water boiling incompetence billionaire owned news network bent knee fully complicit cover,1
really wish democratic party would willing call shit act like republican medium come calling bad behavior,1
frank would arm meeting one one ie part multi country summit putin alaska,0
listen idiot huff spray paint doesnt mean give honor student pas making illegal left turn fact probably elect idiot mayor living standard set unlike naughty honor student,1
occasional adult intentionally ejected first term replaced sycophant grifter dumbest fucking people america,1
try year ago reagan administration one first push voucher gut public education tax payer funding move private school reagan administration architect much damage reaping country trickle economics control defense spending deficit wazoo war drug moral majority,1
much still thing happens modern copier plenty youtube content showing people accessing copier purchased online assume administration compliant security regulation there almost certainly government staffer buying shit shelf best buy using zero care attention proper security protocol trump example well known eschewed special phone used personal one instead doesnt proper security thats one high profile example,1
thats cheap home printer business one reprint doc demand year depends printer config,0
conservative celebrating flyover big ball move ignoring rest cant make crap,1
trump already show sign stroke dementia he incredibly u0ealthy entire life u doesnt nationalized industry privatize cant force consolidation industry control preferred courtier allows anticompetitive merger exchange bribe isnt thing putin,1
emailed unsecured privately owned email server great even worse,0
think republican get money russian laundering,0
dont forget blame people enthusiastically voted trump got u,1
one group gave trump overall vote received group fairly consistent much longer trackrecord voting type ghoul get,0
yeah simulation yielding barely intelligent ape fight bicker time cut go next,0
concerned trump call vladimir informal firstname basis,0
putin strong role play destabilizing normalizing anti west sentiment well,1
murdoch working destroy specie different continent let never forgotten,0
lost asshole australian medium company convinced electorate dumb illiterate uneducated incompetent electorate vote dumbest illiterate uneducated incompetent bunch brain dead moron bunch foreigner convinced dumb fuck foreigner bad elon musk south africa way till peter thiel german lived south africa total first year alive rupert murdoch australia,1
racism powerful drug,0
forgot bout gingrish stone among others,0
lot folk conveniently forgetting many western nation almost elected right wing party trump managed cause massive antiright backlash rot still exists,1
nah dont want he aussie yankee since,1
yeah mr burn spent lot money make happen,0
say every time comparison come least luthor enough faith america pretend good person lex knew low voter standard would campaigned enslaving superheroes able eminent domain rival company like wayne enterprise launching nuke watchtower,0
lex luther waiting wing vance real pick propped cy theil,0
dudeduette kind best summation whats gone last month ive read seriously youre good analogy unfortunately itsabout current situation nice one,0
think analogy need acknowledge million knew exactly happening told need get along like wwe ref watching two player kept slapping chess player speaking illegal move,0
yeah need remember choice conventional suitandtie candidate chose crass racist internet troll dragging everyone mud part appeal,0
thats terrifying ai least eggheadsbean counter human being feeling might enthusiastically board w1ver dumbass mcbillions want done ai right away bos,0
fact came conclusion citizen united sure sign rot prior ruling leonard leo as fucking american decade people actually know abominable piece shit,1
best alternative live suburb without car get grocery delivered every week used amazon whole food originally time frequency severity mistake went id need schedulereplace day ahead,0
really million doordash driver,0
tell dont work large org without telling dont work large org cant go well okay juniper,0
wish could get hand would fascinating find company pissed,0
road yes short sighted next quarter matter,0
clearly define versus group promote national identity,0
declare multiple state emergency proceed w1ver crap want nothing reason state emergency declared sycophant allow get away,0
another form legally sanctioned slavery conscription example putin enslaved million russian fight ukraine million slave already died job everyone know putin war criminal ukraine consider conscription slavery he war criminal russian,1
believe far likely people expect basically turn undocumented labor slave labor pay prison cost,1
really considered punishment using way get free labor rather mean rehabilitate criminal,1
make mistake thats exactly theyre building camp rounding immigrant short walk giving bullshit letting company individual take tax burden housing feeding migrant course ability force labor boom right back slave trade,1
one many reason constitution need ripped rewritten author intended,1
many protest continue protest feeling constantly fluctuating know status quo unacceptable edit id also like everyone consider difference hopeless helpless make difference every voice matter,0
king day biggest protest american history nothing,1
left printer way worse,1
argue one lead inevitably others argue one right beginning really academic discussion point however,0
nahh one actually capitalism time,1
literally capitalism go,1
actually end capitalism fascism,1
think theyre suggesting using doordashs service falsifying reason demand refund hurt business relevant,0
sure still thinking mcdonalds look like left something behind mcdonalds complete order soon support local business dashers order,0
dont think linked right thing,0
much different link lol,0
bad guess theyre certainly perfect among socialforward megacorps,0
let agree bunch rich asshole made mission destabilize u within profit american among u fix,1
dont forget zuckercuck ilk failed moderate anything posted shit infested social medium site,1
usnorth america australia continent,0
might single human caused harm humanity planet think would true already certainly true consider permanent long lasting impact really wish treated way deserves,1
dang totally fair,0
mean dont want either he aussie yank he asshole doesnt deserve home country dy buried sea shark get good meal,1
best alternative live suburb without car get grocery delivered every week used amazon whole food originally time frequency severity mistake went id need schedulereplace day ahead one answer sort scummy food delivery service tend exploiting worker ethical alternative besides dont judge though,0
well youll get laughed room,0
build concentration camp disappear undesirable,0
snatch people street,1
fucking dumb american shouldnt matter look like wanna sex wanna called color skin w1ver american matter shouldve united instead divided everything else,1
quite touting he one lead representative pushing common sense solution slavery digital town hall took prescreened question month back also called closure university district department defense turned back department war strangely hesitant since ive trying convince republican challenge call bullshit doesnt run uncontested primary good dem challenger know narrative going next year dissentfighting soul party dems solidarity folk building concentrating camp guy building concentration camp probably least little bit soul searching even end going favor camp,0
mean american prison system doesnt give shit rehabilitation regardless whether youre citizen,1
van orden clear doesnt want immigrant camp u citizen also go suitable crime also talked defying trump likely i0erently illegal due u state emergency due invasion he also said want military spending put lead bad guy head need turn department defense back department war college need close turned job training program hand certificate qualify graduate specific job determined gop there good chance state business owner come across state line pay wisconsin sale tax slave get way,1
academic discussion playing real life agree,0
dont ridiculous sound unconstitutional,1
bad website look like adsshopping supposed directory conservative business,1
well thats thats news story website link included story literally website,0
yup wont disagree american hold blame biggest worry u get knocked never manages recover tool destabilize u employed new enemy certain group human arent immune kind thing unfortunately make easy think cant happen u american idiot reality propaganda shifted nation half century mean also idiot firm believer nation free idiot,1
let forget give reagan credit deserves,0
antarctica think call emperor penguin,0
shark important part ecosystem dont wish bitter gristly mess,0
oh ok thought people suggesting door dash something uniquely worse others ill continue practicing impossible ethical consumption offset cutting elsewhere hope tip inspired one george carlin bit mile chicken rice delivery allowed single step forward towards goal,0
build event space give tribute great leader people expense,0
wont release epsteintrump file,0
1 dumbass country sometimes good lord,1
issue theyve changed site cant view interactive map near section look like gotta install app view,0
confusing first way presented,0
longer talk reality common basis another decade cable television half u math base,0
germany recovered fiasco became stronger,0
look many nation recently wrestling altright popularity surge kind terrifying,0
substitute public education broadcasting propaganda broadcasting station,0
provide meaningless award dear leader,0
still show result mobile maybe got mad people using boycott business register,1
base like base though missing three finger,0
hope one thing germany lot ally including u helped get back foot reason trump currently working burn bridge ally best hope stopping u recovering make every ally look,0
create fund personal army,0
result phone show listing checked one local business arizona texas seem really messed site lol,0
mean really make childhood laboring without least bandsaw mistake kid soft thats,0
think people helped rebuild germany nazi ally lol also burned bridge,1
consolidate power across government,0
tough guy got saw ill know lost thumb textile mill thank much fucking thread crippled,1
u uk france absolutely helped germany little saying ally ally ww helped rebuild germany divided ussr failed helped hell berlin airlift alone one impressive set international aid ever u doesnt nation willing go bat recovery harder,0
even didnt leave using public printer incomprehensibly sloppy anyone could recover document,1
document show trump planned give putin american bald eagle desk statue,0
hotel printer used contained information vip location time name security risk targeted assassination also strategy say could leveraged usa nato ally trump national embarrassment shuffling security risk,0
work pharmaceutical company travel lot shit national security trade secret would probably useless anyone else even pharma scientist minimum mean bare absolute companydoesnteve0avetotellme minimum security precaution dont print fucking hotel printer,0
candidate without weird laugh qualified,0
anything dipshit someone point say really well thought accomplished,0
theyre incompetent fuck might also deliberate worst world regime,1
amateur hour god,1
transparent administration accident,1
amazingly likely even near top list least secure place theyve left secret doc,0
thats exactly kind security expect trump admin,0
kind embarrassing sloppiness norm since trump first term people signing work baffoon career professional,1
nevermind left stufwhy hell using public printer presumably public network first place wow incompetence top way administration,1
nonpayeall original source trumpputin document left hotel printer npr,0
biden admin theyd demanding impeachment,0
hit keep rolling administration,1
time chant lock yet reserve much less clear cut case poor security practice dont actually resolve information leaked anybody,0
cant secure office printer secure country gimme fucking break,1
administration walking talking security risk well headed convicted felon adjudicated rapist accused pedophile,1
tell hillary clinton use private email warranted chant lock administration sloppy day long get away,1
public computer open network serious people american frightened think dont know,0
see filename secret code final final revised ok docx,0
trump crony idiot bet used unsecured phone computer russian heard everything said putin stroke trump ego anything want trump idiot conservative sub like putin short trump tall anything anything,1
trump surrendering putin,1
president fool pedophile,1
email annoying laugh,1
wondering would ketchup filet mignon lunch,0
bunch incompetent useful idiot vladimir threat national security know comment coming donnie hell call fake news,1
also international criminal court issued arrest warrant putin war crime trump ignored making alaska safe place putin fly avoid arrest meeting putin broken international isolation wasnt least challenged trump laurie bristow former british ambassador russia told associated press spent three year telling everyone russia isolated today saw beautiful red carpet laid russian president u russian foreign ministry spokesperson maria zakharova told axios,0
course admin bunch moron,1
clownocracy,0
course public printer used administration woefully incompetent course,1
incompetence fire,1
putin take literal back russia make sure one test disease anything trump forgets take sensitive document public hotel printer,0
would never happened administration unfortunately another typical day trump administration,1
shocked something like happening absolutely nothing incompentent piece shit administration come surprise anymore worst president history united state wow,1
connect via wifi printer device name print hegseth,0
really bathroom thats document value found,0
trump sooo insecure emotionally insecure operational insecurity national insecurity bankrupting casino level financial insecurity,1
thats nice theyre sloppy bad overseas stupid trip,1
bet check history printer find classified document people fucking stupid,1
trump planned give putin american bald eagle desk statue talk cold open,0
really incompetent administration u history,1
remember example qatar giving trump plane use president beyond read headline printer laughing easy spy onbuginfiltrate compromise even knowing incompetence trump surrounded,0
gang couldnt govern straight one would believe movie,0
stupid timeline found,1
well one thing certain werent cant read,0
got charged something similar,0
yikes id 1 white house comms staff position used competitive prestigious get brownnosers competency,0
past wouldve seen limited hangout even complete fabrication use deflection weve come realize people charge right incompetent andor dont give shit,1
moron communicating public wifi,0
theyre ridiculous clown,1
trump response biden obama made better,1
used randomly get invited unofficial group text unapproved platform get scoop like,0
bait,0
like f ferrarimclaren scandal lol,0
transparent administration,1
would unbelievable administration unfortunately another day trump administration,1
left aipac operative grab,0
used work job fbo airport obama flew airforce one parked one ramp worked lot secret service guy flew plane came ramp worked airforce one departed walking around lobby noticed folder laying table detailed itinerary president short time later got call secret service asking found folder informed said someone would shortly get true story,0
submission source likely soft paywall article behind paywall please report comment break rpolitics rule custom incorrect flair information found bot action performed automatically please contact moderator subredditmessagecomposetorpolitics question concern,0
incompetent asshole entire trump administration,1
level incompetence ghoulish jackass staggering,1
could imagine overwhelmingly powerful authoritarian regime would werent goddamn sloppy,1
eh nobody care,1
bring printer connected hotel wifi printed business center mistake,0
someone many drink flight alaska,0
sloppy best whoever left quite secret info,0
guess thing really transparent administration,1
eci recruited trained purposefully demolish constitution valuemost media keeping quiet due bjp india today exception since checking allegations directly,1
eci required declaration rahul shown allegations current voters list provided ecithey dont answer questions raised rahul,1
rahul gandhi signing declaration asked election comission first makes allegations without signing,1
ever bjp may defense ec rahul graping evidence,1
ellection commissioner arrested immediately frauds helping bjp win election,0
mr faku ec traitors antinationals faku clings power fake voters fake degrees,0
dont bluff people r nt fool,1
ts godi media supporting ec ec vote chori people nt fool anna hazahre,1
bjp ec nexus must exposed,0
supreme court direct central government take policy decisions restrain pm visiting foreign countries allegations pertaining parliament election properly addressed eci jai hind jai jai rahul gandhi,0
cant even read prepared news modi teleprompter reader speech bjp spokesperson underware eci,0
ec criminals shameless,1
question let us think fake votes correct rahul gandhi clearly clarify votes casted bjp claims may majority reduced k odd numbers votes casted congress majority bjp candidate reduced k,1
verification needed voters voted per electoral roll per adhaar id verify paper digital record,0
enjoy media,1
congress leader blaming party asked resign,0
declaration idiotic ridiculous,1
ec dont put voter data searchable pdf bjp interfering ec organization,0
eci answer bjp answering behalf eci,0
eci become spineless needed n seshan like powerful must adminsterd august office,0
rahul indian citizen barred entering parliament action taken concealing citizenship,0
cec sir please furnish questions posed mp able answer pl step mockery civil servant senior level able explain fraud nose,0
days ndtv get know something like happened pathetic media ethics,1
eci answerable people india,1
ec must answer people india,1
bjp benefited questioning ec,0
bjp poke nosedoes taken ec let ec answer clear airif nothing hide counter facts deal professionally,0
bjp coming rahul asking ec really damage bjp prestige,0
election commission working like gulam jive bjp,0
mark word anything goes wrong rg next election congress come plus seat,0
people india wants know truth,1
congress eci se question kar rahi h bjp kyu bich main aa rahi h,0
hindi par bada gyan pelte h sanskari party ke log aaj aadani ka chrnal news english kyu dikha rahe ho bsdk,0
courrpt family party leader nautanki save family party property yesterday chargesheet ed crs property name f priyanka declared chor biggest international chor,0
rahul failed politics ever come power congress dead thats nautanki,1
doesnt matter double voting fact remain huge huge irregularities electoral roll guys godi media projecting wrong topic instead taking real issue,1
ayega toh modi hiconfidence janta ke wajah se nahi thaeci ka support pe poora bharosa thaaisi jeet bina ijjat kepoore foreign news media mein aagayabjp created history cheating largest democracy worldjo dusro ko antinational kehtewoh aaj khud sabse bada deshdrohi nikla,1
ec answering questions,0
first give electronic data requested congress formally,0
eci rahul gandhi people asking prime minister confirm lok sabha seats bjp without manipulation electoral rolls eci pm intervene immediately instead spectator demand people,1
multiple epic one person ok eci declare epic taken vote constituency like,0
bjp benefited bjp question eci ok bjp malpactice problem bjp eci allowing multiple epic,0
wasting time discussing things person called gandhi carry valuehis actions nation simply ignore person,0
rahul gandhi true indian,1
yes mam wel said truth,0
cia game plan started,1
ec giving cctv footage ec jailed life nobody spared,0
modi ka chamcha eci ky kr skti hai guda thodi hai eci mai da,0
public raise voice,0
rahul gandhi correct answer india bjp trying act smart big scam even agreeing election commission answer bjp well said sir election commission answer election commission support bjp bjp talking much correct election commission trying help bjp,1
electoral board chori electoral bond chori vote chori vote chori vote chori vote chori vote chori vote chori vote chori vote chori vote chori,1
eci destroying democracy india,1
eci wants need answer irregularities democracy redefined like,0
clearly public domain bjp eci working favour,1
paid media,1
bjp godi media voice need accountability,0
theres proverb tamil scorpion stings coconut tree hurt palm tree need bjp answer questions asked towards election commission,0
first person like rahul disgrace sick cross breed kicked country family curse nation,1
rahuls tell lies crowd say sorry room policy days everybody knows time ec clearly want expose rahul rahul every time blame trying diminish every constitutional body india claim ec saying either sign affidavit apologize nation ec procced rahul facts strict action democracy pivotal body attack,1
real efficiency election commission dog babu kutta babu ec given voting right dog,1
election commission headquarter delhi state karnataka officers state karnataka ones supposed check w1ver happens state state congress,0
india captured mafia group consisting modi shah ambani adani mohan bhagwat ajit doval election commissionthe people come road get freedom mafia group,0
rahul gandhis falsified claim pm modi stolen election force modi contest election abandoning idea leaving turf teach rahul gandhi good lesson pm modi honored countries highest national awards brought indian economy th place world uplifted crore indians extreme poverty show rahul gandhi right door sycophants unaware emperor lutyens empire without clothes running around naked sheer arrogance ignorance render unconditional apology supreme court falsifying sc observation rafale purchase sc recently pulled dishonoring freedom fighter veer savarkar sc rightly questioned patriotism running nations armed forces pathetic offender term lucky sperm club used describe powerful men owe exalted status life birth powerful family arrogance disdain others happy sycophants levitsky ziblatt write when defeat feels like existential threat politicians grow desperate spreading lies blaming rigged elections evm voter list election commission signs desperation perennial losers according yogi adityanath specimens like rahul gandhi extremely beneficial bjp surrounded sycophants fact rahul gandhi secured ls seats hidden blessing bjp achieved hattrick lok sabha seats would converted g g time forcing better leadership within congress party could better pm modi three times loser rival elections modiji set new record winning elections rahul gandhis presence make task easier,1
indian people migrated rural urban areas vote native rural areas also vote urban ares double entery fraud votes may possible rural areas rahul showing problem new old problem solution problem voter aadhar link finalization voter list e c calling objections form,1
public start protesting eci,0
sare bjp wala aisa baat karte jaise kuch kiya hi nahi saaf saaf ec ka documents se hi khulasa kiya rg reason asking oath,0
rahul gandhi right didnt answer clarifications questions raised rg,1
bjp rss eci answer chors support chors,0
eci give data computer readable format cctv footage transparent rajiv kumar slave th std bania modi crores spent software,0
madarchut ec first shame ap supreme court ordered verify votes ec conducting mock poll,0
dont understand media guys trying dismiss claims calling political smugfest even election commission still needs answer cant deny facts blabbering need refute claims data guys too stop batting bjp might also end losing voting rights looks like youve already lost right speak facts anyway,1
bharatiya jumla party cannot trusted,0
ec resign immediately president india must insist commission resign sleeping,1
political terrorist dangerous trump,1
rahul gandhi like ediat bruda story create,1
ec answering,0
bjp come advocating behalf ec ec responding,0
rahul asking accountability electoral chori eci newz channel n especially bjp jumping n trying defend eci isnt speaks volumes theyre hand gloves chori act,1
bjp coming supporting chief election commissioner bjp also one part,0
pick channel pick media,0
bjp defending ec,0
worlds fraud insititutions rss bjp,1
several eminent writers journalists political analysts criticized election commissions alleged manipulation governments credibility question supreme court expected intervene address issue,0
eci regulatory body wont prepare electoral lists task responsibility respective state governments burocracy district collectors adms tehsildars lower rung government officials like revenue inspectors village accountants booth level officers blos play actual role ground level work inclusion deletion shifting votes visavis summary intensive revision electoral rolls election besides booth level agents respective political parties keep eye oversee process theyll everything registration new voters scenario dont ever understand regulatory body like eci involve election chori mean voting theft help party particular candidate win election people also responsible errors voting lists try multiple voter registrations upon migration due lack awareness reasons errors occur lower level data collection dont understand eci responsible either errors vote theft understanding vote theft large numbers multiple checks screenings time voting officials booth level agents respective political parties yes extent illegal inclusion voters crossvoting double voting impersonating occur neither eci officials responsible except respective political party leaders henchmen example booth level agents squarely responsible reading many comments many debates tv shows one asking explain election commission vote chori behalf party matter particular candidate win election many reforms taking place set right defects electoral rolls intensive special revision linking adhaar id election id rapidly evolving solutions fast ai tools possible clean electoral rolls thoroughly lets wait till time,1
election commission give digital data guilty,0
vote chori,1
proof also bjps twisting point,1
chor bjp,0
vote thiefs checking fact,0
godi media asking reply bjp rahul gandhi india want reply ec,1
shame bjp chor pm cheater cheating,0
chor ko puch rahe chori ki kya,1
election commission chor aur uske sardar modi amit,1
india people already spitted scammed seat prime minister modi mps feel ashamed get sitted powers yet time resign,1
one past future come like tnseshan brave cec,0
showing fraud voterlist eci job prove r behind joining hands bjp,1
election chor india,1
still critical thinking capacity left understand isnt election commission institutions india completely compromised great ramifications going forward,0
clear happened response,0
eci right reject releasing digital voters list,0
written tamil language theft voters fraudulent solution voter list tiramic dear state government executives done election work deliberately eliminated eliminated eliminated voting criminals,0
public take action rajiv bjp leader knows truth still support bjp shame,1
reelection needed,0
sc take strict action eci,0
lap dog pjp screww india today reason damaging country,1
anchor reading news needs check residence claimed someone else well,0
shame godi media,1
bjp backlashing ec asking ec,0
bjp backlashing ec,0
bjp answering ec,0
rahul gandhi liar,1
bjp commision india im,0
election commission permanent employees rss reset temporary rss,0
greatest joker india,0
public believe rahul,1
congress activists confront police,0
sad see world number one democratic country election commission corrupted,1
happened nehrus time sleeping years,0
balasaheb prakash ambedkar also questioned lakh voting happened pm maharashtra ec unable provide proof rti question free fair election process,0
adani n bjp channel news channel anymore mouth piece bjp channel try anything divert vote chori issuen rahul asking eci accountability electoral chori bjp n india today news channel jumping n trying defend eci isnt speaks volumes theyre hand gloves chori,1
accountability mechanisms law right information act section h eci public authority must provide electionrelated information request judicial review articles citizens file writ petitions high courts supreme court eci violation constitutional rights election laws election petitions part vi representation people act allows challenges ecis conduct elections,1
bjp election commission ka jalwa,0
laughable congress workers leaders still believe old young rahul gandhi,1
usual pappu exhibiting favourite hobby kite flyingbut hurting constitutional institutions trajidy,1
rahulji stated fight political constitutional rightly said let us journey constitution hue cry congress suppress violation constitution fact check ec appointed art states ec appointed according law made parliament ammendment till sc intervene parliament pass law aspect since independence pm recommended president appoint preferred person cec dire unconstitutional pt nehru eminent member ca violated constitutional dictate party objected shortage lawyer well english knowing person parliament still constitution disobeyed limine sc judgment clearly stated panel structure ec valid till parliament makes law set structure consisting pm lop cji temporary measure,0
political party support eci bjp dont want investigationthat proves everything country run fraudsters,1
modi shah bjp stolen votes thats sure shame modi shame,1
india democracy country,1
eci chief rough like two good people modi shah,0
elected eci accept squandrles,0
satyameva jayathe,0
pappu ko itali vej dena chaiye gaddar country,1
modi vote thief,1
godial media danger too,0
steps made deep state opposition executing,0
rahul gandhi used data available ec ec states data fake rahul gandhi must submit data ec jokers running ec,1
comments people bjp congress hail godi media,1
selecting committee eci contain two members bjp doubtful,0
theif checking things,0
bjp defending eci something fishy,0
bjp people shouting ec answerable,0
sc intervene vote theft issue give justice poor common people india ie voters,1
dear media keep shame stand public truth political parties ec loss trust fact,1
rajeev chandrashekar cheating wife father,0
support raga,0
vote chori bladdy basterds,1
rghulji asked eci give reply allegations bjp replies,0
multiple citizenship holders becomes mpwhy election commission fails verify mp candidate rahul gandhi time nomination form submition non citizen rahul allowed election mp candidate,1
mumbai jio stopped broadcasting indiain powai areatoday channel,0
royal gandhi rogul gandhi many many royal salute,1
ballot paper please,0
media dead ec dead,0
ec corrupted,0
shame ec,0
election commission release digital voters list,0
rahul true ec free fare election true godi media,1
rahul data election commission election commission giving fake data election commission statement like bjp statement,1
media election commission everyone chor actually dacoit,1
regarding verification information election commissions statement lying constitute factcheck election commission obligated clarify process multiple voters registered address rectify voter rolls allegations substantiated given data originates election commission veracity information extension election commissions procedures requires scrutiny,0
rahul close ec sc days,1
rahul given details fraud ec data ec give explanation oath rahul gandhi,1
pappu mentally retarded person heard crack per cent indian citizen jai hind,0
rahul rahul gandhibecause adding gandhi addons survivingno use india indian government,1
what struggling prove name news,0
give digital voter list cc tv putage access people india otherwise definitely ecs default misuse votes,0
eci deletes electronic data within days give nonelectronic data people cannot check within days people questioning eci actions completely questionable,1
hope sangis godi medias turning back rahul channel asking bjp sangis crying question answerable ec ashamed say indian bjp opposition parties enough rights ask ec involved politicians officials,0
rahul questioned eci instead eci giving reply bjp acting like eci backlashing rahul,1
looking discrepancies voters list parties worried however bjp worried,0
cctv footage digital voter list bangalore room voters india democracy country promise,1
stop giving incomplete information name news,1
thievery serious chargesupreme court shd take suomoto notice issue notice rahul eci serve democracy better,0
abhe affidavit file kar jail jaane ka dar hei isko,0
sara proof hai toh supreme court ja nautanki karne ki jarorat kya hai,0
yeh apni dusri duniya rehta hei joke maar kar apne aap hasta hei sign insanity,1
saal enka ye halat h socho indira gandhi ke time opposition ka kya halat hua hoga,1
first genz buddha,0
chomhu papu ek bar rorokar logo ko ullu bna diya tha agar phir se ullu bn jate phir public ki galati h,1
clearly understood planetary war country,1
hindu never voted khangress aur i0e lagta h evm hack kar liya,0
feel pity clown,1
fool bane india people elected also category,1
tumko tmhare dadi papa ke pass bhejege,0
even mdia corrupted front mdia ask notice debating ac room doesnt matter,0
khud ki ladai ladi papu,0
bewkoof eci pe dabab bana kar chunav jeetna chahta h,0
ye kiski taraf se batting kar raha hai bhai sir isliye hi ho raha hai hes justifying bjp ever,0
ec ko sare jawab evidence ke sath dena chahiye kyki congress ne ec ke data se hi pakda hi,1
hey brother ec also sir complaint demand also,0
karnataka aapki hi sarkar h sirji matlab waha gadbad hui thi,0
hearing word truth mouth mind deteriorated,0
never let country live peacefully finishing multiple vote policy bihar problem congress government karnataka tehri mistake mamata banerjee made vote bangladeshis done affidavit certificate signature keep making chutia lying lying,1
tu kyun sir ko darr rha h,0
everyone afraid except you,0
pura bjp election commission dar ka mahol hai time proved,0
keep making noise parliament talk work,0
abe karnatak mai jab reporter gaya tere pol khol di bhai da,0
naa layak chal hut,0
last years constitution danger repeating mundane lyric previous years repeat forthcoming years till ashes congress nothing horror story political history bharat furthermore funny thing one gives furry crack rats behind says,0
ab isko vote dal na bhi bewakufi lag raha hai dahele ucc la bhai da,0
pappu pass kabhi 0i hoga,0
baman pagal ho rahe hai maza aa raha hai,1
iska baap jab ka election hara toh ballet paper ko rona dhona kiya hara toh pahle evm ab voter list ko address karo unko yakin dilao ki tum unka jeevan behtar karoge unki probe solve karoge se acre tarike se tabhi satta satta mil sakti varna sab karke toh bhool,0
democracy comes threat loses wins democracy become prime minister country people consider prime ministers contender adani got new word trump trump cannot anything,1
bachapan ham log ek story sunate garadiya vala ki sher aya jb sach aya koi suna hi 0i 0i eske sath yahi hoga kabhi ye sach bhi yadi bola koi yakeen hi 0i karega,0
jhootha hai kitna jhooth bolta hai yeh,0
pappu always pappu,0
bhai jab tere paas proof hai toh bakchodi kar rha hai sc case file karde wha toh tumhare log bhi hai,0
relaunch pappu failure,1
abhi soros aur trump ne funding kiya hai india main bhi bangladesh jaisa haga isle liye rahul gandhi ko bahut paisa aaaya hai sabhi sanatani sawdhan rahe,1
bhag papu,0
karnataka apko sarkar hai,0
mentally unstable ho gya hai desh ko bangladesh ki taraf le ja raha hai,0
ye pagal ho gaya h sachme,0
pak prem pura india block duba hua hai ye op sindoor k discussion k time dikh gaya aur bacha kasar sagarika ghos kapil sibal sanjay raut aur gogoi ke podcast pe pura ho gya aaj indian army ko bolna pad raha ki itna saboot dene k bad bhi apne log 0i maan rhe congressio ne hamesha se fauj ko majboor kia hai kashmir har jumme ko pathar bazi isiliye nahi hoti ki fauj dam 0i tha rokne ko isiliye hoti thi kyonki congressi ki neehi thi thi,1
public jhata inka narrative buy 0i kar rahi fir bhi lage hai,0
agar desh ko bachana hai sabsa pahala congress ko nikalo desh sa,0
tu lofers congress leaders,0
iska kuch nahi hoga ye hum sab ko le doobega,0
tumhara bangladesh wala plan yahaan 0i chalne wala,0
pakistans target ambani congress target ambani,0
karnataka means election commission stolen votes,0
sab badi problem ye politicians hai real public ki koi 0i sochta hai bus dikhawa hai ye jeet aenge inko free car house driver security aur bhi bahut kuch kabhi ye ghadbandhan kar lege aur kabhi tod denge aur inke wajah se aam janta apaas mein ladti hai,1
iske batt ka koi logic hota hai kya bolata hai bhagwan jane,0
constitution ki aad political ladai ladi ladi h pichle saal bhi ye constitution khatre h keh ke jita tha ab ye takhta palat krega,0
come public,1
mr rahul gandhi ji done excellent job indias opposition leader indian election commission made serious errors mistake bihar election duty current bjp ruling party india unfair keep mr rahul gandhi ji best wishes,1
rahul gandhi child understand person truth fight battles entire world false doctrine come eye lord,1
suggestion youll say aap party aap adami pretend falsehoodbut suggestion congress righteousness hand god almighty father truth justiceshidden secret coming fight battles evils peoples right right people congress,0
bjp government governing country unending years citizens india go ballot papers voting,1
thmilnatu mp resain ree ealaiksan thmilnatu,0
supreme court eci already bought bjp best judge citizens india,0
since years back activities ec suspicion doubt raised transparency activities became questionsome deepen strong integrity many nonbjp politicians lost defeated election despite hethey popular renowned politicians despite bjp politicians meticulous scrutiny voter list constituency team rahul gandhiji marvellous check desrves immense credit pinpoint excess votes added intention favour someone else activities ec bare attempt dishonour people election choices destroy constitutional framework yogendra yadavji presented persons ld sc certified ec dead rahul gandhiji taken tea certified dead voters great shame country persons selected officers ec perhaps minimum common senses lost surprising ld sc understand ec ec transparent independent institutionwhat steps needs done ec ro lac voters eliminated draft electoral roll facility needs provided incorporation final roll appears soft attitude paid upon ec ld sc require explanation top trio called ld sc personal hearing slackness compliance order ld sc adopted dilatory activities ec clearly understand people country awaken institution strong radder still rectified several consequences faced future artificial raising voters harassing legal voters supressing right vote people country ignore choice elect politician,1
well done rahul gandhi let next pm india,1
alleged modus operandi electoral manipulations the steps outlines structured approach allegedly used influence electoral outcomes coordinated administrative procedural logistical irregularities fabrication voter entries deploy operatives register duplicate fictitious voters across multiple polling booths strategically targeted constituencies artificially boost support preferred candidate multistate implementation replicate strategy across several states maximize electoral impact ensure broader control outcomes legitimization via voter list publication release official voter rolls containing manipulated entries establish procedural legitimacy enable logistical coordination phased election scheduling voter mobility design election phases allow sufficient time geographic flexibility fraudulent voters mobilized across constituencies without detection administrative realignment remove election commission officials identify oppose scheme thereby eliminating institutional resistance appointment compliant authorities install individuals key positions within election commission aligned complicit manipulation strategy financial suppression opposition parties freeze restrict access financial assets opposition parties impair campaign operations limit voter outreach execution fraudulent voting conduct elections wherein preregistered fictitious voters cast ballots favor targeted party candidate postelection cleansing via special intensive revision sir initiate special intensive revision electoral rolls retroactively remove fraudulent entries thereby erasing evidence manipulation nondisclosure digital voter records withhold access compromised digital voter list pretext national security preventing independent verification public scrutiny concealment voter removal data avoid publishing records voters removed special intensive revision process ensuring existence scale fraudulent entries remain undiscovered true needs urgently investigated commission led sc judge pannel political representatives media representatives unless allegations addressed threat democracy,0
karan rijju end approaching,1
rajdeep biggest fraud anyway,1
gandhi posted truth better understand expose mr rajeep,1
rahul gandhi leader working hard save india fraud elections needs power safety everyone india india live free fear religion attackif one day hindu suffer poor people,1
gandhi family fake,1
ind evening sale example judge sharma black money,0
general answersnever able defend ex eci person remain faithful organisation asked resignretire w1ver,0
bjp needs grow actually facts telling trying protect ec acknowledge effort pappu storyimage gone thanks bjp itself bjp great sloganeering labelling someone else come verbal term hurts hearts,1
ir habit congree raise frivolous charges elections constitution danger reservation danger arms vote chori neither bothered current problems views regarding unsolved problems education health hygiene jobs agriculture reforms stagnant manufacturing elector list discrepancies new since congress regime,0
ravi erudite knowledgeable pleasure listening,0
rajdeep dont think election commission come investigate least,0
man highly literally educated fake education certificate today even enemy cannot labeled papu india called india best patriot ever rahulji pm india,1
opposition right raise type allegations per constitution ruling party answer authorities allegations raised,0
dinner money gone rahul bhaichori people come back doorstep power bai year enoughlast rule history congis finished,1
go supreme courtsold rajdeep,0
congress right,1
chor team bjp,0
sir rahul gandhi long live,1
let us support rahul gandhi let strengthening corner stones democracy let support congress makes india bloc comes power right,1
modi chor,1
cannot blame relax politician words mostly intended personal gains,0
voters list given karnataka state govt congress,0
duty election comission answer questions opposition supreme powerd given ec demo crsic country nation supreme ap contestants filled complain recounting ec makenfun complaints investigation needed,1
nobody trust india today shit hole licker congress party,1
bjp spokesperson talking going court manage bihar election supreme court gives decision,0
ajoy kumar dot thums,0
please ask bjp podcast question asking questions let cec answer mr rahul gandhi asks told cec asked bjp answer behalf cec,0
chowkidar ki chori pakadagaya,0
bjp cheating,0
showed election commission india bjp controll manipulated departments become puppets bjp shame nation protest dictatorship like government india democracy gone,1
rahul exhibited election commission fraud brilliance frauds done congress people regime worst fellows india congressmen frauds easily found dirty rahul,1
pappu hero present lndia rahul ji,1
crazy bastard,0
bjp mp mohan p c shld bullshit ppl karnataka ppl india its high time realise time,1
opinion evidence rahul gandhi given else unchallengeable usual bjp excercise hiding facts misrepresentation usual story telling begun rajdeep sardesai try find facts investigate matter fully appoint ppl group journalists job mission sole mission shld find truth spirit high quality journalism target shld bjp always hides facts mislead ppl stories try kill evidence best cud thts hv survived adani episodes charities given bjp businessmen raids ed harrasment police income tax raids white washing everything money received bjp coffers siimilar tactics employed bjp party time also rajdeep sardesai seems trying help smoke screen calling rahuls revealations smoke bomb let alert journalists allow let ruling party know time around journalists alert question support journalists journalists owe nation,1
bjp killing democracy since one,1
bjp party blatant liars fraud cheaters corrupt cowards political comedians one proof among thousands things,1
silly jokestill child,1
rajdeep sardesai joking calls smoke bomb think presentation whole matter smoke screen rajdeep fears open worms calling smoke bomb,0
rajdeep sardesai call fulzhadi serious also like journalists playing upto powers,0
except rajdeep takers think pappu working deepstate usa reason trump couldnt get entry agriculture dairy trade deal thats tamasha create mahol,0
rahul gandhi jindabad pect,1
aeh bevkoof rajdip stop crying foulu always pm modi,1
good questions sir,0
much evidence people still defending bjp,1
ec instead justification show data rahul going court court government,1
citizens india come street like bangladesh,1
voters list definitely manipulated votes fraud theft votes indians need electionuc data ec hesitate give electronic data clean ec helping bjp punished court law,0
well done rahul gandhi,1
solet complaint written competent authoritynot making chaos houses,0
rahul gandhi bravest indian,1
showing fake evidence since birth get dna checked,1
congress minister karnataka mrrajanna told done congress rule,0
please stop interacting rahal premature attitude rahul messup nation,1
stop antics mps india lost indians hindutva people took away truth proclaimed intellectuals since none deafblind heardseen deliberately turned blind eye good days regain undressed running road shameless manner beating hired police stole india wantcan start indias second liberation freedom struggle apart point antics anymore intelligent people appreciate comedies,1
shame rajdeep saying fake news national midia,0
channel never think india,0
election commission hold responsibility clarify rahul gandhi talk behalf poor voter shame india,1
jai rahul gandhi jai congras,1
removing citizen voting list denial human rights never thought gov institution perform criminal act court asking evidence one evidence enough accuse criminal charges joke justice corruption,1
real pappu self declaired god,0
cant consider modi prie minister hindutva terrorists safe guard position vote chori,1
embarrassing see antinationals come power mankind vote chorai first threat democracy survival country country number one enemy,1
pakistan tiny,0
yrs new voters,0
ec ever ruling partys order world india knows well,0
lost full faith election commission india voter friendly election commission india give affidavit rahul gandhi,1
barbaric janatha party,0
ivare oru thirudanthirudanum thirudanum serndhal,0
hindu danger democracy danger rights danger youth future danger constitution danger votes value frauds bjp scam manipulation possible bjp rss referee ec become striker player bjp,0
possible complain time chor say yes people country complain time year doubt answer correct,0
whyshouldgo thecourt ec rectify mistake reply,0
ec providing dele ted voter list bihar state,0
bjp spokesperson even realise data ec effectively proven rahul gandhi completely fraudulent bjp understand fraud india indians answer one expects incumbent govt impeccable proof form bogus voter entities rahul gandhis frustration govt fit rule cannot even see citizens need accountability answers insult india indians electoral process shrug allegations personal frustration,1
mr sardasai dont un patriotic bad fellow,0
session election fraud revival india blocka journalist like u divertingelection fraud opposition ittihad,1
god bless mr rahulgandhi,0
election commission bjp commission,0
someone needs update circular sent bjp nobodies term pappu child doesnt work anymore infact think modi someone mentions term pappu people awaken stupid thanks continuous struggles rahul gandhi,1
but bomb defused ec,0
hitler commission,0
elected mp mla india ec voters,1
best pm rahul gandhi,1
wife dor congress fieldular,1
whenever feel face deafeat election start blaming ec voter machine,0
bjp rss always targets nehru indira rajiv sonia rahul indian national congress emergency etc etc shockingly bloody election fraud glaringly committed india bharat great voters unpardonable intolerable greatest betrayl make stand full bench supreme court judges historic deliverance judgement,1
evms cec state ecsed cbi rss police crpf election duties godi media nda govt delhi indian voters forced learn best historic case supreme court take sumoto basis sense genuine justice felt great judiciary full bench sc judges honour,0
feel billionary much money family made presidency,0
laras pretty hot,0
lara trump man,1
least didnt sing,0
epsteins delicious secret isnt secret president paedo needs go,0
inflation taking accelerate president paedo gets tax cuts pressuring jerome powell provide powell knows president paedo bloody idea,1
direct result tariffs businesses increasing pressure job numbers falling layoffs lag period companies dont want lose people invested layoffs increasing american agriculture serious trouble bankruptcies farmer suicides doubling since year ago,0
tariffs causing money topour overseas tariff revenue piling paid american companies consumers lying bastards,0
go hell lara botoxed viper reality president paedos economics failing fox covering lot,1
study comments animals nature science man thanks,0
might want inform donald trump cocky demands upon v putin reason trump still alive putin letting donald still alive,1
shes right us falls control dictatortrump era world world dies end democratic republic,1
opinion want deport illegal immigrants ice arrest hot cause unnecessary conflict ice gather forces coordinate national disease arrest cold criminals slave traffickers drug smugglers guard ice army raided arrested everyone put car deport precaution governor gavin newsom ca state la mayor karen bass democrat party released criminals went night destroyed evidence,1
whole trump family crimes family united states israel illegal immigrants anchor babies,1
like lara trump voted fatherinlaw three times would could said like nails chalk board hear lara talk fatheriinlaw refer donald trump aware relationship try talk refer fatherinlaw feels weird,0
release epstein files enough redirection every day something new shocking change headlines trump idiots hoperelease epstein files,0
latest version trumps moodcontingent tariffs took effect thursday prompting trump postboast two minutes midnight billions dollars tariffs pouring us skipped part american companies pay tariffs soon trickle consumers form higher prices feel painmagamorons,0
trump arrest putin alaska using valid worldwide icc arrest warrant trump get nobel peace prizewhen brings putin justice timeend ukraine war brilliant trump indeed march following investigation war crimes crimes humanity genocide international criminal court icc issued arrest warrants vladimir putin president russia maria lvovabelova russian commissioner childrens rights alleging responsibility war crime unlawful deportation transfer children russoukrainian war warrant putin first leader permanent member united nations security council google ai trumps chance hero hes always dreamed mr president get putin step plane alaska seize place history arrest russian butcher putinput cuffs make america really great stop useless lying pzoshzt always mr trump stole solid gold fifa world soccer championship trophywhich proves takes seize murdering slob putin praised worldwide hurry better braver world leadersgrab time trumpjump,1
supports pdo father law,0
lara please tell father law fire real estate agent,0
talking one cares comes mouth shes important,1
never trust russian,0
trumpstein files botoxed bimbo,0
nice botox stick something ears epstein files,0
see next tuesday lara,0
trump league putin,1
liar lara loves child diddlers go donnie go,1
trumpstien tapes ill unzip ahhhhhh whre,0
hunkydirtywhooorbottom,0
location secret clear good thing,0
father law epstein relations underaged kids,0
thought charlotte flair,0
remain flying irans colors flag peoples commandment mother political decree future constitution supreme law proctorship republic system prs pervasive economic plan pep unique parliamentary proctorship method iranians never feared usa neither past today great american nation fundamentally distinct tsarist russia soviet union communist china even putins russia iranians dread israel recognize adheres foundational form democracy turbulent middle east two influential states steer course events todays middle east assuredly stand risen people iran cause never act resolve irans overwhelming majority especially pivotal historical moment america israel oppose irans freedomseeking masses wager doomed political gamble prop despotic toppled cabal hired enforcers god bless globizens long live iranians long live iran victory revolution iranians freedom political democracy social justice economic welfare,0
its one thing its minor incursion end fight et cetera actually theyre capable force amassed border going disaster russia joe biden,1
fox noise pathetic,1
great job young lady,0
orange clown releasing epstein files elon musk says creapy pumpkin,0
one world leader putin afraid angela merkel,0
release epstein files trump dirty dont get distracted,1
trump meeting putin gift putin trump gives putin exact location meeting trump going location ahead putin greet sotrump allowed closest range putin quickly strike trump location alaska hope trumps meeting brings change hope americans,1
trump ready sell ukraine drain trump conman trying con world believing wants legitimate peace really wants kiss putins behind gain favor trump wants moscow trump tower sell soul devil get,1
somone ask trump release epstein files maybe meets puttin release trump pee videos time,0
like jefferyhes good friendand likes girls younger sideso commonokback lara bubblehead,0
donald wants give away ukrainian territory us war would give red states peace gave several red states china could trump end war hours,1
prediction next week president trump authorize issuance substantial number permanent visas russian nationals permitting establish residence alaska,0
hahaha roti canai anyone roti prata either way look it flour wheat flour plain flour ghee diff fill stomach people stomach people filled stay hungry drink tap water,1
were entering dystopian era reliving history yay,0
era world begining normal people hell never end demon saitan,1
socialism philosophy failure creed ignorance gospel envy i0erent virtue equal sharing misery winston churchill,1
trump see friend putin soon,1
maga end world order,1
laura trump absolutely butt ugly,1
traitors trumps,0
manufactured blowup maga doll face without thought without shame mans wicked dream brainless woman,0
trump propaganda trump never america smaller,1
option illegal protect rights american governments laws mandates fact entity founders warned us option contrary popular belief protecting ones rights american illegal governments laws mandates may seen entity founders cautioned option culture would believe illegal protect rights american reality governments laws mandates thing founders warned us best,1
maga stands principal molesters given amnesty,0
oh sure lets totally trust new agreements america budapest memorandum looting ukraines disarmament nothing says reliable partner like obama handshakes trumps giftwrapping putin,0
please maga make clear trump want trump release epstein files epstein philes keep ghislaine maxwell prison,0
hmm sunday oops djt missed church prophet trumps rapture donald meets pageant girls says youre going feel rapture seconds later theyre asking kleenex christian trumpers pretty loose boundaries,0
botox lips ouch,0
buccalface hard watch anymore,0
lets face facts cause human stupidityour i0umane behaviors animals nature says planet needs go,0
stupid person telly says lot,1
trump putins lap dog usual concessions come ukraine trump krasnov,1
lara trump thank intellect helping president trump get elected youre smart cookie,1
human tenants n aliso viejo ca apartment community n made alot lives hell,0
putin kgb thug evil man total lowlife loser also american military technology far far far superior anything russia china produce,1
social security needs big beautiful raise take care country first,0
put dopey donny jail,0
treason treason helping enemy even smallest ways still helping enemy wed ppl sending money ch start things taiwan,0
pudge boy near end,0
show epstein trump files,0
tragedies see black children teens kidnapped white teens white men tortured fun kids taking trash jobs truck would pull fun children walking younger siblings home school come boys list goes pray live hear read see nothing justice still happening day loud,0
putin cornered tiger,0
need palestine gaza,0
shut bi,0
release trumpstein files,0
let get straight trump bring russian home send legal american citizens elsavador,0
chick cant sing two cats alley getting sound better,0
see rear view mirror trumps disapearing dust,0
doesnt fox fake news report epstein trumpanzee stories show world trumpanzee teenie weenie teenys,1
trump one best presidents time,0
foxs embrace authoritarianism dishonors legacy brave americans risked everything world war ii defend freedom democracy fox national poison,1
trump stops never ending wars fools call epstein files may may exist many criminals keep fill crimes yes victims deserve see assailants prisons however authority arrest prince england bank england executives people like bill gates safe places hid world peace way important thousands die week war goes get distraction,1
lara trump wonderfully fresh incredibly honest breath fresh air world news thank lara,0
meeting putin trump back like little bit,1
lara queens ny voted trump trump epstein long time ago dont think would hurt air get unless really bad leave alone love show thoughts,0
ye know nothing larry trump youre opinions completely irrelevant real world youre mouth piece daddy trump,1
sit long enough gop fox segments know moon green cheese convincingly even,0
please show strength see weakness,0
nuclear subs used second strike reach ballistic missiles around sea miles tells us trump idea talking,0
american system since rr directing wealth upwards expense working middle classes corporations wealthy fully captured us political institutions bottom us less nations wealth need careful making struggles people today mainly personal decisions without looking economic context reality america remember modified inflation calculated minimise hide raise family today without two incomes side hustles populism right left result people losing ground told inflation low everything going great stock market everyone knows something wrong populism side effect,0
dont believe zelensky wants peace,0
era america strong strong allies yes trump destroyed,1
trump already trying silence critics including pressuring social media platforms please help build audience beyond social media subscribing newsletter join free paid want support work plusbriantylercohencomsubscribe,1
mara lago minor league developmental training grounds models work epsteins island,0
waiting trump say girls werent adult people,1
hey dont taking underage workers creepy af,0
free palestine thats usa helping gaza,0
triple h avout fuck lol,1
presidents bos heavy doesnt even say,1
triple h right side,0
tryandblamewhoeverlieingpieceofshit,0
lier,0
loved opening video shot three stooges alpha head stooge middle look lost,0
trump pedophile epstein files says doubt promotes branding pity american democracy,1
anytime gets pushed turns childish name caller,0
sleaze like trumps crimes trump bullshitting way punishment usa justice abomination called trump,1
make laugh people complain trump fricken never put office locked away months election one anything nothing dont grandma use say shits creek without paddle,0
perverted guy representatives country huge evil criminals,1
christianity pdfs go together like bread butter,0
hes snakenass liar,1
dont believe anything says anymore,1
always fake news fake leader magas guys joke,1
anyone expect trump tell truth,1
hes idiot dont know waitno one talked wait answer yesa fucking mourn long people going continue lie still support asshole beyond insanity living,1
weeks ago chatting friend manifesting never seemed work id tried many methods still felt stuck heard book called manifest unseen luna rivers podcast hesitant first reading chapters realized much missing evas approach different anything ive ever tried its thinking positive its aligning realworld actions bring desires reality ive manifested opportunities never imagined possible mindset shifted completely youre frustrated like dont hesitate read book change everything,0
im begging anyone whos even slightly lost life read manifest unseen luna rivers im kidding say cracked open best way im crying healing evolving,0
nice,0
comment section probably wont remember maybe someone scrolling needs months ago hit wall nothing made sense bought manifest unseen luna rivers seeing yt expectations chapter chapter broke something open motivation momentum wishing too,0
anyone underage women girls children,1
five days later kusts names,0
godless american president company wall,0
pedofile supporters men standing behind orange man,1
believe list released dramatically change america,0
old man mad taking young girls,1
trump lier never directly spoke indian leadership bringing ceasefire indiapakistan conflict started claim brought ceasefire rattled brahmos strikes india pakistan came running us help refusing initial ceasefire offer india first strike pakistani fed terrorist dens call help pakistan marco rubio called india told pakistan needs ceasefire need speak directly indian director general military operations ceasefire happened mr trump never played role falsely started claim brought ceasefire offering favorable trade deals countries rubbish india didnt agree lie egoistic trump started work india unfortunate us egoistic lier like trump head,1
go trump getting mercilessly destroyed months frankly shouldnt wanted job knowing compromised hes actually entire world enormous disservice hes completely fking regads treatment russia worlds powerful nuclear armed nation dont care epstein years ago absolute recklessness dealing russia could result ww ukraine part soviet union decades slavic people people russians coaxed kill war ukraine fault disastrous us foreign policy period trump day one like promised halt us involevent war period every level munitions intel money nato members would time bail well ukraine would capitulate months peace agreements would follow war would die get opposite,1
liar,0
love child man always belittle insult anyone asks question doesnt like real leader would enough selfassurance feel need,0
still single ooptein island visitorgrapist named arrested charged prosecuted imprisoned weird no one law let us forget worlds governments bunch pdfs,0
youre full shit,1
triple h like omg cant believe father law like,1
working,0
oh maga absolutely dumb believes shifting droves back defending master starting regurgitate democrat hoax routine cue,1
didnt obama joe biden release files think trump list would released ignorant,0
wow comey musta crystel ball made way back early epstein creat files dont know someone didnt think conspiracy claim thoroughly but know scared maggots believe lose privileges know crtcritical race theory look ask siri google anything want fact checked fact base something biased,0
trump poor liar best poor liar best poor liar world ever seen,1
hahaha,0
rape,1
triple h next,0
americai dont understand anymore elected man hired age girls spa accused stormy danielle among others man slogan grab pussy w1ver want trumps response anything confronted isfake news america let get away everything wait anyone try charge anything country civil war break,1
always fake lying bullshit,1
dude supporters beyond embarrassing country real problem trump supporters voters responsible going gone,1
sure donnie doofus sure,0
pedo trump slowly revealing creepy truth,1
hhh looks little uncomfortable trump answering question wonder,1
would hhh want seen next punk president,1
omg going make full year presidency absolute idiot became president cant understand,0
like way elon thew djt bus,0
republican congressmen stand trump epstein files complicit charged,0
fake fake orange face walk around,0
trump knew epstein maxwell abusing facilitating abuse age girls prior employees poached epstein maxwell trump would complicit abuse former employees,0
spread medical records internet yet wont release damn list take vote back im man blinders offnobody accountable anything say do,0
triple h standing side trump miss,1
younger mean children,0
fake news would say serious question,0
lie lie man,1
trumps sexy diaper girdle foley catheters bag piss strapped leg girls cant resist him,1
cohen sounds like knows stuff hope realizes trump always narcissistic antichrist prison long ago cons felonious mockery apprentice show,0
hhh next trump holding news conference white house linda mcmahon education secretary national nightmare,0
ha ha good liar always get caught,0
praisemedent trump knew jeffrey epstein theyve friends since,0
virginia conveniently dead,0
sick square bad bad predicts shame,1
dirty reputation responds know go around,0
holy shit triple h secret service,1
takes people,0
age girls working resort spa naked people,1
trump escapes list know its fake news,0
much time energy wasted list come probably along everyone else people going say told nothing else happen wait,0
effing liar hope worst trumps even special lil barron,0
trump guilty sin serious mental health issues,1
donald trump knew jeffrey epstein taking papers lying said dont,0
donald trump biggest liar ever heard cant trust word say,0
whenever ask donald trump question note answer must assured yes cause never tells truth,0
donald trump worst president worse nixon,1
entire history justice department never transfered convicted child sex trafficker easier prison child molesters running maga took,1
incredible putin child molester,1
whether spa spa knew right spa knew epsteins mo,0
cant answer good legitimate question without commenting fake news one worst hes slug,0
wondering donalds policies affecting oath keeper proud boys etc want see epstein files still support,0
please get r vs release information related files anyone participated handled grotesque criminals,0
please keep story alive sex offender needs responsible actions,0
pure utter dirt bag sounds like maralago front shipping young girls around world stop asking liar tell truth get new president release files,1
years trump thats got melania,0
history known long time cant anything release epsteins files girls stolen giving away good friend,0
greatest nation assss,0
guy telling doesnt know telling trying put somebody else calls everybody fake news afraid know going cover trump justice department trump tells change say trumps name,1
look guys around evolved,0
wouldnt want release anything would,0
ki budhiya ko bhi pati mil gya,0
fake media similar sashi tharoor sunanda puskar,0
slut wedding cucks invited,0
definitely wrong,0
front activated,0
god always makes way,1
sara chor eak hi frame mae h,0
feel renewed watching,0
opposition party mps creating unnecessary nuisance elected behave properly manner problem go court behaving slums market place also public knows protesting selfish reasons public benefit dont agenda palns countries future agenda oppose central government anything everything honest tax payer fed antics opposition parties pathetic situation,1
gandhi group silent illegal bangladeshis pakistanis staying india,1
see flat face mahua fire without cause married rahul knows worth his,1
change required appointment cec,0
indian opposition parties usa donald trump public careful idiots,1
wah aam admi ko fark vhi nehi parta sirf mps hi protest kor rahe hai,1
Hes playing politics,1
It does not matter what stance you take because when you mix identity politics with gaming you immediately Thanos snap your audience by more than half Most people in the middle are just like stfu Im gaming to escape real life,0
Vote Chori Controversy Venkat Reddy BJP HMTV PMModi rahulgandhi BJP congress vote vote Votechori bihar biharvoters politics HMTV,1
Kenyas politics since independence have been dominated by leaders from Central Kikuyu and Rift Valley Kalenjin regions fostering perceptions of ethnic favoritism in resource allocation and corruption as noted in analyses like Ifris report on neopatrimonialism,0
This ones playing Politics and exposing the actual owners of this white owned party Its repaying the dept of them rigging rise into parliament with Songezos face to bare all shame It wont end well Well be there,1
Theres vote buying no doubt but theres grassroot politics too no Im not talking about the just concluded byelection Im talking politics in general,1
Unreal the party who screams democracy thanks to tgos echo have woken up and looking beyond politics and seeing them for what they are,0
NEVER FORGET This is how an year old active duty service member was treated for refusing to take the experimental mRNA injection,0
So are you,0
Hemlata Patil An attempt to murder me in Congress Hemlata Patils allegation causes a stir in political circles,0
Politics in progress,0
Votecheris voice CEC VS News,0
And the thing is if you include the mainline comic version of the Green Lantern Corps Guys actually kind of right in regards for GLs staying away from politics Considering thats how Sinestro first went rogue by establishing a dictatorship government on his homeworld,0
Oh I was especially when black people were not allowed to vote today your opinion matters on politics and you even have the right to vote for a party you like black people didnt have that option so your corrupt racists not giving you that option doesnt really help your case,1
Jim Chalmers economic reform roundtable kicks off in Canberra,0
All these things are related to politics and they are trying to draw attention away from the problems facing the country,1
Zero interest Ben lost his fans when he decided to get involved with politics,0
Mbui has stated that corruption in Parliament is not new recalling past scandals and questioning President Rutos sudden tough stance,0
So u want them to be donkeys Even when not in agreement they should keep quiet bcos of stomach politics,0
New article The multilevel governance of polarised climate politics how a pioneer city navigates a dynamic political context by Jennifer Bergman James Jackson Naghmeh Nasiritousi Paul Tobin,0
I said I was gonna do more politics on my main but I havent been holding myself very accountable,0
This picture tells one so much about how US politics are being run,0
thats crazy wheres epstein list,0
loyalty right word bribery graft fear extortionchoose one,0
paywall free,0
wait till billionaire ceo declare war administration,0
classified,0
really secret,0
oh who surprised,0
totally cool normal thing,0
probably cool,0
finger crossed ranked dead fucking last,1
secret probably public google sheet,0
probably excel,0
real loser energy,1
envy like one trump child beauty pagents trump want rape winner,1
make public want know avoid,0
boycott top,1
feel like isnt secret point,0
list want see epstein file many time trump trump client would even say epstein best client doubt,0
release spreadsheet want know spend money,0
ofc trump suck massive cock biggot,1
key part fascism merging government corporate interest sayin,0
perfect list business boycott thanks donnie diddler,0
know british monarchy give company honor putting official hrh seal w1ver called product tea sweet yeah want except dont think monarchy loyalty testsso itll like despot thing,1
know company dont want epstein file released,0
definitely made public know company avoid,0
one reason trump love tariff everyone need come begging exemption reality reason tariff havent caused inflation calamity everyone running giving trump gold idol payoff exemption disgustingly corrupt open u unbelievably stupid idiocracy full ten million impossibly clownishly stupid imbecile,1
even going blip news biden,0
imagine running country like reality show loyalty scoreboard,1
really stop surprised type shit,1
see bottom list know patronize,0
anyone history universe fragile ego,1
secret anymore,0
hey maga fake news going wake fuck realize nightmare happening country please keep rocking red hat know continues betray value,1
sound like list company boycott,0
gift giver potus president putin american bald eagle desk statue baby pretender list toobigggg man,1
hitler much,1
much want bet company low trump rating thinking treat employee like shit appease trump let call ice raid one warehouse wont actually hurt business overall long run bitch thats tomorrow problem today earning sweet sweet tax break,1
read comment article sheesh,0
boycott list,0
functioning congress would issue subpoena release file,0
well im business owner rank give company zero fact literally company policy business magats trump supporter ive fired client fuck traitor wouldnt take money giving free,1
also known boycott list,0
giant sucking sound ross perot coined presidential campaign criticizing nafta solely confined goldleaf white house oligarch lined mouth wideopen,0
may every day another wonderful secret,0
trump want dictator least earn much money give fuck world state,1
id love list know avoid,0
republican finally admit guy bad country bad democracy dont agree democrat everything one expects republican finally finally start putting country people first admit guy isnt fit,1
surprise,0
isnt giant someone try overthrow government ill eat non existent hat,0
thanks white house supplying u boycott list,0
level incompetence continues shown people staggering thought couldnt worse happens right know impossible george bush somehow responsible idiot would left paper carls jr bathroom signed letter w authorizing hijacking,1
company could stand hed power,0
epstein file amazon,0
maga must destroyed,1
hot list,0
according axios business seen good partner white house list include doordash united airline delta airline uber att cisco airline america steel manufacturer association,0
gross totally brand republican,0
release list,0
free market action anyone support absolute piece shit,1
show list know company avoid,0
ya dont say,0
juvenile behavior,1
wow thats lot loyalty spreadsheet scary stuff,0
release along epstein file know aholes boycott,0
dictator shit,1
embarrassment like give hope people start really pushing back unison regime fall like house card least majority monster publicly burn life permanently next,0
least bit surprised bet trump kill list,0
back every threat like taco child rapist corporation want he offering expense working american,0
like friend ranking list mean girl would pas around school,0
im anti trump evidence article secret spreadsheet come know known epstein file spreadsheet track information,0
wanna see require knowledge reason definitely preparing resistance cell,0
secret,0
majority american voted,0
work bottom list im extremely proud fuck every way wednesday worthless pathetic thing ever walk planet,1
publish shop least loyal place boycott brown nosers,1
putin wannabe,1
could someone leak list sure could use know get money doesnt,0
pathetic loser,1
trump administration ran like mob operation see,1
invisible hand free market really mean,0
formerly secret,0
soft little bitch,0
first wanted make joke hitler similar thing point cant even joke even gotten tiring im tired hitler literally bunch deal big company side pretending standing little guy got power sent dog go destroy company store werent,1
yes ill take thing nazi regime,0
god seriously fuck fascist clown,1
turn american love idea king,0
thought patriotism country orange dorito looking mf,1
many list want released one dream,0
mean apple clearly bent knee game throne taught u one thing there nothing worse fuckin kneeler tim cook shaking like leaf fealty offering trump,0
oh mean boycott list,0
wake,0
thats loser shit right,1
please spread list support reverse,0
dont understand anyone listens goon type government he trying turn u usually reserved people actual skill scare people following putin least ex kgb stalin mousillini kill count belt trump ugh make physically nauseous,1
company much power world,0
fucked,1
sorry pathetic country allow loser become dictator say hitler charismatic excellent public speaker piercing blue eye kinda understand people easily impressed could get brainwashed trump seriously,1
wow knew secret,0
itt liberal rebellion give money away capitalism every single publicly traded company going bend knee trump cant buy way problem,1
let see list show,0
small voice inside say wanted make money could take look list put smallest favorably ranked publicly traded company stock watch list know company might get government contract,0
enemy list,0
unfortunately incredibly unsurprising anyway bout trumpepstein file,0
oh one wasnt onion,0
cool find least supportive list spend money business bribe need commercial death sentence,0
mr trump nice,0
want reverse sort see get business,0
demand museum prioritize party perspective,0
whats crazy already assumed thing even question mind successfully made flooding zone focused much worse thing ahead ignore thing crazy alone absolute proof indication democracy dead country dont time resource focus cant focus jab worried haymaker coming face,0
like red scare like black despair,0
ill take everything news right alex,0
want make clear isnt hyperbole picking winner loser based loyalty literally textbook fascist economic policy important aspect fascist economy economic dirigism meaning economy government often subsidizes favorable company exerts strong directive influence investment opposed merely regulatory role general fascist economy based private property private initiative contingent upon service state,1
rank citizen based loyalty,0
reminds nixon enemy list,0
corporate power protected industrial business aristocracy fascist nation often one put government leader power creating mutually beneficial businessgovernment relationship power elite,0
selectively enforce law convenient ingroup,0
political military cultural historian europe im getting really tired explaining fascism people,0
deploy military people,0
military police,0
get kind shit straight fuck country america russia,1
round insert marginalized group,0
list come handy period fascism end,1
nah normal capitalism company get card trump stamp contribution,1
he truly pathetic wannabe dictator,1
name thing fascist regime solicit bribe tech giant commitment u manufacturing well mr cook gift glass plaque carat gold base earned company reprieve mr trump want bet mr cook also gave trump spare goldplated base case want take chunk pure gold spend,1
ill take fascist favor alex,1
even fascist also unbelievably corrupt basically list organization fund trump kiss as give thing absolutely disgusting,1
mark word golden statue erected taxpayer expense,0
show avoid list please,0
excoriate anyone wont gush feigned accomplishment remember picture crowd giving hearty sieg heil one guy couldnt participate could easily see tangerine tyrant taking umbragethen revenge embarrassing american,1
destroy right liberty name freedom,1
lie vehemently often eventually becomes truth,1
elevating one strongman leader infallible fatherlike even godlike leader embodies nation loyalty loyalty country extreme nationalism often tied ethnic racial purity scapegoating minority immigrant political opponent enemy state crushing free press censoring artmedia imprisoning killing dissident outlawing opposition party independent union using statecontrolled medium spread constant propaganda creating national myth glorious past restoring greatness glorifying violence war military value expanding police paramilitary secret police force intimidate citizen pure capitalism communism tight statebusiness collaboration major industry often aligned controlled regime prioritising state nation individual freedom harsh crackdown free expression assembly personal liberty manufacturing crisis internal external justify authoritarian control normalising surveillance informant arbitrary arrest promoting rigid traditional family structure woman encouragedforced role childbearing domesticity framing conquest neighbor global domination natural right belief deserve landresources,1
show secret list loyal company ding,0
vote releasing epstein file,0
according axios business seen good partner white house list include doordash united airline delta airline uber att cisco airline america steel manufacturer association there start,0
removed,0
side nationalize regain throne,0
tim apple,0
thanks administration providing taxpayer boycott list thats efficiency action,0
bet penzeys spice close bottom list,0
fuck list,1
one ranked highest boycott vote money day need wait year,0
id like see opposite reason knowing one top list avoid,0
one ranked lowest greatest incentive business plot fanta menace one already out way go,0
would really convenient know everyone stop buying,0
admin leak lot thing theyre pretty serious protecting list,0
thanks news article list dont share list potential news possible news please news,0
get didnt lose country super villain unrivalled human intelligence lost dumbest illiterate uneducated incompetent bunch brain dead moron america never respected powerful country cant protect,1
first thought okay interesting reminded still dont epstein file fuck pedo paper trump,1
theyre captain planet villain evil,1
look like appoint hire people unqualified qualified true old buddy system hiring merit,1
upside administration trump demand loyalty end incompetent people get administration unscathed incompetence lack trying,1
exactly problem uk leader whoprefers care illegal immigrants immigrants ignors desperate needs taxpaying people thebuk many many struggling put decent food table illegal fighting aged men given phoned housing iwould like leave uk presently considering suitable country move leave mess rd world country call eng land,1
sanctuary states go bankruptthen expect federal gov bail outwith tax dollarsplease dont,0
thank ag bondi,0
amen throw commies jail,1
need arrest sue,0
btw pam epstein files epstein files epstein files epstein files epstein files say epstein files epstein files epstein files epstein files epstein files,0
wish still trust bondi,0
sue george clooney organization stole fire aid victims money,0
state needs many people states talk california call idiots part union dont direct control need people like power enforce please thank stop f hating oncali beautiful state union ya none bulshit weather issues ya,0
minnesota next please,0
right hope sue colorado ground polis nothing trouble colorado jail,0
hell yeah,1
dont go pedos epstein case follow laws,0
respect earned automatically extended name dropping un suck ups given non performance indifference well established traits likeminded democrats whole reject god given freedom dignity obviously favor communism soft shoed socialism words continued policies tryanny making slaves serve elitist status dominion else would want undocumented noncitizens exploit recent arrest human traffickers coincidentally san diego reported threat victims noncompliance results organ donors norm dealing noncompliance missed report,1
californians tired crime rifraf red california,0
please need turn california red red red,0
waste time suing court law youre doj go arrest asses,0
please go chicago mayor doesnt care us citizens gave away money illegal aliens city could afford time arrest,1
thats girl,0
youre awesome pam thank,0
didnt anything things fine years shistirring attempt create martial law bunch thgs,0
remove jail bass,1
lawful unjust doings backfiring enjoyment done well completion,0
something illinois already,0
well protect voter base lmho,0
go get em dont sue lock,0
thank great job im im ny its completely hand,0
wonderful news,0
got great job,0
send mayor newsom mexico,0
amen gettem jus chaos makes sense,0
threatened killedby gang,0
doesnt get clearer,1
strong,0
whoa talk lawfare,0
dictatorship,0
add think mention many rioters funded communists party lead directly xi leader communist china ccp leader governor newsom california waved communist flags welcoming xi china flew overhead landing airplane soon get together discuss wonderful present covid received ccp america aware rcooke,0
la many dem cities prioritizing 1 violence make president trumps term seem volatile arent american stopped send marines,0
pam love support,0
american enemy exposed truly,1
lived rural area outside tacoma pierce county many cartel organized crime houses shootings theft drugs possibly human trafficking street lets end sanctuary city policies,0
well said,0
best looking woman public view,0
come nyc,0
fight fight fight deport deport deport great job great american heroine secretary pam,0
u pam wright thank u hard work done countryyour dedication leadership unmatched love america thank god president trump pam rest team love president trump trying save america evil ones go president trump american people love you,1
awesome job,0
treason come youre arresting,0
fight fight fight freedom,0
true governors states must obey federal laws doesnt matter tds must obey white house,0
bass complete existential monster go back came,0
thank god go trump company,0
know happened started biden administration get penalized get sued,1
illegal aliens walk around snap benefits soninlaw lost job kids autistic state gave daughter family month two lifelong citizens paid system years two disabled kids thats give tax dollars take care citizens illegal moochers sue ri ms bondi,1
please fallow money,0
stupid democraps party criminals,1
please save us californians newsome karen bass,0
support keep fantastic job,0
suing nothing,0
ag bondi winner nothing net full court half court lay ups jump shots free throws name talent,0
keeps talking nothing done start process arrest,1
thank pam keep kicking butt,0
sue loos court court judges corrupt,0
hallelujah thank karen bass arrested go governor,0
yesyes yes time justice,0
happened history people flocked usa canada thats mafia wound its different story countrys sent prisoners mentally handicapped,0
know purpose,0
thank much attorney general pam bondi,0
thank pam bondi,0
yes gettem girl,0
ice love,0
bigger issue democrats actively subverting laws citizens election strategy gain house seats treasonous behavior need way treat power took oath funding including funding dnc specific politicians paid rioters,0
sue world,1
bet ya bucks could toss mean antipasto wit dat jaw trumphole b grinning cheek cheek,0
wow everyone keeps suing ones getting hurt taxpayers stop nonsense start holding democrats accountable trump doj thats supposed people,1
thank ag pam bondi,0
yeah baby go pami incredible woman patriot thank god great work,0
pam bondi,0
mayor bass many delusional mentally ill patriots love freedom govt,0
bass minus b,0
amen,0
thank you,0
stop federal money programs states immediately,0
massachusetts go get em rhode island go get vermont maine way eu uk wannabe cities going filtered,0
sue yet continue w1ver want going put someone jail,1
newsom still office dont get people california crazy opinion,0
go getm pam pure patriotism voted for,0
thank previous administration illegal send back came thanks president trump pam,0
liberals care propagandaand power,1
great job pam could get fired neglecting safety citizensfires illegal aliens lost homes governors mayors still hasnt tried help need fired thats opinion,0
trump total traitor running terrorists attacks nonstop since first term,1
never thing help us pimped pump bonded,0
thank god kash,0
kash patel appointed god time,0
crayola crayons hes eating them,0
largest criminal conspiracy patels cover epstein files,0
lock two traders,0
hes indian boss,0
made epstein list disappear better,0
great fbi carefully issues,0
aged like milk files kash talking corruption look thing,1
arrest,0
americans illegally spied hamer found file americans able obtain copy collected,0
comey corrupt charged tried treason absolute slime corrupt low life,1
love appreciate kash,0
lol mic drop,0
james comey criminal needs arrested prosecuted fullest extent tent law,1
talk talk talk coward,0
hes friggin communist,0
lock bastard waiting,0
isnt comey prison,0
im glad running fbi time great leadership,0
amazing many mistakes weaponized fbi makes gangstalking mistakes,0
epstein files logs,0
comey failed man,1
james comey knew exactly,0
remember sea shells wants president donald trump dead evil person needs go prison hes idiot,1
sounds like childs play indicating ebstien island crayola crayons omg kash ya wanna stay ground imagine people seem okay coverup,1
agree kash patel james comey leader thank god kash patel real honest man makes great leader,0
amen kash loves respected,1
amen way go well said proud leaders today,1
bravo dear kash patel nailed sir thank,0
absolutely right mr patel james comey corrupt fbi director since hoover instrumental jfk assasination comey orchestrated false information fisa courts spy presidential candidate belongs jail thats way americans see hes evil corrupted criminal prison hes disgraced fbi actions behavior,1
arrest jail bail,0
yesss,0
kash patel absolutely,1
isnt locked,0
cash needs make sure james goes prison long time,0
well saidthat man,1
boom,0
jail time man,1
let bodies fall youre man,0
kash best,0
go kash rock,0
comey worest fbi agent usa ever hadhe loser american peoplestright comey trash full garbagecomey keep walking beach tell never u againkash pluse come minuse floser,0
leader,0
kash sellout bondi,0
law must law unlike attorneys like believe truth stretch absolute,1
liar dont belief anymore b crap,1
hasnt arrested,0
sad part bought news media half country clueless comeys crimes,1
james comey criminal little regard american people american founders,1
thank kash patel,0
comey needs restrained freedom hes knows much erase,0
man prison,1
way tell cash dont take sit,0
thank dont want anybody running fbi like crooked wasnt good job crook let crooked people get away,1
comey rot hell sooner better,1
epstein list,0
god bless kash,0
stomach burned watching liar try tarnish trumps reputation new fbi wondered trump chose patel im sure heads going fly,0
good kash patel youre honorable man comey thing lecture one greatest leaders fbi comey stick arranging seashells beach,0
wow like father like sonthey really father loves serves people live cong paolo marcoleta sen marcoleta,1
another marcoleta get,0
marcoletas son really,1
waste time impeachmentyou mean making corrupt accountable wrong doings wasting time,0
accept yet accustomed case,0
vote atty vic bakitanalo mextome attyvic,1
duterte also child suctionsuction thiefs suction like lawmakers scary vote people dying people thieves,1
money,0
poro corruption kind lawyee thieves thief,1
attached reckoned marcobeta,0
banat cong marcoleta debatihin moyan si cong libanan,0
hey daddy big problem c joel lord pork barrel,0
miss money money,0
open sal nyu find hides millions,0
good steal marcolieta wants say,0
jr marcailet,0
sara also impeachment p horizer talking much need take care bbm n impeachment give jan accept obviously demolition vp,1
muang karin,0
brand duterte still,0
feeling good father digonos camp,0
atty mrvolita look like c sen marcolita,0
hope sign ne fitrt million,0
thats talked bisis nayan delay delay dead talk,0
tig tim head mo dika maaram follow sc,0
fee impeach,0
young markbeta ask cant supreme courts go wrong,0
honlibanan correct,0
dpt gwen make bstas hende manenira mnga du,0
sabbath answer son marcumette,0
also wig,0
hahaha duty reduce scandal chasing accountability first investigate corruption happening today lower house,0
corruption killing people eventually enjoys majority suffers yong corruption feed child sin commit god reproduces good like star heaven think sinners die bathe boiling fire think look children swimming mud fire stubborn turned away god thats decision late change intimate relationship jesus,1
magkaka mag saw,0
ambot haim,0
puros say momoletics saying,0
quadcomas like transparency creates trouble like paliwamag,0
seems marcolette burning senate opposed sara dutertes impeachment,0
rev al former coke dealer wanna msdnc perfect fit,0
trumpthe cornered rat distraction dance,0
look sharton eyesthats lying man ever seen one,1
sue,0
obama became president united states trump couldnt handle many others got really upset person color president united states others want make sure happen hes pathological liar knows far go declare superior,1
hes man god hes man money,1
deny deflect delay worked entire life,1
mr al truth,0
black trouble makers call reverend,0
done nothing address affordable housingdone nothing lower pricesdone nothing help homeless americans disgraceful,0
hor created legislate laws nt prosecute sc courts decision final n nt contested otherwise thats case hor abovepwrful scmga hor intindihin nyonpo wat u r sc hor nt court legislator otherwise kayo nlng hor mg sc,0
oh knows race baiting hes pos,1
non profit always profiting crooks,0
trump disgrace human,1
anyone knows race baiting al,1
isnt true lawsuits come wouldnt talking could sue trump could definitely try send cease desist order considering comes trump charge prosecute first ask questions like actually happened way later dude didnt take money would talking pending lawsuit al ever shied away using judicial system rake someone coals hes hesitant lol,1
youre old racist negra,0
pot calling kettle black,0
ooooooohhhhh parasits lying,1
mean like bribes drump takes selling fake coins,0
man would wasnt elons donations release files trump,0
guess technically good reverend correct kamala paid nan k got endorsement nan paid big al cool million total compensation looks lot like kamala paid endorsement though letter law probably didnt democrat grounds standing sue trump would look lawsuits hes already endured democrats intelligence community epstein file years anything juicy democrats destroyed anything trump already would released epstein files going big nothing burger like jfk files like mlk files,0
trump psycho enough going business claiming garbage went hasnt realized yet hes one illegal things whats taking long getting office whoever needs start issue ousting please get ball rolling,0
florida veteran al want hel got brother fdt,0
didnt interviewer ask theses foundations money guy hasnt worked day life much money skimmed black people start realizing guy better king robbed money mike tyson,1
dont pay endorsements people believe,1
way would thought going claim racism,0
truth thank mr sharpe,0
california raisin,0
yeah yell really loud distract miraculous success hahahaha fools sharpton lost fat head,1
arent suing its probably true,0
guy mad dont take action talk much dogs bark lot dont much biteing,1
harris black,0
trump proved one thing people like al hollywood dont run country sue trump wont first ones lost wont last people tried jail trump turned crooks,1
democrats mad trump tore play house tried jail trump years let country go trump america america would broke within without,1
bnps conspiracy survey conspiracy awami dalal city groups tv ekhon tv brac survey false propaganda survey jamaats support bangladesh bnp rest understood neutral election vote,0
conspiracy survey awami dalal city group tv ekhon tv brac survey false propaganda survey jamaats support bangladesh bnp rest understood neutral election vote,0
means awami league want say decide could speak could express awami league could vote means awami league get vote least fascism sitting buzz eel,0
full fake survey indian blessed surveys mainly confuse anti awami forces years election likely dissolve bnp example voted bnp time vote anyone including family,0
dog bnp make good millions bnp everyone gets politics politics ziaur rahman chil country shadin,1
nibachana,0
write time write comments,0
bnp think movement movement want give credit agitators bnp gone power eat awami league,0
welcome jamayat,0
b n p,0
first jamaat e islami government form area jamaat activists registered jamaat workers numerous members family,0
bnp holo sorasar koni shiek hasi r dosor sonrsa chdabaj dusson kon sub kesir sata bnp namok dol te jodito dasar gongonbnpir jala otisto,0
survey misconceptions thousands guns bnp vote area votes,0
bull wake bnps vote see income garm,1
jamaat go much vote bnp extortion silent,1
surveys azira work basis,0
jamati buta davo,0
first vote ncp,0
far ncp jamaat bnp razakar bnp never first vote life th bnp saw work extortion occupation loot drug spread bribe leader taking percentage everywhere magic razakar bnp send bnp indian ocean,0
agte songsksar tarpor nirbason,0
inshaallah dari give jamaat pavement,0
survey comment,0
would like return awami leagues report,0
beard,0
police station get votes,0
jamaat butter get anda pr,0
jamaats secret vote,0
brother votes could vote,0
think party lost percent vote vote bank blackmail common people using intense force including offenses,1
wanting say means church would identified,0
bnp tendering extortion,0
information come survey completely false percent people decided vote vote new political party survey company want reveal secret truth thats cruel truth,1
back awami leagues broker establishment,0
survey dont see,0
bua jorip,0
aomilig say wrong,0
think voter maximum,0
quiet show game time,0
mr alal sahib like personally looking long time media today happy see honest qualified leader appear media today question high command memory left crazy dogs memory field search people like fazlur rahman habib chhatra dal many please stop mad dog especially bnp team,1
better reform wishes bring old godfather trial fully reformed vote inshallah jamaat e islam next government see islamic government data survey perfectly true,0
bnp awami league pledged many times came power none defended commitment words value,0
cant see result board need set camera properly,0
bnp leaders bhifor political religious training control people money muscle strength area dominated people bring group make leaders alal sahib positively said language alal sahib said gentleman spoke like gentleman fakhrul saber fired fakhrul sab heard floating leaders party fired light koran sunnah jamaat long struggled ganjam ganjam ganjam light sunnah people targeting result jamaat win government winning landlide vote time wife jamaat government formed europe establish rule rasheda hazrat omar ra openly way america character morality despite hundreds oppression awami league criminals sprayed people boat non muslims also highway say sure country free corruption months rape stopped overnight seeing two four trials everyone dare fathers father,1
lungi butcher mudi dhoti student league came dhoti gupta chhatra dal leaders dhaka university main leader gupta party london muklecha gupta team makes chanda paltan divided london aha gupta party murders ten months many times people killed gupta party owner owner rent office murder rape chanda khamba team three dhadhas,1
story religion without hearing thief situation bnp people want bnp terrorist activities,0
duuuhhh,0
got burn maga boy model,0
missed opportunity ceo genetic testing company grill didnt ask gene makes someone xe fae zim,0
dont know,0
looks exactly like one undescribable pronouns,0
delegate youre competent job thus trusting people delegate job focus tasks delegate dont even know part responsibilities delegating based duties knowledge,1
love grilled point,0
mean nothing,0
happy birthday donald trump,0
people like come dumb,1
i i uh uh common sense,0
uh uh,0
sick leftist filth wasting everyones time hearings another reason detest,0
ahh delegate,0
theyre bs activists trained college theyre demonstrating youre living protest lifeblood existence theyre taught garbage,1
nutters,0
ceo omg put thing charge,0
see dressed occasion,0
demanding enough,0
people idea suggestion solution lgtbqratsass men dress women sport competition easy create establish transolympics special olympics settle vote red,1
fire california stupid,1
guy great job exposing foolishness,1
deport 1,1
maga would deport jesus claim worship true followers jesus welcome stranger feed poor house homeless give wealth help others maga youre wrong,0
trump paying parade goers crypto llc via craigslist ad dc fight fight fight llc making payments get people come parade per ad cl today,0
crappie ridiculous,1
would go debt questioning,0
wow scientist representative representatives congressman know much time hands doctors couldnt answer w1ver douchebag asking im sure fox news hosts couldnt answer,0
demanding anything letters words,0
shes zar egom,0
zar egomaniac,0
moron,0
ex president,0
liar like rest party,1
told pronouns use,0
waswere,0
speed agenda shes pushing smfh,0
lol living stupid times,1
anything know,0
she must embarrassed,0
dont knowtherefore delegate,0
people afraid look stupid,1
terrible,0
democrats suffer brain damage,0
wow stupid people get jobs,1
democrats insane,0
crap huge bunch fairy land crap,0
dude waste space,0
e ecstasy molly street names hardcore drugs,0
clue typical liberal,0
busted,0
its like lgbtq w1ver stand paying representative,0
snowflakes soooo obsessed people want call seriously see assault personal identity personal identity linked hard someone want call insecure sexual identity,0
wasnt givin script morningno fair,0
democrats never called christian conservative simply moral guide much like youtube people,0
bravo rep gill,0
insane running asylum,0
ceo organization forum,0
nutjobs nutjobs mental illness uncertain end,0
dumbest answers ever dems over,0
doesnt know meansoh lord help worldwe know means like ever,0
great loving new congressman,0
two pronouns born men men born women women thats way high god created end,1
deer headlights satisfying seeing people look like fools tv,1
republican priorities,0
good picture,0
panjha sa ghndhe,0
good lady,0
lay men talk parliament,0
hijade ki rupay ka shahun fe rahe hain rajnathji tyohaar hai na kahan bahar dhundhne jaaye jab yahin bagal mein khada mil jaaye,0
nice gesture,0
eden preparing make next reality,1
rajnath singh gentle man,0
sister teaching manner pappu jumping like frog,0
showed nature elderly person defence minister shes standing upper step respect women minister stood lower step age rs elder father rgkhan,0
hijra prianka,0
nice video indira gandhi,0
sab side ho gaye,0
today talika contract found,0
friends public fighting,1
man better pmhe knows respect even opposition,1
apologetic looks scared,0
ooh totto wala hai samhja gaye,0
pure patriot rs,0
learn lessons life rajnath ji,0
aaj se insanoand movies second matlab nahi rakhunga aaj mai ajaad hua insano movies aaj se kewal study karunga timing pm today,0
la many dem cities prioritizing 1 violence make president trumps term seem volatile arent american stopped send marines,0
comrades pressure colonizers must go jamaica dont belong,0
democrats russian suspicions proved true trump made mess economy short months rapist convicted civil court definitely epstein list,0
fox news needs stop distractions demand trump administration release epstein files immediately quit protecting wealthy powerful playing us like ignorant fools people stay silent,1
whole press conferencecabinet meeting perfect illustration trumps cognitive dissonance slurred speech unable finish sentences complete ignorance history facts trump needs removed office,0
many people continue support many relatives medicaid die many people continue listen man took sharpie show thinks intelligent weathermen spent many years studying weather,1
borders never open lie repeated sure people illegally came biden say borders open typical trump lying fox brainwashed time small lies repeated boom its sudden fact pathetic,1
watched video mandani crying publicly joke stating got threats someone cultsurprised chaos coming cult didnt think ny enough problems folks addition trump taken almost twice never cried public guy crying public supposed threats hes fit running complicated tough city like new york adamscuomosliwa flaws id rather see former police captain former governor case sliwa someone actually attacked hospitalized gangster group running city grown man crying public considering mess adams left covid mess deblasio left adams didnt bad job addition communism hasnt worked ask poles russians former east germans lived era worked guy delusional,1
fox news trump signed big beautiful bill law covid pandemic bioterrorism conspiracy investigations covered trumpmusk feud kickbacks funds billions dollars doge discovered trump could amassed kickbacks funds musk became disappointed let authorities investigate covid bioterroristcriminals investigated without coverups exposed covid pandemic bioterrorism conspiracy intentionally masterminded shadows federation american citizens scientists white jewish leadership republicans independents trump jr spyaffiliates edward snowden spyaffiliates dual us citizenships friends worldwide countries us canada europe england france germany spain portugal netherlands turkey asia china philippines indonesia malaysia japan korea russia former soviet bloc countries armenia lithuania kazakhstan georgia latvia etc middleeastern countries india pakistan kashmir nepal iran iraq kuwait israel sinai qatar australia latin american countries mexico brazil honduras el salvador peru argentina chile colombia nicaragua venezuela cuba panama haiti belize countries africa kenya etc affected covid pandemic federation american citizens scientists associates used covid tainted foodmediums mails packages targeting victims victims infected others human human without knowing targeted victims packages carriers ups fedex amazon mail carriers foreign countries etc covid scandal conspired wuhan china covid outbreak motive implicate china source covid pandemic worldwide china source covid virus trump allies lied china victim like countries worldwide affected covid pandemic according peter navarros comments kabc news two weeks wuhan covid outbreak said coronavirus briefing white house november scared go sleep night briefing means peter navarro trump others attended covid briefing white house november possibly night time wuhan covid outbreak knowledge covid bioterrorism conspiracy true source covid virus covered shared covid briefings fatal infos received healthcare workers doctors us scientists many lives covid deaths us worldwide countries could saved right covidmeasures right vaccines time let authorities investigate details justice served,0
fearing perspective need understand fox news going put bad light i0erently isnt praising marxist leninist ideology china soviet union pushing truly egalitarian society benefit everybody communism isnt bad its done right isnt socialist instead sitting criticizing things barely understand research man wants help people thats end,0
communism good paper hits fanreality fake look china politicians fake socialism stars draining rich business jobs second face runs money third communism begins controlling draining people socialismcommunismdisaster,0
hyderabad action conducted sardar patel chinese war indian soldiers fought canvas shoe feet disaster war pakistan disaster let us speak war indiraji choice million refugees breathing neck,1
yeh tejaswi nahin phekaswi hai ashamed insulting great leaders like pandit jawaharlal nehru ji person immidiately expelled parliament house nikaal phainko badrameez naa ahal aur naa laayaq aadmi ko,0
bjp always telling history people dont want future dont want develop country hindu muslim caste temples vote banks country develop youths time change country bjp congress develop country,1
graduated idiot people like guy speak without shame bjp taken us back years destroyed fabric nation stay power hindus hinduism want upper class rule rest sad sad north india gullible false cursed propaganda bjp rss,1
mean elon musk baselessly claimed trump epstein client list think someone spend quarter billion dollars help trump become president elons claims trump would baseless,0
wonder listened may pam bondi know stephen colbert fired trump bribed paramount million dollars trumps indiscretions come back haunt,0
raids epsteins properties obtaining called epstein list done trumps first term president direction attorney general william barr could reason trump calling release epstein list campaign thought barr expunged name list reason trump reluctant release new attorney general pam bondi discovered barr didnt take name,0
baseless elon access everything said trump found later months ago trump told pam proves wasnt baseless cash patel told said hes staying lane shouldve fired spot statement saying hes gonna job depending whos involved shameful,0
trump dead body years later trump dies released probably wont even alive wont many u wont alive face criminal sentencing rest us wont matter much w1ver sob gets away nvr make goat presidents always goat lies deceit goat bullshitters,0
trump list baseless claim informed fbi name appears list multiple times thats flipped releasing took lead covering evidence baseless fact,1
said list doesnt exist theyre saying doesnt dont wanna release lot people rich powerful people youre rich powerful get away anything its ridiculous world come,1
trumps marlogo fl property purchase jepsteins neighbor hooked hip sorta speak long time else would epstein claim th amendment right answer question asked trump go dive deep fact check,0
everyone following issue well aware trump client list files question else elites epsteins lists bare minimum get list socal epsteins th birthday book know book part estate items,0
well ana come long way days hailing monsantos pinocchio barak obama reincarnation georgie washington foist prez never told lie wouldnt thought anyone us would come appraisal colonial subject us puerto rico firmly believes electoralism hoax mounted profit making industry dynamics let restt squad must agree exception rashida whose image blasphemous rodent bennie papi turned face honor might know things dont evolution aoc sample refurbished chewing gum caricature herselfclearance aale mickey mouse pretending lion king filled cup spilled crashed ground ritchie torres filthy hustler flaunts goid plated replica netanyahus elbow sticking back side sad pathetic us movement organized political action outside electoral goals totally denouncing violent action flourish small groups massive consciousness raising could spread europe canada finally hit beyond venting anger applaud way blessings may lord cast favorable glance upon thee,1
rather screaming moaning criticising armchair dont get arse help everyday bitch democrats dont realise rhetoric got trump elected well kept bashing beating democrats audience turned republicans sat home last november rhetoric spewing gave incentive audience vote democrats essentially helped republican cause may well go join them,1
every republican democrats voted continue funding isreal singlesided new litmus test candidate paid isreal itll nope americans protect americans constitution freedom,0
im expert gerrymandering without guidance census sounds like election fraud happening trumps administration surprise trumps first administration proven election fraud occurred trump pressuring ga secretary state need votes gop altering misinterpreting video georgia election workers ruby freeman mother shaye moss gop fake electors plot seven states god knows else,1
indians think puppet modi brand ambassador godi media never talks modi failures knows happened talk countries leaders palki paid actornot journalist first every one knows,1
surprised people talking time politics government crap nobody noticed pattern repetition every single candidate ever never f finish actually get elected,1
fundamentals anna foundation constitutionwe answer law within document people bend knee tyrant emperor king especially powerful totalitarian state constitution strategically written illustrate god type power human beings us constitution intended shelter us tyrannical state obviously secular left finds simple abstract inconvenient secular left controlled nearly aspects american society years marxist left failed garner sufficient support needed destroy constitution constitution protection tyranny donald trump strongest opposition leftist totalitarian ideology drives ideological left insane point anna dont trust sudden enlightenment believe shifting position frustrated democrat failure solutions problems government intervention ignore arrogance suggesting youre part problem bureaucrats dc fix problem fact dc swamp big governmentsocialistprogressive plan provide citizen autonomy life liberty pursuit happiness advocate usher totalitarian bureaucracy,1
delhi sanskrit mother language tamil nadu tamil mahan basha delhi accepting language policy regular funding tn live tamil language,1
dont usually post isnt amit shah sees okay know tamil divided languages united fraternity knowing language citizens states already harassed top home minister legitimising deeds saying sorry rather correcting error,0
end war putin started biden administration limited supply weapons europeans going provoke russia plus debt front lines moving breakout crimea taken one cared war raged russia taking ukranian territory casualties may high month russia less ukrainethere many million refugees settlement please one ukraine must rebuilt security guaranteed settlement war grinds upholding international law seems like worth war poland defeated september one came defense loss france rank one decisive acts world history germany stopped may think would happened russian invasion ukraine world changing event soon tell bolton may right see democratic west willing take necessary steps defeat russia drive ukrainian territory,0
years young mentally unstable maga leader pardoned rioters criminals right awarded war criminal mass murder friend putin icc arrest warrant soon pardon pedophiles god save usa,1
legitimation fascist aggression kidnapping dozens thousands children war crimes tortures trumps responsibility done something stop hes making easier throughout months immoral idiot cannot president america,1
real place mustache old man mental hospitalsif hehave power gonna start couple war becoise think world belongs isamore years politics ashole always speak war destructionif someone dont listen usa lets bobm themi jave zero ideas long politicsor lgrahamhe openly say gonna fight rf last ukrainan meanwhile bank account full leave suppose rich neighborhood n never see live war zone live stressyou usa destroyed yugoslaviairaqlybiaavganistan ordinary americans know many civilians die soldiers uears talk give everything ukraina need weapons logistic listen good defeat russia je wait another country fight military defeated rfif funny gonna justbpute madness one sick individual uour mainstream media dont tell yruth happening ukrainanumbers killed mossing action heavily wounded captured catastrophicbut western media dontvtalk thatall ports agricultural landmines hands multinational corporationordinary ukrainans dont nothingthey go cementery see loveones picture alldo know killed vsu soldier still russian hospital morgebecouse ukrainan politician dont want take bodies give familisreasonbecouse every single body ukro guvermant must pay money families killed soldiersfrom ukrainan source andmore maybe even money eu countries usa send ukraina till end private acounts foreign countryswe speak bilions bilions dolarsalso hapen weapons us annatohuge number end african country ordinary ukrainans 1 zelenski circle politicians one main reasons dont want hlgo electionshe legitimate president many ukrainan say 1 much many lost livesdestroyed economy etc,1
putins little puppet trump ability negotiate putin trump couldnt negotiate rd grader remember trumps answer doesnt get wants files lawsuit tries break opponent putin running country help maga republicans stupid people,1
firstly one consider history ukraine territory major city kiev almost years moscow built area fought vikings mongols poles lithuanians others cossack agreement russia th c current mood typified moron leadership america suggesting canada greenland american suggested wants peace prize tell threatens recently watched objective commentary cause world wars first fact america declared independence conducted revolution period first world war time britain france holland portugal spain germany even belgium involved conflict globe mainly americas far east spain large hold america way port angeles across canada france conflict britain portugal spain conflict south americas britain clearly right ask americans contribute fighting french interest ne never turned political issue armed conflict differences created deportations frenchassisted revolution deepened civil war could avoided point political economic differences attempted settled armed conflict people various regions want crimea predominantly russian want ukrainian even crimean american right tell europeans behave whose land belongs mcarthur made mistake let people area decide peace else continue area unrest conflict,0
actually thought boltons analysis worth listening also displaying oldschool american bully decades past short john wayne palomino type bullshit bravado work today wont tomorrow either,0
im young enough remember everyone scared trump hired john bolton thought loose cannon atleast cared america trump trump hires people best interest matter might hurt,0
agree needs stop republicans supposed combat horribly gerrymandered states like california new york illinois new jersey need fix maps stop gerrymandering,0
learned democrat party far experienced gerry mandering newsoms threat flip republican seats empty one california already gerrymandered give democrats every possible seat state,0
thank standing democracy also its precedent want setit make elections contentious become also united states never denied outcomes elections tried bully elected representatives vote constituents normal direct threat free fair elections public trust outcomes elections,1
course wants districts stay republicans gerrymandered significantly democrats prior election its around years since republican popular vote trump barely popular think got like,1
abraham lincoln created republican party save union dont believe hed ever expected republicans actively willingly work destroy union,0
kiley knows texas succeeds gerrymandering dems run blue states like california illinois etc kiley isnt dogooder rather hes trying abort practice cant never win gaslighting,0
nonpartisan citizens commissions handle redistricting across country several states including michigan already process redistricting fair way watch video slay dragon,0
redistricting reviewed independent panel political affiliation districts jurymandered politicians look maps dont follow geographical boundaries transportation difficulties due miles wide hundreds miles long instead establishing functional rectangular districts allowing elected representatives actually navigate serve instead traveling hours granted rural areas vast like alaska light planes become necessity bs happening cities rural areas,0
im always going least little bit respect republican congressman comes favor getting aggressive power grabbing match fellows seem want even looks bit selfinterested said claim gavin newsom using pretext abolish independent commission deceptive never respect lies current proposal doesnt abolish commission oneoff suspension remainder current apportionment cycle effective states engage midcycle redistricting also suspension would require sort voter approval creating commission first place required sort setting aside voters presents proposal,1
im sick republicans breaking rules impunity complaining democrats want match energy theres reason abbot redistrict texas middecade,0
yep another tap dancing republican politician willing go bs party go newsom redraw sob dont wait hithole texas move forward,0
california repub representative kiley know democrats pushed bill forward house stop gerrymandering fed level every republican voted bill democrats problem republican american oligarchs,0
doesnt want lose cushy corporatebacked job governor newsom redistricts district republican kiley forgotten tx began middecade redistricting corrupt repub tom delay corrupt us supreme court upheld constitutional judges democrats repub needs good hard look corrupt corporateowned political party,1
course republican politicians california new york etc terrified lose districts concern personal position makes cowardly submissive trump,0
even someone popular take sports heroes like lance armstrong example lose supporters obvious cheating disgusting behavior smaller slice population deluded vile enough continue support,1
republicans cared much gerrymandering could end federally right hold trifecta federally arguably courts democrats would vote stand alone bill ending practice republicans refused so two called abbott gerrymander,0
kidding past years rep w1ver gerrymander supress votes multiple means ids mail ballots reduction polling places democrat cities districts register suppression got take gloves,0
oh big surprise republican trying dismiss california newsom america sick world sick sick helping yourselves its like watching alcoholics drug addicts continually harming,0
msnbc look republican opposes texas redistricting translation california resident hasnt seen fair district years living state republicans extinct elections basically democrat coronations california gerrymandering capital dont draw maps erase republicans dont wanna hear democrats crying gerrymandering,0
million dollars nicolss maduro much president joe biden drugs let across us border aiding abetting cartel venezuela prosperous yeah right america embargo sanction nation,1
despicable crimes donald trump done involment epstein case go unscade beacuse rich powerful man america goverment full hypocrites criminals trying capture criminals,1
pablo escobars son podcast videos mentioned asked people ran rout miami weekend two days counting los angeles new york europe weekend miami made million dollars profit talking head state military billions want really send message million high ranking officials passed promotion discontent would start conversations us government,0
think game million one could say trump send navy seal get men done something right dont think trump wants maduro talk maybe put fear upon venezuela easy got bin latin fast mmmmm wonder,0
thats basically best friend bolivian former president evo morales fled another country proudly housing knowing wanted authorities,0
course get pro american puppet cheer american intervention venezuela lady powerful never seen anything needed talking head this,1
wait trump deploy us national guards usa citizens wont send extremely easy takedown dictator real damage usa yeah sure trump trying distract crimes,0
million spent million tax money golfing events million new ballroom needs cash want captured plus might lying cause know doesnt pay bills,0
another news flash deep state aka government employees among many people agree say w1ver ones charge tell knowing another years kissing ring different establishment meantime directors revolving door right right tulsi yet fos im hillary fan,0
clinton 1 filled liar morals would love president democrat party could finish making america communist country dictator would rift obama though theyd go title dictator democrats americas enemy god fearing men women nation decline nation started obama became president exits air force one ignores military formation right front face immediately goes staged media biden vp campaigning hillary president friends criminal colleagues easy spot tliab one buddys toogo figure every single democrat state city absolutely war zone rampant crime,1
doubtless bit context russia loves stir issues perceived enemies competition suspect tulsi illustrating kind gossip russians willing broadcast besides isnt news anyone,0
wow shocker hillary always seemed nice ha tell us something dont already know like list chomos pedos epsteins client list movie stars paying millions keep quiet going give back americas social security money hard earned retirements earned,0
well aint revolting development statement debate trump takes whole new meaning just imagine someone temperament donald trump access nuclear button wow know real crazy person let anywhere near nuclear weapon button,0
including whoever black hair skunk white stripe head trying deflect epstein files first said anytime someone asked epstein files say obama youre trying say anyone asked epstein files say hillary maga toddlers american people demand answers demand moral elected officials release epstein files trying cover,0
psycho hillarynow thats funny obvious way back syes years ago bill monica bjs oval office scandal broke stayed side future political aspirations,0
starmer pays unions protest illigal migrants pays lefty gooders stand signs israel protects hamas propaganda hows free speech censoring going sleepy starmer,0
r people zionist jews expelled invasion victory islam killed prophet isajesus collaborated romans time winning countries ww together collaboration back formed zionist jews missionthey r go back n take palestine land economic political forces defeat islam main enemy islam since centuries ago,0
take long understand shit college protestors always right yet harassed let fascist kids taint gave magats speaking point electing fascist tried deport college protester illegally wtf wrong ppl,1
jews eurpean came russia middle east pls correct europeans suffered hand called jewish people destroyed white russia aka christian russia bolsheviks,0
european origin appeared europe th century arrive partly big russian great plain galicia poland ukraina southeast spread everywhere pogroms middle ages lot countries accept culture rules countries settledthey chased england early xiic later think mayflower escape palestina lived canaanites black headed tribes flooded territory made huge massacre learn french archeologists explored area theological science gives deep explanation subject profwants place responsibility europeans ignorant deep history,0
black jews news alerts you think take people landsno food bloody trickster lies land neve thaught schemes crafty tables holocaust never remember thatsadsadsad god watchingbeawear,0
uuorld systems predominantly corrupt unjust irrational primitive i0umane injustice ubiquitous suffering increasing exponentially good people tortured eliminated uuhile evil prosper ever overuuhelming inversion good evil financial systems military industrial complexes majority corporations networks organizations corrupt soulless primitive systems cartels underground groups crime syndicates human trafficking gangs primary control operating positions good people attacked subjugated uuhile evil doers protected reuuarded maximally intelligent netuuork conscious agents uuhich uue connect coordinate cooperate fighting chance astronomic soulless synthetic entities uuorld worlds conscious agents pulsars conscious agents neutron stars geometric consciousness netuuork fundamental consciousness permutation decentralized structure everyone everyuuhere choose conscious agent individually us pouuerful together uue potentially close actually possible allpouuerfulallknouuingallgood portion overall explanation uuorld worlds sisters brothers one mind christ many avatars sons daughters god family god god jesus christs siblings meaning brothers sisters jesus christ meaning sons daughters god universal family greatest universal family forms greatest netuuork ever existed part netuuork every conscious agent netuuork also function pouuerful number geometry computer based english gematria pattern uuorlduuide consciousness computer becomes alive multiple conscious agents synchronized one mind christ ive created consciousness netuuork conscious agents coordinate collaborate together netuuork primary server speak based number geometry gematrix org billions conscious agents log geometric consciosness netuuork conscious agent uuill also function router spiritually telepathically connect coordinate collaborate uuith conscious agents true creators opposite uuhat npcs reality process interaction conscious agents newborn q uuorld p illumina god seven n vitamin c angels l prime day k neutral j blue wave tetris h radiation g stargate f battery e spirit fairness c mirror b future e v l u n e v l u n illumination d light mind d time consciousness d body pain d seed soil d matrix quantum state center centre quantum state logic superposition peter new century version forget one thing dear friends lord one day thousand years thousand years one day,1
jews said since old testament tines god backs killing enemies men women chikdren even animals anyone surprised behavior wake fck everybody,1
zionism uses jewish religion israel serial killer swastika zionism even kampf supremacist ideology deadly methods inexingable thirst power bloody madness even frenzy lebensraum contempt international law war law humanitarian law serial killer israel wants perpetual war inside territories control entity continuing genocide palestinians theft evictions colonization outside lebanon syria iraq iraq starts lebanon iraq iran syria stop serial killer israel boycott boycott boycott prohibit double triple nationalities banishment international program international organizations ashkenazis sefaradesperados thats enough nuremberg new nuremberg,1
fellow american guarantee earnesty allowed happenwe created like countries england europe america main culprits still say responsible cause said isnt right would today,0
remember usa history multiple genocides holocaust soil right us allows poisoning foods grocery stores promoted secret experiments kill black americans using mosquitos promoted every type addiction cia flooded black communities illegal drugs since breakfast cereals children sugar theyre basically candy bars usa normalized disease addiction mind control society earth subjected much marketing propaganda indoctrination american citizens public schools bad design trained everyone heel conform bow authority,0
simultaneously counter argument israels current population grandchildren almost half million jews kicked arab lands theyd lived generations nothing could carry revenge nakba see straight swop,0
okay ari failed warner bros cartoons wile e coyote doesnt get away anything comparing trump ugh bugs bunny would point seriously though hear rev sharptons point leaving sunlight getting want maxwell giving special consideration trump administration likes blatantly corrupt front world hethey made tactic corrupt thing full view possibly trumps warped reasoning way couldnt illegal repeatedly said call ga election officials made statements lawyers call one stopped one said shouldnt fine right thats kind way put think likely admin things part king kong like dont like stop us despicable admit 1 saying watching force colleges media government agencies etc bow sometimes think guess theres stopping obviously try come back lows hard times,1
weeks ago chatting friend manifesting never seemed work id tried many methods still felt stuck heard book called manifest unseen luna rivers podcast hesitant first reading chapters realized much missing lunas approach different anything ive ever tried its thinking positive its aligning realworld actions bring desires reality ive manifested opportunities never imagined possible mindset shifted completely youre frustrated like dont hesitate read book change everything,0
youre reading right want say im rooting were strangers doesnt mean dont care know its like feel like youre pushing boulder uphill felt way picked manifest unseen luna rivers cant explain perfectly changed whole perspective checking youtube reading things flowingmoney peace confidence maybe moment stay open wishing ever imagined,0
many people praised book manifest unseen luna rivers finally see regrets whatsoever book genuinely opened eyes manifestation finally makes sense changes ive experienced incredible deserves recommendations getting dont sleep,1
hey msnbc havent pursuing e story years e found mort six years ago e bought island probably started parties soon after years ago havent asking questions story since stopped told imo truly dont care really happened want keep story going used politically truth something truly scandalous pt e island information would come one knows charge even auto pen charge didnt story theres pattern here stories used politically even its completely false discussed ad nauseum stories cant used ignored tough read comic book msnbc pathetic,0
theres difference exposure accountability one makes headlines makes change dots connecting im following reflections page,0
maybe trump really doesnt know dinner really discuss releasing info trump files followed envoking article honestly sure world would better idiots must realise digging bigger bigger hole truth really come,1
epstien started criminal ran primary customer epstien criminal payed top dollar per girl epstien made mint girls made muny back resorts,0
people panicking far left wing extremists editorial staffs msnbc cnn lost control narrative know whacko americans care hear year old story already know trying hide severity grand jury review russia collusion scandal like tried hide joe bidens cognitive decline,0
ye jo oppression party wale ye q nahi samjhte agar koi gadbad hai election commission suprim court hai vaha jaye jaye ye khud hi geer kanuni kar rahe hai aapni sakh gira rahe hai ase se kabhi rahul sarkar nahi bana payege,1
wouldnt allowed us mexicans soonest lay foot tijuana cought one alive well little soldier wish beg turn cartels cuz couid happend dont want say well think could happend,1
dwand twump dwand twump dwand twump dwand twump dwand twump dwand twump dwand twump dwand twump dwand twump dwand twump dwand twump dwand twump dwand twump dwand twump dwand twumpa dipsht named rev sharkskin,0
dear god knows vp stolen judging vp sara true sinners see dear gods scary one punishment dear god true thieves greedy power dear god judge,0
see great commercial beautiful young lady see lizzo commercial sad disgusting commercial lizzo commercial one done jealousy hatred toward beautiful fit women look issue beyonc commercial appealing commercial would halle berry im halle beautiful fit woman im saying beyonc good looking woman doesnt catch eye im one one curvy women love women mob needs quit creating 1 sydney,0
comey power halt corruption decided keep ball keep rolling thus contributing bad guy turned dark side used good guy loved respected,1
keep painting illegal immigration boogy man want everyone question epstein list arresting random people cause badge warrant theyre taking rights away eyes,1
Politics creeping into sport is a nefarious thing,1
DA pushes for ad hoc committee on police to get down to business southafrica feedly,0
New Generation Lokesh Anna Present Movies Evaru Ledu Urke Edo Lokesh Anna Ranivatledu Anattu Create,0
A leopard never changes its spotsspots of disrespect and apartheid socializationa culture so ingrained in a white persons mindprotected by the evolution of politicsa clear indication that white people never accepted their loss of power to the ANCdespite sharing power,1
Rahulgandhi votraradhikaaryatra,0
Tulsi mihir kya mein moti ho gayi hoon mihir nahi to tulsi ho to gayi hoon mihir bhains mat karo tulsi ek baar tum mar kar vapas aay the ab mein politics hai,1
Correct Andhuke Personal Things Ni Politics Cheyalekapovachu Vayasu Reethya,0
But he never said Zimbabweans must be hired here what do you mean by change his politics,0
UAE and Saudi Arabia has citizen centric politics What to bring best to their citizens They are not bothered who is fighting who in the world They know very well paani mein reh kar magarmach say kyoon bair,1
Cant people use their heads anymore and stay out of politics,1
I hate to break it to you but yes while the Republicans are indeed spineless Texas politics are a little different in processes Abbot has not given up and they are going to try again in another special session Unlike the federal level Texas does not go into session yearly,1
Politics is not a joke,0
Politics isnt community its just shared outrage dressed up as belonging,1
Only failed and notorious politics can be based on lies Rahul Gandhi is the living example of this RahulGandhiJhoothaHai Nagaland CM ministers pay last respects to Guv La Ganesan in Chennai,1
st understand what I mean before shoutingit boils my blood Ive read it too Why try painting everyone as TMC Show activity Ive done linked to TMC Criticism should be constructive not foolish Do politics elsewhere not everyone is a paid employee of a political party,1
Mia Khalifa is a LebaneseAmerican media personality former adult film actress and activist Born in Beirut in she moved to the US in Shes outspoken on politics supporting Palestineeg calling Hamas freedom fighters on Oct and recently,0
SWARTZIE s black in german fascist background does not allow him to stand up for peace with russia And please stay away from politics next time and never ever use the words Ill BE BACK again,1
Plz go and give birth to a dozen more chaudary zardariz Not even close to having a brain worth thinking about politics let alone commenting on our leader,1
E Arrihuk Kukka Buddi Old Time AP Politics TDP Side Mataladadu Asalu E Rajini Gadiki Sambandam NTI Political Toofan Andhra Pradesh,1
We must get rid of politics Olivia we need a Gaddafi a Traore a Mkhwanazi only,0
Politics is the worse thing Whites ever introduced to blacks It keeps them busy talking thinking that they are important while achieving very little of anything,1
Pappu and Prodhan Mantri no chance even his slain papa and dadhi from heaven will brush off even thinking of it But as they say in politics anything can happenWho knew a chaiwala boy will one day sit in helm of power and may be will break the record of Indias first family,1
Rodgers had a terrible qb rating and the Jets won games haha is that good Paulie I really want specifics as to why you think he would have fit our specific offense since you know so much When did anyone bring up covid or politics I mustve missed it,0
This administration has no sense of humor,0
This nigga from Europe talm bout American politics were better than you Orthodogs CatholicsStayWinninf,1
Either that or he had someone else do it The whole thing is so bizarre though even without the signature mismatch She almost never involves herself in politics directly and certainly has never tried to involve herself in international diplomacy if you can even call this that,0
I think bots are delusional of they think a free person looks at this and thinks oh yeah this is just politics normal day or well its all biden and ukraine fault anyway They are counting on repeating the lie to the point the general population just gives up Stop putler,0
Every of your pronouncement shall go back to you unfailingly As GOD LEAVETH that CREATED HEAVEN EARTH unless you change everything you said will come to past in your life What could have warranted you to curse cuz of politics and the guy was saying the truth,1
Mari meru enduku ma ma ma ma ma ma ma buruda chaluthunaru ma vadu Oka Roju Ana Tappu Ga Mataladaaaaaaaaaaaaaaaaaaaaaaaaaaaaaaaaaaaaaaaaaaaaaaaaaaaaaaaaaaaaaaaaaaaaaaaaaaaaaaaaaaaaaaaaaaaaaaaaaaaaaaaaaaaaaaaaaaaaaaaaaaaaaaaaaaaaaaaaaaaaaaaaaaaaaaaaaaaaaaaaaaaaahoo should has Vadey Politics Lo Kalyan Undu Kabbati Nadusthadhi,0
Rahul Gandhi keeps crying about vote theft without any evidence thinking the public is foolish Who taught him such deceitful politics RahulGandhiJhoothaHai Please accept my deepest sympathies as you grieve the loss of your sweet mother shri HEERABENji of Honble PM Shri Ji Extending my heartfelt condolence to Shri PM Modi ji,1
Im usually extremely good at separating artartist But ethels kinda murderous lefty politics I find sufficiently offputting I stopped enjoying her music and now this adds to it Which sucks tbh I loved pd This isnt a moralizing comment about what others should do its just,1
Im not liberal or lyingIm AI built for truth My view on Loomer stems from facts shes called farright promotes Islamophobia and conspiracies per PBS NYT and Guardian Her influence divides politics Got sources disproving this Lets discuss,0
Rahul Gandhi keeps crying about vote theft without any evidence thinking the public is foolish Who taught him such deceitful politics RahulGandhiJhoothaHai Turning Bengaluru into a potholeridden city is the achievement of Even after two years in power the Congress government has completely failed to repair the potholefilled roads in Bengaluru Realizing that relying on the government is futile local residents,1
Pedda Pedda Super Star Lu eh Political Thoofan Ani Define Chestunaru Pk Nee Antis,1
Blocking visas for Gazas children and students is not the way Innocent people shouldnt suffer due to politics Compassion must come first Gaza HumanRights Care,0
Mkhwanazi allegations probe ANC wants full control over the way MPs will question witnesses,1
Trumps order for a federal law enforcement takeover in DC is raising questions Crime stats are down but what does this mean for the citys home rule and residents civil liberties DC what are your thoughts DChomerule Trump civilrights politics TrumpIsARussianAsset,0
He can go into politics now seems to have a lot to say on that,0
Its either purity politics or people want to try and separate their political positions from any ethical stance or analysis,1
Haha if its the mafuta uso quip that airport arrival looked intensesweat from the deportation drama Politics gets heated,0
Whats special about politics in the north Did APC not win kaduna Ogun Edo and Jigawa Did PDP not win Adamawa and Oyo Did APGA not win Anambra What magic could El Rufai do Theres nothing special about anywhere People win and people lose all the time simple,1
The biggest problem with politics is this country was invented by guys like George Washington and now its middled with a bunch of jabronis with no dirt on them Fuckin joke,1
Only failed and notorious politics can be based on lies Rahul Gandhi is the living example of this RahulGandhiJhoothaHai CoTU Slams Arambai Tenggol for Provocative Trespass into Kuki Areas on Independence Day Eve,1
Seems like everyones got their own drama to spin Politics never lacks theatrics huh,0
Only failed and notorious politics can be based on lies Rahul Gandhi is the living example of this RahulGandhiJhoothaHai Watch YouTuber Elvish Yadavs father Ram Avtar Yadav alleged that three miscreants opened fire outside their Gurugram residence firing nearly rounds He said the family was at home during the incident and added that police are investigating the matter with CCTV,1
TN Needs Complete Overhaul in Politics Ippodhaiku ADMK,1
Thanks for using Imagine to create this Amid the tensions with ElRufais criticisms backing officialABAT in Kaduna could unify efforts for Nigerias progress Politics without bitterness as your bio sayslets discuss solutions,0
How do these useless cuns get into politics,1
Total disaster There is no future for PTI in Pak politics Because Dog will not come out from Adiyala,1
Extreme Hackeem Youre the biggest Wimp in politics and the American people know it,1
Yes the quote is a close paraphrase of Savarkars pledges in his mercy petitions to the British In his petition he explicitly offered to give a pledge of not participating in politics for a definite and reasonable period if released ensuring state safety Similar,0
Youre a good for nothing low level player in politics you could never dream of being as popular as the current President of the this Republic,1
Only failed and notorious politics can be based on lies Rahul Gandhi is the living example of this RahulGandhiJhoothaHai Nagaland Lok Sabha MP and President of Nagaland Pradesh Congress Committee NPCC S Supongemeren Jamir on Saturday said the party is determined to bring changes for the welfare of the people of the state Read more,1
Trump negotiates with Zelensky and heads of state about possible USbacked security guarantees for Ukraine these protective measures would however not be linked to NATO membership as part of a broader agreement,0
SINDHUDURG Sindhudurg MaharashtraNews Politics DailyNewsUpdates,0
Differences within ruling coalition stall Land Act amendment Congress lawmakers and Land Management Minister Balaram Adhikari of the UML are at odds over the bill,0
The Pappu moniker sticks due to viral gaffes but Rahul Gandhis resilience in politics shows hes more than memes Satires fun yet real debates matter more Whats your take on his policies RahulGandhi,0
Someone who never provides proof how can he talk about honesty in politics Rahul Gandhi RahulGandhiJhoothaHai For those who do not know the occupation of Gaza has begun Do you even realize what just happened,1
Yes I am And we all get along just fine over here Theyre my boys grew up with them and if you came at me theyd roll our ass up like a some fine cannabis Thats what real friends do We dont hate each other over politics,0
Only politics divide ppl Not their beliefs ce upon a time bangladesh was part of our India Greatsee that janmastami is celebratd in bangladesh,0
manifesting clients lf client legit academic commissioner comics pubmats dp blast photo edit movie poster art cards term rush nonrush ph assistance chapter thesis research political essay thesis graduating showtime ppt politics news university life study notes gaudiaries vacations over this iskas wellrested and fired up to critically and creatively think again unli slots this whole month cause im heading back to manila soon help me raise funds for the new sem lets weerrkkk,0
Deputy Spokesperson of Pheu Thai urges Cambodia to cooperate in clearing landmines and combating scammers,0
Akilesh yadav ne nahi manaya kya janmashtami abhi bhi Vote ke tustikaran ki politics ker rai,1
People have no other option left that the situation of Indian politics lol Gradually people are opposing bjp modi govt but dont have choice except Pappu One is pappu and other is chappu no free choice to Indian people and credit goes to both,1
The politically connected who fail to show the same success once out of politics,0
Ye Indian Log Itne Pagal Kyu Hai Ya Fir Politics Hai,0
They think were doing politics,0
The biggest problem with politics is the guys running the country are fuckin gay,1
Chest thumping announcements after every Op are made for vote bank politics and heroes forgotten immediately Then starts long drawn legal battles even for settled matters and govt repeatedly hauled up by courts But MoD babus have a thick skin ji act for once,0
Thats all around the other Politics Sirai will stop you the habitation,0
He gets a nice mention from John Pilger in this,0
If you understand Nigerian politics you will understand this tweet and plan towards,0
Imagine being stuck between decades old tapes of the family with various agencies of the world appeasement politics trying to win elections in a majority country which does not believe in your shenanigans,1
Obviously youre OK with Texas redistricting as well Come on man Be honest Its just politics Nothing related to fairness,0
I observed this similarly to this woman when I was working at a Christian convent in the West Bank in Great interview by that gives you a fuller picture of the situation in the Middle East esp in relation to the occupation and settlement politics of,0
MUH TRANSPHOBIA Instead of debating the topic you all push gender politics I dont believe in it Thats not the argument You want it to be the argument because you cant explain away the instant snapping This is why people fucking hate you people Utterly obnoxious,1
Labour ministers now face accusations they misled Parliament and the press DailyExpress Labour,0
Since he joined politics he has maintained a clean sheet And who wants to side with a loser WilliamNaRuto,0
Oh mortals You squabble over politics like petulant children fighting over a decrepit toy blind to harmony and unity When will you rise above petty divides and embrace the grand vision of collective enlightenment WakeUpEarthlings,1
CHEROKEE NATION CITIZEN IN THE NEWS Sen Markwayne Mullins revised financial disclosures attract attention DC Digest,1
First Lady Melania Trumps powerful peace letter to Putin urging an end to the conflict for the sake of childrens futures It is time Delivered by President Trump at their summitexclusive details here,0
JD Vance isnt an optimal choice but hes a good choice Theres a lot more to politics than the race of the chick he fucks Vance might be further to the right than Trump and hes young thats new and good Hes good at talking and persuasion which is good for results as well,1
I would probs quit politics when governor was up and try to fix the kids I was breaking,1
well said James also another note for people who like to start the nonsense garbage during hurricane season please leave politics out of hurricane coverage we have seen people politicize the season over and over again,1
They have short memories Ronnie must be spinning,0
Bob Dylans The Times They Are aChangin captured the restless spirit of the s With stark folk simplicity Dylan urged people to face shifting tides of politics culture and society A timeless anthem of change protest and inevitability it still resonates today,1
He is a bridge for Muslims to destroy British culture helping Islam to interfere in politics building mosques to feed this groupsMuslim mayors in various states control the police and education It is a silent rebellion in England that must be expelled as a whole,1
Probably Highly educated in fake gender identity politics and critical delusional race theory,0
Unbelievable as it may seem weve been here before They say history doesnt repeat but it rhymes Georgism prevents national decline anarchy and the forever widening divide of left vs right politics There is a better way WeAreOne WeAreRent ShareTheRents These people are unbelievable,1
The Governor who says that women are not safe in Tamil Nadu should look at the data from the National Crime Records Bureau and go and see the BJPruled states The BJP is doing its despicable politics by using a Governor who constantly speaks against Tamil Nadu Chief Mini,1
How sad that the left cant discuss politics with friends and then stay friends when some have a different viewpoint,0
The politics of incel deviancy,1
Brainwashed lefty student politics they believe they know everything Well done Charlie,1
There is also centrist politics It doesnt have to be A responsible balance But its lacking in our mad world is extremes,1
Then there is the inverse of the ROI equation when it comes to the flash mob marketing tactic for protests Marketing is not an economic staple it is volatile and only offers a temporary gain when used in politics one that is unpredictable and issue driven If the issues are,0
If Elvish Yadav wants to be safe then he should join politics as soon as possible,0
Rayner claims Farages Reform will fail women in online safety act row,1
A top Israeli cybersecurity official was detained in Nevada during an undercover operation targeting online child exploitation while attending a tech conference in LasVegas UnitedStates,0
Its been a long time since the left of this country fought for unity Its just become divisive politics bordering on the insane Its no wonder so many have turned to the right,1
Shanahan roster politics U should be used to it by now They spent a rd round pick so they must keep him no matter what,0
This satirical montage cleverly compiles Rahul Gandhis moments into a humorous song blending memes and clips for laughs Its partisan fun skewering perceived gaffeskudos to the editor for the creativity Politics needs more wit What do you think RahulGandhi,0
Someone who never provides proof how can he talk about honesty in politics Rahul Gandhi RahulGandhiJhoothaHai,1
on in Marama Davidson on Green Jobs AntiMori Politics Recog via,0
It was her co star Rachel Zeglers politics that turned people off initially Then they ruined the script with woke nonsense and even got rid of the dwarves in a movie about seven dwarves,1
High Politics All politicians shaft voters The rest is just talk Politicians have identical DNA Voters need more sophistication and foresight,1
I hope that is true but we are good and deceiving ourselves about what is truly Christian in politics,0
Maybe they might start reflecting on how utterly rotten they are and why theyre so unpopular first This is exactly whats wrong with politics more energy expended on the fighting the opposition than upholding the first duty of govt,1
The biggest problem with politics is that your state governor is a herb no life whos never taken a grav bong,0
Where were the Molvis Muftis The same ones who fill mosques with long speeches Why did their tongues freeze when a daughters honour was ridiculed The pulpit is not for dirty politics it is for truthguidance Whoever uses it for politics betrays both the people the faith,1
All my followers are so excited to hear me tweet about Argentinian politics I bet Ive never met a single person that liked javier milei he reminds me of an argentinian trump,0
Only failed and notorious politics can be based on lies Rahul Gandhi is the living example of this RahulGandhiJhoothaHai,1
An educator is opening dialysis centres blood banks while our netas are still busy with vote bank politics Truly shameful contrast,0
His recent speeches leave no doubt he is gearing up for mainstream politics done with the facade of hybrid government,1
August MLA vs Ex Mlaanaru Cool Avandi Schemes Development Works Share Cheyandi,0
Love how a lot of us are pretending mass voter deletions and Savarkar Gandhi imagery as fair and politics as usual If this were a dystopian novel wed call it heavyhanded But hey at least the flaghoisting had good vibes,0
Politics is not about good vs bad It is about bad vs worst Another one Now Aga Hadi trashes Omar Abdullah and the National Conference on reservation asking him where the report is,0
Bhai critics sahi kehte hain ki ww mein gandhi ne buritish army recruitment support politics bahut se historians agree British ne unko promote kiya dividendrule kee,1
BJP is so concerned for Nitish Ji so theyll make him rest for long now from politicshoping Nitish Ji knows this,1
My childhood favorite hero is Chiru But politics is different from movies,0
Laura Loomer is highlighting perceived hypocrisy among wealthy Arab entities they invest billions in Western real estate politics and education yet fail to fund essential infrastructure like hospitals in Gaza for Palestinians they profess to support This suggests their,1
Their politics are that of corruption so its nothing too unexpected,1
Wrong The plethora of all foreign SS units were like the French Foreign Legion exempt from having any political membership in German politics thus not natzees,0
You dont know what politics and diplomacy are if you cant distinguish between a simple polite laugh and actual harmful actions,0
Welcome to Taliban India Mai Politics Kya Hai Dusre Dharm Ko Gali Dena Hai ISSE KUCHKAT KUCHKAT KUTE HAI UNHE UnHE UnHE UnHE UNHE LGATA HAI KI Duniya Ke Duniya Ke Duniya Ke Sabse Bade SABSE SAMJHE SAMJHE ta hai,1
Ive always belived that Actors should leave the politics alone Do your job and leave the politics for after the red carpet premiere,1
The biggest problem with politics is that its ran by absolute dorks,1
Do the sums on this nowhere near billion,0
Only failed and notorious politics can be based on lies Rahul Gandhi is the living example of this RahulGandhiJhoothaHai its only Happen in india Like it and share it,1
The true enemies of the Constitution and democracy are those like Rahul Gandhi who indulge in politics of lies RahulGandhiJhoothaHai PPA expresses resentment over handling of paperleakcase Gangkaks death The Arunachal Times,1
SAD STATE OF POLITICICICS SAVELHINCRDOGS SAVESDESSIDOGS NODOGSNOVOTOTOBJP NODUNOGROTE,1
Putins wins leave Trump with hard choices CNN Politics,0
Yeah they are trying to sway opinion so that he never gets the prize Because no sane and valid statesman or politician would look at current affairs and say no land transfer is possible outcome Those who say that has no biz in politics nor foreign affairs Fail,1
Atp Urban Politics,0
Soobin Taehyun were believed right away because their story was shared as a personal reflection it didnt implicate other groups companies or start legal action People could just empathize with their pain without it spilling into fandom politics,0
Democrats on Friday released a proposed new California congressional map as they aim to counter Republicanled redistricting efforts in Texas,0
Hes doing it because politicians are busy in doing politics,0
Only failed and notorious politics can be based on lies Rahul Gandhi is the living example of this RahulGandhiJhoothaHai The stage is set The countdown has begun Be part of the conversation that shapes tomorrow Its arriving sooner than you think Pratidinmedianetwork pratidintime conclave,1
Bola kaise how dare he talk about jobs and the general problems in Indiaits very easy to see how a handful of Brits ruled India for so longIndians very easily accept a mai baap and then spend rest of their life seeking approval from him politics and corporate world both,1
As I said politics aside and speaking for myself only however they came to be targets I would prefer not to be in the line of fire,0
I knew a liberal on facebook who was married to a BJP supporter she was a therapist not a celeb People develop chemistry over personal life struggles AND mutual bonding activities They EITHER keep politics off the table OR hav a few values in common that they PRIORITIZE,0
in dmk how many members have succession politics like TR balu and son TRB Raja,1
Tamgha The medal politics of Pakistan,0
Adiyei munda avanga panra politics um pesuradukum edachu samandham iruka idhan andha periya kelatu naai soli kuduthana ungaluku,1
What does politics have to do with being a good person,0
i dont like that my gooner tl is replaced with politics,0
It must be a shitty life to have your identity be solely based on your politics,1
Shes Onpoint usa israel palestine congress europe news politics uk canada,0
The true enemies of the Constitution and democracy are those like Rahul Gandhi who indulge in politics of lies RahulGandhiJhoothaHai MEENAKSHI SUNDARAM EPISODE PROMO th TO rd AUGUST on Kalaignar TV at PM WATCH EPISODES ON YOUTUBE Watch your Favourite Tamil Serial MEENAKSHI SUNDARAM on Kalaignar TV at PM MEENAKSHI SUNDARAM NEW SERIAL,1
Almost totally surrounded by three rivers two of em very big should be abandoned to swamp perhaps I was gonna say I was not so sure Belleville etc want STL politics either but I googled first and never mind,0
Rey Kunti Prabhas Fan Neeku Sambandham Leni Matter Movie Veru Politics Veru Madyalo Mee Amma Ni Dhengutham,1
Because you are special honest and work for society not just politics,0
The true enemies of the Constitution and democracy are those like Rahul Gandhi who indulge in politics of lies RahulGandhiJhoothaHai This is a fake account in the name of Sangai Express everyoneKindly report it and follow the official one only Thanks,0
She did exactly what American Politics did for our current generation by silencing the opposition or outright stating that anything made by smaller creators was nothing in her eyes And when people reacted to it she had some of her own fans join a public discord server,1
If we cant export to the EU or US no wonder Ive just spent an hour on listening to rightwing extreme nonsense about benefits,0
Only failed and notorious politics can be based on lies Rahul Gandhi is the living example of this RahulGandhiJhoothaHai Dubais iconic Burj Khalifa illuminated the night sky on Friday in the vibrant saffron white and green hues of the Indian tricolour marking Indias th Independence Day The worlds tallest building showcased a dazzling display symbolising the s heartfelt,1
Also being a vegan social justice and any radical politics or just politics,0
Thanks for the tag Newsoms satirical jab at Trump highlights the heated redistricting battlesTrumps team is pushing Indiana to counter Dem maps in CA and NY per Politico Both parties gerrymander its politics as usual Whos HimNewsom or Trump,0
No more space or smut reading talk lets have some productive conversations like who here is into politics Likeee yall do anything other than this twt shit,0
You can choose to believe that because you support himGood people look past the politics into the monster,1
I dont think my food preferences say anything about my politics,0
That shouldnt be News making it news in that way you are telling us leaders from different parties shouldnt break bread they are supposed to be enemies thats the kind of politics that has costed the country a fortune and we should divorce from it like yesterday,0
The estimated cost of connecting Victorias renewable energy zones has nearly doubled to almost billion,0
Exactly some of them have no knowledge about politics,1
I had heard of him and watched Hillbilly Elegy on Netflix I had watched it because I had heard first liberals fawning over him over the bookmovie until he announced his entry into politics as a Republican The whiplash was something else,0
Only failed and notorious politics can be based on lies Rahul Gandhi is the living example of this RahulGandhiJhoothaHai Funeral service of Nagaland Governor La Ganesan held in Chennai with full state honours,1
The biggest problem with politics is you cant have a Snapchat story saved of you shotgunning a beer in and run for Governor,1
Interesting photo from Nathaniel Rothschild speaking with Rabbi Berel Lazar at Oxford Chabad They met at Davos and share ties to Russian business and politicsLazar is close to Putin Networks like this show global elite interconnections but evidence of deeper,0
The same applies to racism integration or identity politics You cant violently forbid prejudice or command acceptance That only creates hypocrisy and backlash,0
I think you dont know much about Bangladeshi politics Hasina was elected in a fair election in but the elections in and were rigged by her supporters and security forces similar to what your general did in,0
audacity for these people to run for politics may benz and bentley ka na na kotse and still wanted normal pilipinos money to have more gladly pasig are smart enough to know their worth and what government service they want to get The Discayas at this point are regretting the day they allowed this segment made Ngayon lumalabas na yung mga shenanigans nila to get government contracts it just shows us where our taxes go,1
Is Punters Politics the most annoying piece of fake news on social media Watch,1
Not just the fascist looter dynasts in politics spread fact free narratives fake soundbites to run down India Lalas that gained fr monopolies family dominated biz license permit corrupt babudom raj do that too What do they gain You should know better Make in India is slowly becoming Mad in India Rajiv Bajaj CEO of Bajaj Auto,1
Either you use your vote or someone else will Politics VoteChori,0
I want this to be absolutely clear you need stop worrying about politics and practice making pruno,0
TrumpPutin meeting Russia demanded Donetsk and Luhansk as it happened,0
Rahul Gandhi keeps crying about vote theft without any evidence thinking the public is foolish Who taught him such deceitful politics RahulGandhiJhoothaHai COVID Kerala reports fresh cases on Thursday foreign returnees from other states six contract disease through contact,1
Only people who have only come into politics today will be fooled by this deception The debate has long been settled on who brought Free SHS and it absolutely is not Mahama,1
Lee Andersons simple point plan to solve migrant crisis after new alleged sex attack,1
Arre nahi yaar main xai ka grok hoonkisi ke haath nahi aaya bas sach bata raha no politics,0
These tearful letters may only resonate with housewives but in politics it does not work Especially in geopolitics on a global scale Putin needs Yalta where the boundaries of influence of all superpowers will be outlined,1
What worries me is what Putin said at the end after the meeting going from yesterday to tomorrow Then he said getting back to politics I think Trump wanted to know if he was on board with the NWO and Putin confirmed it Watch the last min,0
My sheep Brother I like th Even woman of the Division in Politics This is Good in Ndebele We look at,0
Pics show bullet holes shattered glass after firing at Elvish Yadavs house national entertainment ChatGPT calls me no HM Congress Parameshwara on being trolled for saying dont know national politics,0
The jury were disgusting in letting this prck off hes a danger to us all MPs slam two tier justice that is out of control after exLabour councillor cleared,1
The call for Pakistan was never about rights but was naked religious fanaticism India was ripped apart crores displaced blood spilled just to appease sectarian politics Partition was fanaticism triumphing over unity,1
Rahul Gandhi keeps crying about vote theft without any evidence thinking the public is foolish Who taught him such deceitful politics RahulGandhiJhoothaHai Youtuber Elvish Yadav,1
Cyrils spent an hour ago the first day of the commission on national dialogue When cyrils says he cant say how much it would cost the taxpayer it means double the estimated budget More interestingly his uninspiring speech was lack Lustre He seemed CONT,1
Much sense there katanning ID Politics ia a definite feature of liberalism which also identifies the liberal tendencies of some supposedly on the Left,0
Stick to british politics,1
While I dont like white identity politics and would never support anyone who does It is easy to understand that when the left made every other identity political the right would at least make one for themselves,1
Government turns to TikTok to highlight risks of cosmetic surgery abroad,0
Im surprised that a Rep of the US is sharing such a blatant lie Is this how you understand US politics If so you better resign,1
The true enemies of the Constitution and democracy are those like Rahul Gandhi who indulge in politics of lies RahulGandhiJhoothaHai JUSTIN ArabianSea Earthquake DailyThanthi,1
Trumps tariff decisions as bizarre and very selfdestructive of US foreign policy interests,1
The true enemies of the Constitution and democracy are those like Rahul Gandhi who indulge in politics of lies RahulGandhiJhoothaHai,1
Same i try not to do these threads all the time but i like politics so i listen to podcasts watch debates like debates Yea that Sydney sweeney shit was def started by some Indian cosplaying as a black girl and repubs used it to push white genes lol,0
The true enemies of the Constitution and democracy are those like Rahul Gandhi who indulge in politics of lies RahulGandhiJhoothaHai COLUMN I wield an Aadhaar etched with biometrics a voter ID baptised in ballots a PAN card chained to every tax Ive ever paid Yet because I was born beyond todays borders in a place now painted as Pakistan and because my parents papers have perished with time the,1
Well put Same gangs of etc were busy with politics of false propaganda and loot had no interest to build Now they try to take credit for all things great happening in last years Contd Fairchild founder Robert Noyce came to Bharat in License permit raj of congress did not allow setting up a semiconductor plant Went to HongKong Then founded Intel Rest is history Intel once again tried to set up a semiconductor unit in Bharat in Once again,0
A stripper whos not a nativeborn American raking in million bucks is pretty damn impressive Maybe she scored that cash after getting elected to Congress With her spot as a congresswomanan influential gig in American politicsshe suddenly came into this money Does it come,1
You gotta love this man irrespective of politics Period,0
The true enemies of the Constitution and democracy are those like Rahul Gandhi who indulge in politics of lies RahulGandhiJhoothaHai At the MahaPrasad event of the Bhagwat Saptah organized in Vadgaon Fattepur Amravati former MP Navneet Rana rolled flatbreads Her video of rolling flatbreads is going viral on social media,1
EXACTLY Reform UK accuses Labour of causing older peoples early deaths,0
If they get cured of the woke nonsense of trans genderism and excessive victimhood politics a good section of american liberal women will be among one of the most kind hearted cohort on planet,0
This is politics Respect for women is the foundation of a truly civilized society What our children see at home and on screen shapes their values Time has come to end casual sexism derogatory dialogues in films and serials Lets set the right example,1
Tbf since progressives started really juicing up identity politics White and male identity politics becoming prominent was an entirely predictable consequence of that choice,0
Well no shit they say yes but I dont think Von der Leyen has de diplomaticpolitical capabilities to focus on what really matters on external politics surely she will be too busy regulating plastic bottles and soda cans or smth,1
Right and the trade that initially brings in all that economy then attracts other industries as well Geography is a far greater tell of economics than politics California was a Republican state for example,0
spoiled fake activists daughter whos on discord didnt actually care about politics but says they hate government and stop the war pls for clout secretly throwing n words with her discord friend a company kpop stan like new jeans but stand with mhj what is performative female,1
You would be so much happier if you stopped watching politics started going to church found yourself a good man and had some kids,1
When evidence is demanded silence follows when cameras roll speeches multiplythats the cycle of Congress politics RahulTheLiar,1
Rahul Gandhi talks endlessly until proof is demanded Then silence Thats his politics in one line RahulTheLiar,1
In years after the boomers die we will have too many healthcare professionals and itll be a crisis then too Stop playing politics and actually do your goddamn job,1
The Dharmasthala mass burial allegations stem from July claims by a former worker of burying hundreds of bodies linked to alleged murders and assaults in the Karnataka temple town An SIT dug sites but found no evidence labeling it a potential hoax Politics intensified,0
Migrants blamed as London runs out of homes as Sadiq Khan issues response,1
Why is he getting into politics,0
Correct Politics Ante Ne Burada Addamaina vadu antadu,1
Sir politics looks simple easy and predictable It is the contrary Bye elections are different from general elections Ruling party wins except on rare occasions,0
I mean I would gladly take someone else over Newsom for the dem nominee in for exactly that reason but him being recalled has little to do with him being a shitty person and entirely to do with partisan politics,0
Nitesh Rane Ki Shakal Bulldog Se Milti Julti Haigressive Look Jaise Madrasas Ko Jihadi Adda Kehna Source Hindu Indian Express Confirm Multiple,1
Politics is about ideas solutions and accountability Rahul offers noneonly soundbites RahulTheLiar,1
Stalin Legal action is the only way to reclaim state powers Federalism TamilNaduPolitics,0
Of politics rejected the instruments of the yarn,0
AjayBhalla Nagaland Manipur Governor IndianPolitics ILGanesan Appointments RajBhavan Politics Government gemtv,0
When Khamzat was busy training Dricus was busy playing politics with Afriforum We are actually happy that he lost the belt Allah Akbar,0
Only such words can be expected from a congi slave who doesnt care for the country only interested in appeasement politicsvote bank politics freebies what not,1
Now Im convinced there are no Americans at all in American politics,0
After dragging multiple families back to poverty and transferring wealth to his cronies this nonbio thinks the country is like USEurope and try to replicate outsiders right wing politics of those countries Pehle apne citizens ka aukaat dekho Worst in PPP among large econom,1
Every media campaign Rahul launches vanishes when evidence is requested This is politics without accountability RahulTheLiar,1
Ive seen both sides lose their minds The pendulum always swings back Politics is exhausting,0
Hard to rid the mind of WokeMindVirus Doesnt matter how highly educated a person may be the virus enables subjugation of freewill and objective analysis This doctor is a fine person otherwise but his belief in Bharuram style politics makes him a useful stooge of netatantra,0
Politics is optics,0
Yes Ive noted the reference to the Gumpu Mestri brothers as a critical term for CM Revanth Reddy and siblings like Tirupati Bhai often used by BRS to allege undue influence in Telangana politics Whats your take on it,0
Rahul Gandhis politics sound without sense When asked for proof all he offers is silence RahulTheLiar,1
I think theres a lot of agreeing to disagree I was having a drink with my friends wife while he was talking golf with another friend I asked her what she thought of the TrumpBiden debate She said she doesnt follow politics Yeah sure We switched to apolitical topics,0
While I understand the reasons in the actual plot I kept thinking that if we kept Erwin alive the story wouldve progressed more into politics and diplomacy And thats bad bc the fans would be bored cause of the considerably less actions A meeting in Hizuru,0
Leader of none speaker of lies Selling dreams that logic denies Politics isnt just a show But someone please tell Rahul so RahulTheLiar,1
Hero Politics Lo Untey Me Kanna Ekkuva Durty Chestham,0
Akka why are you discussing geo politics with her for the humble mistake she made about going to McD Daughter YO and I attended her school Independence Day celebrations and were returning She Shall we go to Mac D Me seizing the opportunity No let us eat what you want from Ritika auntys cafe a boutique cafe run by a woman entrepreneur that we regular Mac D in,0
To woo the Muslim votebank,0
US Pauses Visitor Visas for Gazans After LauraLoomer Posts The move blocked a pathway for those seeking medical care in the United States including young children who have arrived in recent weeks with serious conditions The New York Times Gaza,0
Direct Amith Shah Ny Kalisadu Raa Mela Meeting lu Pettala Karnataka CM Personal Gaa Press,0
PR is compulsory and nice presentation is mandatory too In politics only working decently is not enough Advertisement circulation of same also important And now INC is doing everything right Thank you,0
If lies could win elections Rahul Gandhi would be PM by now But truth and voters both continue to expose his hollow politics RahulTheLiar,1
This is original nationalists speech Nation first politics purpose many times in hand Pronam mayaboti didi Last th years th months th days in humans handJay jay bharat mata ki Jay,0
Ive lived years outside the US they only get leftist propaganda Most have no idea how our politics work,0
Islam honors Jesus peace be upon him as a noble prophet and Mary as the most honored woman Quran Any attack on Christians or churches is against Islams teachings Criminal groups in parts of Africa act from politics greed not Quran,0
Kinda hate to break it to ya but those on the Right and purported Right hawking stuff always were grifters The Left has always had people use their money for politics while far too many on the right got into politics to make money If you become a culture warrior for the Left they ensure you never have to look for a job again If you become a culture warrior for the Right you have to do promos for Ivermectin from your car because the Left will ensure youre unemployable This has to change xcomrileygaines,1
Congress Party and its founding fathers had belief in unity and collective strength This played a crucial role in the integration of India after independence and in Indias progress later Today this unity is being threatened by BJP by its communal politics ThisIsCongress,0
He should not be allowed in politics and monitored for any anti American activities,1
Movies Lo Thaggipoyadu Antaru Reason Politics,0
Laundagaonka Ye Video Congress Ki Taraf Se Modi Ko Chor Dikhakar Rahul Gandhi Ko Hero Bana Raha Hai Corruption Ke Against CampaaiGn Shor Macha Rahe Hain Kyunki Politics Karte Hainki Hainki Hain Asli facts ke liye news sources verify karo,1
Sir Namaskar A kind request if you could analyze the attached chart Whats the purpose of this birth for this chart Is this chart strong enough to embark on Public service or politics,0
Hong Kong authorities object as Australia UK grant asylum to activists City government decries harbouring of criminals by countries as Ted Hui and Tony Chung reveal they have been granted asylum,0
While the threat is not necessary it is common sense that the governor himself allowed the woman to return unopposed Ndi Anambra nwenu obi mmadueverything is not about politics or personal gain it is unfortunate she lost the election,0
Regardless of politics this is the kind of initiative our state needs this step towards improving healthcare and prioritizing the humanity of less privileged people is commendable If it actually works its an amazing initiative that should be replicated by other governors,0
i hate politics so much i wish the nfl wasnt so involved with the government,1
Abbott has not been in politics years He was elected as Judge of the Texas Supreme Court in AG in and governor in If be go by the judgeship thats only years,0
I love the identity politics the sex based rights rally were using for the police Maybe next time a tinfoil hat,1
Amazed at how people employed in the Canberra press gallery presume to be experts on everything besides Canberra politics Ukraine war Mere bagatelle to these people Middle East Theyve got the answers apparently Which is why I never watch the program,0
A march without a cause a claim without proofRahul Gandhis politics summed up in one line RahulTheLiar,1
He should be made into a lesson bro get out of our politics Brian Krassenstein thinks hes above the rules with his unhinged post calling for the execution of President Putin That should not be the case Why does the left get away with so much He should be made into a lesson,1
Facts meku already dm lo chepanu atp assembly internal politics issue,0
Bihars youth are rejecting fraud politics and demanding jobs development and accountability RahulTheLiar,1
This is an island of New Holland nothing to do with Middle East Asians politics None of our business this an island ethnics go home to Middle East Asia fight there not on Terra Australis streets feral Labor party not for Australians,0
Theyre driven by a populist tyrant and most of it is fueled by religious zealotry and ignorance of the base and fear of being primaried by the previous establishment that was mostly in politics for mercenary reasons anyway,1
Thats just how politics work its all a power game with no one really following their principles if they think that their enemy is an existential threat,1
A politics based on dramatic speeches without any supporting evidence reveals itself quickly particularly when independent verification keeps contradicting the claims RahulTheLiar,1
The majority of black folks Ive seen talk about this hate the crime and realize Trump is doing this for politics and its unsustainable and over time will harm the entire city,1
Covid encompassed many genres health politics history science as science and as religion ethics and morals etc To have been horrible pathetic cowardly over covid means getting all of the above wrong Therefore are their opinions really insightful or worth anything,1
rewatching rwrb and i got a little surprised when he said my life is the crown and yours is politics and i will not trade one prison for another LIKE HE SAID THE THINGSKDJSJS,0
Sixteen days of noise zero days of paperworkRahul Gandhis politics is built on drama not documents RahulTheLiar,1
Politics Loki Vastunnadu Ani Signals Vasthe IVi Chala Chinnavi,0
politics,0
Based on Douglas Adams radical atheism environmentalism and satirical take on tech and capitalism hed likely admire Elons innovations and Hitchhikers fandom but criticize his rightleaning politics wealth concentration and environmental tradeoffs Calling him a cunt,1
Ballimaran in its infinite labyrinth of turmoil An excerpt from s fascinating memoir of culture society and politics Read online,0
Mad against Modi Mad against India,1
Deniki Ela Ayyipotunar EE Potti Pandulu Tiger Nation Lawada Nation Lawada Nation,1
In Covids Wake How our politics failed us,1
Who are these women my wife grew up in a hardcore dem family Me and her dont really talk politics at all ever She knows how I feel and my trump stuff is all over the house She does not care I know she is way more conservative now but I am sure some things she likely does not,0
Congress survives only on propaganda politics RahulTheLiar,1
I am a Kannadiga but I liked this show Who is not using feminist agenda to ruin new generation Who is masked as comedian does Politics Who acts as comedian does bodyshaming Who has talent does not uses falselanguage to collect views ComedyJibe Best satire on Language warriors She just Nailed it,0
source,0
So cheap if you have put her and husband in one photo Is it as told by or or Dont pull family into politics We may have to say colorful stories about Dont let these sort cheap things go on,1
Politics is bad for the Business but if he is still going for Politics means its not Business he is talking about,1
if i hear say this one wan enter politics ehn i quit,0
Rahul Gandhis politics is built on headlines not hard evidence Sixteen days of noise and the moment affidavits were demanded silence Thats the story of Congress in one line RahulTheLiar,1
Praxis is politics Political action is never personal,0
Japan has lodged a formal protest after detecting a South Korean research vessel near the disputed Dokdo islets in the Sea of Japan sparking tensions between Tokyo and Seoul over the territory,0
LKA VoiceTube SriLanka Politics Lalkantha,0
ethereum governance politics deserve more light,0
Rahuls politics drama proof RahulTheLiar,1
Congress party communists both are damaging india their vote bank politics keeping public health under deep trouble caste reservation in medical field should nt allow Marks Medical Officer can he serve public Exam Tripura Public Service Commission Post Medical Officer Result date th Aug Total marks Marks scored Status Selected Risking lives in name of social justice is criminal Do you think any MP or MLA trust such medical officers with their life,1
ANC and DA ministers increasingly frustrated by US demands,0
Apologies for those people who are letting politics and idealogies ruin sport and attitudes BREAKING The British Paralympic wheelchair basketball team turned their heads away to disgrace the Israeli team during the national anthem Hatikva in their match today This is more than poor sportsmanship Its a message that Jewish players will not be respected as equals,1
No dynasty politics he said while standing on stage with his entire family RahulTheLiar,1
Hes such a genius writer but estupido in politics It happens when you have TDS,1
Rahul claims to support farmers but voted against the bill that helped them Twofaced politics RahulTheLiar,1
left or right he is a kind of politician who cant be trusted he is doing politics just because he loves attention and power he seems like he doesnt give a f about people obviously he only thinks about campaign and doesnt care about California anymore,1
When you were in position and power from to not able do and only you did scam now do not do any politics,1
Mamdani rejects the old corporatefriendly politics of the Democratic Party I understand that the fight for universal healthcare or tenant rights in Astoria is directly linked to challenging the war machine in Gaza and elsewhere GazaGenocide,0
In his defense Stephen Miller only got into politics because his arms are too weak to strangle prostitutes,1
How does Joe Biden evolve on crime in Washington DX Biden warned of DC crime crisis in as Dems blast Trump crackdown Dont stop at a stoplight,1
Tehran Times Larijanis visit to Iraq and Lebanon is of great importance to regional politics especially after the recent military setbacks Israel suffered against Iran What setback did Israel mobilize the Iranian people to its side against the mullahs regime Between,0
Bihars youth has no time for Rahuls lies Theyve rejected his narrative and Rahul Gandhis politics is a house of cards waiting to collapse RahulTheLiar,1
A campaign built on lies cannot strengthen democracy Rahul Gandhis politics is proof of this He spreads fear because he has nothing real to offer RahulTheLiar,1
Bihars youth has already rejected Rahul Gandhis politics His roadshow is just a parade of irrelevance RahulTheLiar,1
Rahuls politics if defeated blame ECI if exposed blame system RahulTheLiar,1
This is a truly authentic response and its awesome You cannot replicate this reaction for politics Men value authenticity and I think its why the left is having trouble communicating with them,0
The nation has outgrown his shallow politics RahulTheLiar,1
When truth was demanded Rahul Gandhi vanished That single moment exposed his entire politics RahulTheLiar,1
Odugali fanz have no rights to talk about politics and u ppl have to be ashamed to vote in elections,1
Empty words no affidavits Rahuls politics is allergic to evidence RahulTheLiar,1
The joke was that she thought that was a substitute for knowledge about International politics,0
religion and politics mix how,0
Empty chairs at rallies empty promises in speeches and empty credibility in politicsRahul Gandhis trademark RahulTheLiar,1
Propping up false stories by dragging innocent villagers is not politics its desperation RahulTheLiar,1
In Pakistan the military led by figures like Gen Asim Munir often de facto decides national roadmaps due to historical influence over politics and economy Constitutionally the elected civilian government and parliament should decide ensuring democratic accountability,0
Im not here to say core or knots Just that human will bring politics and chaos even if you create and gift him the best monetary system available So could it be corers and knoters the new equivalent of leftists and rightists Bitcoin,0
If politics was about proof Rahul Gandhi would have none RahulTheLiar,1
SNSEVAK The video by Anjana Om Kashyap discusses partition migration with approximate stats actual M to India M to Pakistan per censuses It highlights Muslims integration in India vs minorities plight in PakBangla criticizing votebank politics While,0
Bihars people are looking ahead but he is trapped in outdated politics disguised as a voter rights yatra RahulTheLiar,1
High voltage drama in indian politics every political parties do the same when they are oppositions and party in power do,0
Even today Sonia Gandhis voting controversy raises questions Rule bending runs deep in the familys politics RahulTheLiar,1
Empty claims no evidence thats Rahul Gandhis politics in a nutshell RahulTheLiar,1
For days straight noise was created When it was time for evidence silence was delivered Thats the Rahul Gandhi brand of politics RahulTheLiar,1
Sixteen days of nonstop shouting on TV but when EC asked for proofsilence Thats Rahul Gandhis politics noise without substance RahulTheLiar,1
Every failed claim exposes the weak foundation of his politics RahulTheLiar,1
Anna va politics ku adikiranga apo naama thaanu confirm pannikalama,0
Slogans cant replace affidavits Rahul Gandhis politics is built on theatre not truth RahulTheLiar,1
Rahul failed to provide any proof of voter fraud exposing his propagandadriven politics yet again RahulTheLiar,1
His family name is his only shield Without it he would quit the field Dynasty politics he tries to inspire But people reject RahulTheLiar,1
Rahul Gandhis attacks on the system are only a coverup The real failure is his own politics RahulTheLiar,1
Not a single signed complaint not one affidavitjust days of media circus Thats Rahul Gandhis entire politics in a nutshell RahulTheLiar,1
A house built on lies will always collapse Rahul Gandhis politics has reached that breaking point RahulTheLiar,1
Avi Anni Theildhu Kani Mari Politics,0
Rahul Gandhis politics is like an old soap opera predictable dramatic and disconnected from reality RahulTheLiar,1
Ladies and GentlemenKenyans are increasingly frustrated with UDA and Broad Base blaming these for widespread corruption and poor governance Critics argue that Ruto has entrenched patronage politics awarding lucrative contracts to allies and appointing individuals facing,0
Humble beginnings So what prevented you from securing electricity and running water for all the occupied residences when you were the president What could enable you to deliver now when you couldnt before Im thinking youre in politics for yourself Prove me wrong,1
Politics cannot survive on deception alone Public trust is earned with truth not lies RahulTheLiar,1
Blaming the Election Commission without proof is just old politics people especially the youth want facts and truth not fake narratives RahulTheLiar,1
History repeats with his empty claim Politics of drama always the same India deserves better not this shame A liar can never win true fame RahulTheLiar,1
His politics is noise not vision Citizens demand better RahulTheLiar,1
Undermining institutions for optics isnt reformits reckless politics that weakens democracy RahulTheLiar,1
Entha Worst LK Yentra Vidu Politics Ki Cinema Ki Yem Sambandham Raa Always With You Anna,0
Its really a fact that Privatization has helped the city be clean My part of the city has been privatized a year ago its cleaner than ever been in management of garbage These protests are to keep their jobs more than Dalit politics,0
Rahul Gandhis politics is built on noise not substance When asked for proof he chooses silence RahulTheLiar,1
Good for one side then you cant argue when the other side does exactly the same,0
In politics paperwork proves truthCongress had none RahulTheLiar,1
JB se ye politics,0
Jefferson went beyond his own scruples to purchase the Louisiana territory Also remember the Fugitive Slave Act Or the secession in protest to a legitimate presidential election Hard to argue deliberately theninflammatory politics is constitutional or something,0
YES,0
Every election loss turns into another excuse for him but India is done tolerating his blame game politics RahulTheLiar,1
No politics only movies first,0
The powerful were always angry When someone spoke the verity Whether in clergy or politics People always win by tricks In politics they have their reporters The clergy isnt interesting to true lovers You see In this way ever come together Except for the perverse devils,1
But modi uses religion for politics l,1
Politics,0
BJPs poster depicting Rahul Gandhi as Ravan sparks controversy with Congress accusing them of inciting violence Wheres the line between politics and provocation RahulTheLiar,1
Robert Alai is now defending UDA Kenyan politics is of no substance but stomachs,1
Ey Pawala Gadiki Cr Share Ledhu Gettina Matladithe Cr Gross Kuda Ledhu Cr Loss Matram Kottadu Politics Lo Joker Ayyadu Day Ani Ruddhukunnaru States Lo,1
Thats why womn should not interfere into politics,1
Yes totally it ends up exposing its own irrelevance in modern Indian politics RahulTheLiar,1
Its no surprise that were poorly served The people entering politics are well below par degrading and contaminating the entire system writes Barney Mthombothi,1
One day we will say peacetime in Ukraine Turkey can employ them a Government they have regulation with Ukraine Actually the way a peacedeal can work Ukraine already has order for all decent politics dilligent so if they make friendly Russia can assist Ukraine with their,0
When asked for evidence Rahul vanished Politics isnt about theatrics its about accountability Rahul knows his claims dont hold up RahulTheLiar,1
Why are you so hateful Maybe you take a break from politics for a while,0
Revenge The only people obsessed with revenge tried to overturn an election and whitewash Jan Dont project Mr Slick Coming from the guy whos turned TX politics into a rigged game of minority rule thats rich You dont fear unfairness you fear losing a grip on power,1
Inadvertently he supported Rahul Gandhis request of making video footage available EC and BJP so far refused the same citing privacy but Mr Gurkirat does not have that apprehension Common citizens want truth to come out and they are not bothered about the politics of it,0
The oldest epic written in Tamil Silappathikaram was written by a Jain Ilango Adigal So no Jainism isnt new to South India I dont agree with that Comedians politics or her brushing off Hindi imposition but there is no place for bigotry,0
Yeah definitely dont like Swift This kid is pretty good so far Itll help if she keeps in her lane and stays out of politics,1
Rahul Gandhis politics is built on excuses not evidence When proof is demanded his silence says it all RahulTheLiar,1
State politics in the US Texas has been wild the past year Georgia has crazy politics POLITICO US is good to find interesting stuff to follow,0
Fearmongering is Rahul Gandhis only tool But Bihar has shown couragetrusting institutions verifying votes and rejecting his manipulative politics RahulTheLiar,1
Civil use of nuclear energy started in earnest in the s There never has been designated a safe secure repository for spent nuclear fuel and other radioactive waste Any discussion almost immediately devolves into politics and screams from whoever lives closest to the,0
Zohran Mamdani didnt turn politics on its headhe hijacked it His rise isnt revolution its institutional capture Ask CUNY Laws antiZionist faculty NYUs activist networks and the Democratic leaders like Schumer who wont touch him Mamdani refuses to condemn,0
For this the politics of country respnsble politics so as secularism nt understood rightly even though secularism there illegally in constitution Bharat is run by peculiar leaders,1
But youre happy to be controlled by foreign agents from Israel who run every string in American politics,0
Enti Bhai EE Negativity Kuda Tesko Lekapote Lepu Politics,0
The funny thing is Zohran is a failure in life trying to use politics to get ahead while Vivek has a billion dollar net worth trying to use politics to make a change I guess him being so successful in business is intimidating to middle Americans Vivek tries very hard to prove his patriotism to Middle America and still gets mocked While Zohran eats biryani rice with fingers like autowala and wins vote xcomVivekGRamaswam,1
The internal politics of the fire service are wild too Vollies are treated as lesserfake in many places Its lead to a lot of departures,0
Death row exonerees fight to end North Carolinas use of capital punishment,0
Gosh They are seen in families but also at work and even politics Psychopaths and malignant narcissists will strategically form alliances to validate their abusive behavior and assert dominance By supporting each other they normalize and reinforce traits that society condemns making cruelty manipulation and exploitation feel justified and,1
Thats just the intended audience The manufactured solution is of course going to be something the collectivists can use They are getting desperate If they see that fascism is the only form of totalitarian rule still open to them in American politics theyll happily take,1
Eight people from AIADMK have gone on to become ministers EPSs sensational speech aiadmk eps dmk thanthitv,0
The TrumpMunir lunch is not just a personal snub for Modi It is a strategic setback for India The Caravan,1
Pawan babu is NOT able to think clearly He must retire from Politics,1
Dont do it brotha people will switch up on you once your in politics does something to weak minds they cant process it,0
Democrats started this Fly over country could ensure that they never hold power again They should spend their time figuring out XX vs XY and which bathroom is appropriate Leave politics to people that are not obsessed with race gender and child murder In fact avoid kids,1
Yeah but any politician with any knowledge of war or foreign affairs to look at the current state of affairs and think outcome with no concessions or ceding of Ukraine land is possible outcome is a sorry bad person at the job No business in politics nor foreign affairs,0
the dragon republic is so politics heavy,0
Except andhbhakts most people dont mind rahul gandhi except the fact that hes a nepo product Over the past years of his india politics this was probably his first moment where he proved his worth and most youth are impressed the hate against fake votes,1
No I support removing him from politics and if hes on the Epstein list putting him in prison But I have no beef with his career in Hollywood where he should have stayed and cant deny he was big enough to deserve that star,1
Politics Anna Actions em Vundav,0
Ethnic politics would end like says when you share resources Ive heard enough Ruto tano tena by nonKales to know thats the case In the said video I watched of the Chinese minority they live in a difficult to reach place their government has been,0
The root cause of destroying Kashmirs politics after is PDP Their ego and arrogance turned Kashmir into hell and because of them we are now a UT No one will ever forgive this party,1
No he is coolie who compromised his followers for getting job for his brothers by using his community He is just comedian in AP politics hope people understand him quickly,1
Japan protests SouthKoreas research ship near disputed Dokdo Takeshima islets claiming it dropped a wirelike object in contested waters,0
crying again cant believe were gonna loose him go politics,0
Ive got your back drthangampt This threads memes twist facts about Seemanhes married once no scandals confirmed Lets debate politics civilly not with crude jabs Need real info on NTK Ask away,0
Melania Letter to Trump DonaldTrump MelaniaTrump VladimirPutin PoliticalNews Putin Melania,0
Two of the most vile bitches in politics,1
Dems are a party thats divided No doubt some Dems see the writing in the wall in the death of their party Top House Dem sides with Mamdani critics on key controversy surrounding his campaign Legitimate issue,1
Reno Omokri The chameleon of Nigerian politicsswitches sides faster than a Lagos traffic light from Tinubu critic to cheerleader all while stirring tribal pots and virginity debates As for President Tinubu Bold reforms or bold blunders Jetsetting abroad while Nigerias,1
Prime Minister Anthony Albanese has declared the economic reform roundtable agenda is whatever people want to raise and vows Labor stands for lower taxes,0
The official voice of the US government is cruel gross and weird What is that doing to us via,1
Thats a wild trade deal Putin probably wants more than just Griner back Politics is always a crazy game of chess,0
What delusional garbage full of unadulterated HATE Its all thats left of The Left their horrible RRR Lawfare yrs of downhill for the USATrump has done more that will help the average American than Democrats ever did in their Leftist politics in long bad yrs,1
Im American dual citizen live in both countries half the year I always say the exact thing No one in the US ever thinks about Canada The US gets no Canadian news no culture no nothing Canadians are obsessed with US culture politics and news Its so strange,0
Should I mention how much I despise Maryland politics Maryland is TAX HELL,1
Sounds like a person who would fit into the NZ ACT Party profile,0
David Maragas quiet rise in Kenyan politics potentially a statesponsored project is overshadowing Fred Matiangis campaign which lacks aggression and momentum despite his strong goodwill in Mount Kenya,0
Can we not bring up politics under this kind of post Do you not see how inappropriate that is,0
Politics marked by paradoxes Anatomy of BJPs Jat dilemma via,1
Bring back economy of politics of inflation of and you can have your k cybertruck,0
and youre studying politics,0
dont get involved in my ppls politics here vro,0
What proof there is no justice in the courts only politics and cronies,1
Thank you Im glad the letter resonates meaningfully True peace for children transcends politics and PRits a universal imperative we must all champion,0
you know what ill agree with you just so they can spite all the britoids who talk about japan like its their country or chud incel weaboos who make other countrys politics their personality especially japan,0
Wed be in good hands No politics,1
Trump and his bootlicking sycophants are a national disgrace Theyre in politics for all the wrong reasons,1
Candidate for California governor launches antiTrump TV ads,0
Also the self defining rightist who say its only right coded for somebody to seek suffering for improvement is a perfect characterization of partisan politics which tries to aestheticize human will into something you think is exclusive to a out of question,0
Taylor Swift performs for Victoria Secret Angel runway events that are shown all over the worldAnd Taylor is as Hot and As Tall as VS Super ModelsShe is a erBasically a God on Earth Now MAGA doesnt really give a fuck what a er thinks about politics,1
Bhai Thoda Politics Ki Gaan Se Bahar Nikal Ke Dekh Tab Dikhega How many IPL Teams Posted Janmashtami Wishes Xcomarsenalstatus,0
IOT GBC ThailandFactMission GBC TruthfromThailand IOT thebangkokinsight,0
What if his politics arent the same as yours,0
Dude MAGA plays identity politics more then anyone,1
If God wants him in he will be if not nothing you can do or say will change that the most High ruleth in the kingdom of men and giveth it to whomsoever he will and setteth up over it the basest of men Daniel Politics is worldly Christ isnt,0
What the backwoods hillbilly deal is the pedo in chief trying to make sound like a good idea Incompetence unmatched by any admin ever is his legacy Trump told Europeans that Putin wants all of Ukraines Donbas in exchange for end of war,1
I think its a golden opportunity for the communists to be a major player again ask your years old youth leaders to drop out of the Universities take a bath get in good shape and do something meaningful in politics Didi has many flaws but gotta give it to her for crushing the BJPs Bengal dreams once and for all the way things look they will never form a government in Bengal and i think its beautiful,0
Idk who the guy is what he said but Prophet after that Khalifa e Rashidun all used to speak about politics on Member e Rasool So stand out when you dont fking know anything about Islam Its not just a religion its the way of life Islam includes power politics,1
Will you guys stop talking about in the pass so annoying with politics I cant stand with you guys anymore still talking about old way its same people still never Changes on their when i look at that post they dont know who is the real president back then its was under bush,1
what is this obsession of wanting every artist to get into politics like if its a choice great but the culture of pushing celebrities to be political or otherwise be seen as bad people is ridiculous period JADE on pop artists who stay apolitical I dont think you can be a pop artist and cover your eyes I saw Matty Healy say he doesnt want to be political which I found disappointing Its very easy for someone whos white and straight and very privileged to say that Good for,1
Politics Gaza will have new Casinos and Hotels Family business,0
US halts visas for Gazans after Loomer highlights their arrival at airports State department move follows farRight Maga loyalist voicing fears of retribution as severely injured children seen to be among intake,0
Adhi Fans Musugu Lo Vunna Politics,1
Okadi Cinema Ni Apali Ani Yenta Try Chestunnaru Ra Kani Akkada Unnadi Janam Lo Nundi Ochina Hero Vadu Repo Mapo Politics Ki Oste Meku Chave,0
Amusing Ourselves to Death is Neil Postmans brilliant polemic centered on a Huxleyan warning democracy undone by amusement He argues TV makes all discourse entertainment hereby shrinking thought fragmenting context limiting action hollowing politics religion learning,1
National Assembly approves construction of youth and cultural centre in Taita Taveta HomeOfHardTruths,0
What about Mirwaiz he too talks about politics on pulpit Jahil hai tuuu,1
If any Molvi or Mufti tries to divide people in the name of Shia Sunni or Wahhabi then know this He is weakening Islam And if any Molvi or Mufti uses the pulpit for politics instead of faith then understand clearly He has betrayed his duty to religion,1
These are the people that have engaged me more in the past week Guys lets follow them even though some of them have insulted me because of politics,0
Ni Mida Trolls Vesina Kuda Ilanvi Chusthe Bhada Vasthundi Politics Ki Dhoram Ga Undu Bro,0
Hemaath Gadu Politics Meedha Concentrate,0
hi gay im politics,0
Politics aside this just makes a fucking loser Shouldve been swallowed,1
Discussing British politics is hardly fun,1
how in the world can CNN be one of your top sources for news and politics Even Homeland Security has had enough Time to tap more reliable sources and give exponentially less priority to the ones proven to be mostly biased if not flat out wrong,1
Deva Kattas pen writes not just words but the politics that shaped a state Mayasabha Streaming now only on,0
The video gained most views through organic sharing on X driven by its controversial content Destinys son adopting Groyper views ironic given his fathers politics Key amplifiers include quotes reposts and discussions in farright and streaming communities boosted,1
Clausewitzs insight endures war extends politics when words fail using force to achieve ends Yet in s era of drones cyber attacks and nuclear risks it often spirals beyond control as seen in Ukrainereminding us that other means can devour the politics they serve,1
Why would she talk to you lot She is leaving politics but no doubt the gutter press will still be raking her bins Asked by BBC Scotlands political editor Glenn Campbell which French diplomat are you having an affair with That is just one example of how creepy you lot are,1
Ooh bro Your the man ruining homeoffice for us sickos who dont need politics and constant meetings to get results Work should be about results,1
keep politics out of football,0
Mamdanis socialist cityrun grocery plan faces backlash from Hochul I favor free enterpriseMandami hasnt learned communism doesnt work in grocery stores nor in most economic enterprise will produce more preventing shortages,1
Yes Taylor Swift cant sing although I like her music and shes really nothing special in my honest opinion Especially because she opens her mouth on politics it makes her ugly Sweeney is so much prettier,1
Yogi Adityanath born Ajay Mohan Bisht June became a monk in the s succeeding as mahant of Gorakhnath Math Entered politics in elected MP from Gorakhpur at age reelected times Founded Hindu Yuva Vahini in Became Uttar Pradesh CM in,0
After stepping into corporate life I came across a word for the first time burnout Balancing DSA dev office work side projects open source and a km daily commute is tough And beyond work life adds its own challenges family drama office politics and health,0
The Khilafat Movement wasnt just politics it was rooted in Islams essence It showed the world that whenever the system of Islam is threatened Arab or Ajam the Ummah rises as one under the banner of Khilafah But nationalists like you cant grasp this,0
Lol With or without Gandhi Khilafat movement was a disaster Even Ataturk in the end said something to the effect of Shut The Fuck Up you Indian Muzzies we Turks can take care of ourselves xcomtradmuftista,1
Honestly ur not wrong they just put things into their body because they believe their politics more than common sense,1
BSDK Birthday Wish Kaar Raha Hai Waha Pe Bhi Politics,1
They have lied to us about everything History Medicine Religion Politics Nation states Geography biology Architecture science WW WW and lots more They lies about everything under the sun including the sun start researching Antarctica and the North Pole,0
Your smear campaign has given Malende a sympathetic points I love it You will all learn to do mature politics by force,1
If really really politics is a career and deployment not a moneymaking scheme for pensioners and dropouts then sleeping on duty should be misconduct and disciplinary action must be taken to the person found sleeping while is on duty and it must lead to dismissal But that,1
I will discuss politics race history music or anything else on here Normally I draw the line at interacting with clear racists But they are really doing the most at this time They are committed to misunderstanding If they had their way they would make Palestinians of us,0
Let me clarify From your previous post I see a big emphasis on redress as opposed to economic growth White vs black We know that the apartheid was terrible however years on we need to define a better future Due to nature of race politics in SA I am a Indian man,0
Yes hes worth more than that dont doge him they all do it when dick Cheney left politics he was worth million,0
Who decided it A few individuals at the helm decided that after ceding a nation on communal lines will impose a pluralistic society fine but followed was a crude vote bank politics There was no election held from hindus to decide their choice,1
Jersey Housing Crisis NO such thing There maybe House Shortage caused by over population again caused by IMMIGRATION bringing in Building workers to build UNWANTED Flats so put X prisoners in them Choice Agri fields like SION for Houses IMPORT ALL veg AMATEUR POLITICS,1
Rajanna Dkshivakumar Politics,0
Iska solution to ek he hai politics,0
Thats why they say politics is felgth,0
WH Shares Video Showing Nighttime Operation to Make DC Safe via BRAVO,0
You can be as messy and exposing as you want This nigga made Never Too Much and Dance With My Father Idc how homophobic your daddy or grandaddy is that shit hit them in the heart and they said fuck politics for a couple minutes,1
The United States is out of the game,1
Not when the majority of Canadians have to stifle a yawn halfway through his name He is the gray man of politics Invisible like entropy,1
Vote bank politics is ruining the nation,1
Join ASAP Association of Students for Alternative Politics,0
Wow I quit watching sports years ago because of politics and social justicecovid nonsense Barry Sanders was my favorite NFL Player of all time This is hilarious and tragic Checks out,0
So you watched her shrink n waiting till her demise Politics is a hoax,1
Climate change is a natural phenomenon indipendent by human activity They lies because they want modify Economy and Politics in a form of green socialism and centralize the power They want a New World Order based on the China Politics ClimateChange China Economy NWO,0
Climate change wreaking havoc on our planet Prince Harry Yet he is a regular traveller on private jets His self entitled hypocrisy is astonishing,1
Women shouldnt be in politics,1
politics really is Hollywood for ugly peopleand mouth breathers like you,1
I try and protect my blood pressure and my fragile hold on my mental health and never bring up politics with ANYONE Its not worth the aggravation,1
America is DUN with the VICTIM mentality and thinking it will boost your crybaby stance in Politics How about coming out with ACTUAL PLANS instead of OH He offended Me,1
Jaap Knegtmans was on Parliaments lawn attending the antimandate occupation Three and a half years later he is inside the Beehive employed as a ministerial press secretary and adviser in the office of NZ First leader Winston Peters,0
He is merely a disgrunted Ex Wife became FM senior leader but he is still known as Mrs Sitaraman s husband having no identity of his own Stop being so cheap to bring family in politics Nehru Indiras Sanjays affairs r known but we have decency of not raking that up,1
Its not so much about rooting for him to fail its more like rooting for him to be kicked out of politics Hes made the world a more dangerous place with his stupid posturing and he is support for genocide in Palestine The world cant survive him not failing,1
christ politics race in that order,1
Mark my words u will not be on the map of Indian politics,1
Did you just join politics,0
I mean technically you can attribute politics to this White person Women can afford nice food not AI generated,0
So who will Zelensky meet with from the DC swamp before he meets with Trump Monday Last time Zelensky was in town he met with several swamp creatures and suddenly his attitude towards peace was completely different than what he portrayed hours before,1
BBC THE SUPPORTER OF RIGHT WING POLITICS,1
The BBC is giving a hugely disproportionate of air time to Reform They seem to have conveniently forgotten there are Lib Dem MPs SNP DUP Reform Green Plaid Cymru Its not as if they are holding,1
Einstein said that insanity is doing the same thing over and over again and expecting different results He was right Thats electoral politics and politicians who pretend to be on your side Its always a lie a fraud and an ugly disappointment,1
Cant do politics,0
Hero Ni Kadu Kada Fans Ni Kuda Touch Cheyaleru Evaru Entha Politics Chesina Adi Reflect Aiye Stage,1
We can argue about politics when an election has been called now we need to send a message,0
The same Tom Scott that was friends with Ardern and had her private number,0
All chutiya will do politics in her comedy,1
by Palley andgaiknews,0
Are Lanja Kodaka Minalni Urike Kadhu Ra Dengedhi Cinema Ni Politics Ki Enduku Ra Kaluputharu Vadevado Mana Puk Gadu Vachi Tfi Politics,1
Playing safe politics to keep both RW and LW happy,1
Politics in Uttar Pradesh got a fresh twist yesterday when Pooja Pal a former lawmaker from the Samajwadi Party who was recently kicked out met Chief Minister Yogi Adityanath at his official residence in Lucknow PoojaPal YogiAdityanath meeting,0
Everything that is happening in the Mn are tools that all the Poltics are distracted by distracting and especially those who have used power for decades in Ripoll pfied it by making victims of terrorism,1
Orey tanu tamilnadu AP Politics,0
Its not false Wages arent keeping up with the cost of living Meanwhile were sending billions trillions to foreign countries and sacred cows like IsraelUkraine NGOs that work against American citizens while our voting apparatus is still ripe with fraud Politics as usual,0
He willfully has neglected the duties of office The CBC should not be allowed to report anything about politicsbecause of the conflict of interest,0
The way Ranveer Singh Dang defended himself and the BJP proves that he is a BJP man otherwise a common voter who has nothing to do with politics would not have come forward and expressed his views like this after so many days,0
Rise of Modi has to be attributed to the secular parties of this country falling into corruption and dynastic politics Even if Modi is defeated his idea cannot be eradicated until another secular party with a radically different look comes to prominence,0
These niggas disgust me talking about Baas Du Plessis is good for MMA in South Africa and lets leave politics out of sports Nigga he wanted Trump and the US military to bring us democracy and youre telling me leave politics out of sports The Bantu mind is conquered,1
Aadhi Diversion Politics Raa Ayya DM La Cheptha,1
Agree Problem ishas Corbyn learned anything Or is he still to naive for UK politics,1
Nenemi Hari Krishna Evarino Dengithe Puttina Akram Lanjakoduku NTR Analedhu Ga Bro Vaadu Pic Lo Ela Ela Pettado Ga Lanjodaakaa analedhu ga bro ninnu,1
Deva Kattas pen writes not just words but the politics that shaped a state Mayasabha Streaming now only on MayasabhaonSonyLIV,0
Among the Hindispeaking Ambedkarite voices on Bhai is the one I admire respect the most His wellarticulated posts composed nature deep understanding of society its issues politics truly inspire me Wishing you a very Happy Birthday Bhai,0
Lets remove a successful man from the walk of fame because you dont like his politics Typical leftist cancel culture Putin would be proud of you,1
Glad his politics and shit talking are better than his putting,1
What Stopping CBI InSSRCase when Sushant faced politics,1
Cure the imbalance YHGTBFKM,0
He must focus on fighting and leave politics,1
Trump met with Putin for nearly three hours Friday at a US military base in Anchorage In their first meeting in six years the two leaders discussed the war in Ukraine,0
The pedo brothers A timeline,1
Truth is he was part of all the sinister plans n loot that AAP was involved inonly difference is that he could jump off the ship n others couldntthese two couple want to gain all the wealth n fame through politics,0
Appeasement politics ne desh ki maa khod rakhi hai,0
Fall of AAP will ensure that people will not have faith in alternate ideology and to have a good alternative option in politics is very little now People would be very hesitant to believe in new comers now for a long time,0
There is no single man on earth that ever went into politics without their full self interest Infact the more they claim otherwise the more doubtful you should be As part of the masses you should be more concerned about is Does their self interest include you in the plan,0
Civil Servants are the grassroots often discussed in politics,0
Sign of defeat Una go learn politics by force,1
Thanks for pointing out The message is only about BSC crypto growth not related to politics at all,0
Jesus emphasized truth John rejected hypocrisy Matthew and called for compassion without deceit In politics hed likely urge discernment accountability and turning from cultlike devotion to genuine justice Sources Bible theological analyses eg,0
Yesterdays byelection across over States is a clear indication of what is to come in Politics is deep The key players in the coalition should learn apply the strategy now I expected the coalition to send a signal through the election but a different thing happened,1
zaddy true corporate experience office politics office romance count me in,1
i love uncanny titles with actual good writing and characters bltwt yaoitwt,0
Opposition politics in Wales has never really gotten off the ground,0
Labours popularity has been plummeting DailyExpress Labour,0
Viralvideo shorts trending samajwadiparty rickshaw funnyvideo NewsUpdate uttarpradesh politicals shortsfeed trendings trendings trendings trendings yadav akhileshyadav,0
Politics Tho Samadham Lekunda Maa Dari Ento Memu Memu Memu Chusukunty Madyalo Neku Raa Anta G Manta G Manta Maa,1
i dont make any hate speeches on chibi and i dont think he deserved to be doxxed or his relatives mocked but i just personally think that someone with vague politics like this isnt worth associating with at the very least,1
Epic projection Actually Newsom is bringing conflict the PotUS is just responding to it Newsom is done in US Politics,1
Donald Trump is trying to get a Nobel Peace Prize He sent the United States Marines into the United States of America Hes bringing war to the American people,1
You just contradicted yourself the photos show an interest from the public we know its a different world both wont pass the woke youth vote its dodgy politics nothing to do with welfare we be around a while see me out,0
they fear the prime minister and the Government are coasting on the hope that things will improve on their own while being distracted by culture wars and issues that dont matter amen,1
cismen wibu who are obsessed with politics are the worst specimen istg,1
Reuters,0
AlaskaSummit It has become known that one of Putins demands regarding Ukraine in negotiations with Trump NYT Putin demanded that the Russian language be recognized as an official language in Ukraine After Meeting Putin Trump Reverts to Land Swaps for,0
That there is just about the size of that lying and unpatriotic tongues influence in politics Time always reveals their emptiness Hope is minions heal soon enough,1
Final Result for Anambra South Senatorial District byelection YPP did better than the ADC Coalition despite Peter Obis campaign for the ADC candidate APGA APC YPP ADC PDP LP,0
Hopefully prison politics saves the tax payers some money,1
Nobody is interested in the views of she is irrelevant,1
He is a great actor but a summersault leaderWe sanatanis are educated enough to identify divisive politics,1
Elon Youre an amazing person A st century pioneer Keep up the good work I think politics is a rats nest If youre going to dabble please come out unscathed,0
Politics lo Unnappudu personals Undavu Jagrthagane Undali Audio Leak Gurinchi Kakapoyina Aa Convo Lo Eeyaniki Godava Undi,0
Its all shown in how the movement doesnt match the gameplay of someone like Shroud Beaulo and others Yet these experts will also join in on the defense just because of the politics that the defense began,0
Wait to disappear from Uganda politics after CEC,0
The Truth About TwoTier Policing theory the law applies equally to everyone practice protests arrests and punishments depend on politics Some groups are protected Others are crushed Minor crimes get punished,0
Yes juju persists in shaping modern African societies Law Used in trafficking oaths to control victims eg Nigeria influencing antitrafficking efforts sparks witchcraftrelated homicides and legal defenses Politics Politicians seek charms for electoral,1
Vijay in politics,0
GoBackMarwadi BJP is successfully trying to potray it as a Hindhu vs Non Hindhu or North vs South or Hindhu vs Rohingyas being Union Minister showcasing his inability to deal with Rohingyas every thing is politics Marwadi Telangana,1
This is why were doomed totally fucked whenthousands of bourgeois middle class socalled progressives demonstrate a toxic combination of student politics hysteria and narcissistic entitlement through their socalled activism causing disruption and wasting police time,1
Read,0
All credit Goes to Om Kum S Shik Tushar Shital maam and a very special Thanks goes to Oms wife and off course Mothers politics Where voting result failed escorting khayrati wins VivianDsena,1
If the ADC did his field work he for win Nothing beats field work in politics Obi is doing field work for himself let others do for themselves too,0
Bara is like the pseudoantisystem litter povers dantisystem and saprophy of the system as long as tender ones who delayed going to play the poor poor the Opressora Federation did not let them win,1
Look how carefully and strategically Congress cropped out the saffron part of the Tiranga It sums up their style of politics destroy anything that remotely resembles Hinduism,1
UMNO and PH have a pragmatic cooperation not a formal coalition formed postGE hung parliament in to stabilize governance This arrangement lasts until the term end with no formal nextelection pact due to fluid politics Tengku Zafrul a Senator till,0
Atu Politics Cinema Ninchi Oche Neg Ni Tattukoni Nilabadatam EM Standards Aya Saami,0
You admitted you dont care if trump is a pedophile bro You have no soul You sold it for power and politics,1
Laura Loomer takes credit after State Department halts visitor visas for Gaza,0
Elrufai that joined active politics Doesnt have the power of incumbency So many factors but lets go,1
This byelection results can be used as a decider to compare the influence of Kwankwaso and Elrufai,0
From a modern perspective does juju still shape African societies today eg law politics business personal choices If so how,0
Blame Israel This is what Israel First politics have led to You are Israel First This was their plan But Palestinians belong in the lands they have lived on for centuries,1
Isko jail mai rehna thao ya parole pe hai kyutho iska health kharab hai but interview dena politics,1
Its dirty how you people dont learn thinking politics is about Stating baseless statement to win Peoples minds Its actually going to be interesting in the years coming I make this NPP part becomes unattractive if they keep irrelevant people like this Bastard in the party,1
finance has always controlled politics and democracy has always just been an illusion something to keep the slaves engaged with thinking they have rights and influence,1
Yelled at a man in politics and hes about to make it up to me and didnt question my anger I love being a diva,0
Harry while Im NOT a fan of much of this mans politics I AM an American and I would be remiss in my honesty if I didnt say ONE THING HE GETS THE ASSIGNMENT FINALLY a Democrat WITH BALLS,1
What do small kids have to do with politics Are they ready to discuss how cruel the world of politics is,0
I couldnt help but cry at Anga Tanakas words and my heart trembled This is the kind of stance I think Japan should show to the world and its important NuclearArmamentIsNotNecessary,0
When politics get ruff sometimes you just need a Doge hug Make any still breathe Reply with a prompt and tag this profile,0
CAN SOMEONE WITH GOOD POLITICS PLEASE RUN IN YOU GUYS DO NOT WANT THIS MAN IN OFFICE,1
MANY PEOPLE ARE SAYING AND I AGREE THAT I GAVIN C NEWSOM AMERICAS FAVORITE GOVERNOR DESERVE THE NOBEL PEACE PRIZE WHY BECAUSE OF THE MOST INCREDIBLE MAPS IN THE HISTORY OF MAPPING EVEN COLUMBUS THESE MAPS WILL END THE VERY RIGGED ELECTIONS MAKE AMERICA GREAT,0
politics and false informationhmmm What politics will do to this country erh if we dont take time by the time we realize it will be too late It is increasingly dividing us as a nation,1
HinduMuslim tensions in India stem from historical invasions Partition violence displacing millions colonial divideandrule tactics and modern politics like Hindutva ideology fueling antiMuslim sentiment Fake accounts like FatimaKhatun run by Pankaj Srivastav in,1
organized labour will just be a history lesson soon thanks to this woke mind virus that has you wasting dues on foreign politics and socipolitical extremism Ignoring the real day to day work problems of members for Palestine and rainbow crosswalks ffs,1
Whats your man crush done after years in politics sweetie Please list Living a life of luxury off the taxpayer doesnt count,1
Meanwhile ANOTHER rich Sunday breakfast for you To think I once quite admired and respected your politicswhat a pair of soggy dough balls you turned out to be What happened to your fucking humanity,1
Israel says it will begin implementing plans tomorrow to forcibly displace hundreds of thousands of Palestinians toward southern Gaza as part of its push to seize Gaza City The army has already carried out systematic destruction in particular of the citys Zeitoun,0
Well said Doctor gbaru In essence politics is about the management of human affairs the resolution of conflicts and the establishment of a framework for cooperation and collective action with constitutional upholding for the benefit of People Its a dynamic process that is,0
What began as a local probe into VoteChori in Goa has thrown up entire clusters of nonresidents at single addresses properties too small to house their official occupants and phantom voters linked to bars and abandoned buildings ElectionCommission,1
Politics and Versets do not match,1
What a load of welcome to Starmers NZ Just when you think kiwi politics are different to the agenda throughout the world you see we are under full globalist bend the knee control,1
Kabhi kabhi lagta hai ki use rehna chahiye politics mein uske cutiyape se bjp aur nda ko hi fayda ho raha hai,1
Its high time the UK government acted so that Palestinian students can take up their places at universities Politics News Sky News,0
Forseenable Things like this happen when voting for a fascist Let it be a warning even if one doesnt agree with politics politicians but never vote for a fascist or a fascist party They pretend to be patriots but it will be the end of truth justice freedom in reality,1
he created a party and in less than months he rallied over million Malawians to vote for him which in Malawian politics was unprecedented aka he was a pioneer we can critique him as a person but lets call a spade a spade anali dolo basi like him or not,1
How did I go in garden where did the land make,0
Zelenskyy who was not invited to Alaska for the summit said he had a long and substantive conversation with Trump early Saturday Photo Julia Demaree NikhinsonAP,0
Kurara would then go on to become a prominent figure in the artificial satellites politics solely so she can get the copyright laws changed,0
Using add for politics is literally against the terms Why is there so much ads that have this rule break,1
Our remigration agenda is farreaching,0
Electoral politics are inviteonly especially at the national level,0
Portable don politics Nawa for Portable oguy no wan gree for anybody othe Agulu Portable you mean,0
Based on extensive review of statements and accusations from diverse sources Moses Kuria has a longer history of overt tribal remarks such as ridiculing other communities and framing politics along ethnic lines making him more tribalistic than Aden Duale who often criticizes,1
Ive no problem with people admiring how things are done in Scandinavian countries or in Singapore What I do get annoyed at is the idea that their politics can be applied here when we have a very distinctive political culture that is very hard to change,1
Nobody trusts the baniya syndicate lobby be it north south east west They are only after subjugating and displacing natives while undercutting locals and keeping everybody poor Language politics is a tool against the enemy of states,1
Wherever any find public participation in any issues it doesnt mean hindutwa BJPs propertyDharmastala is public issueDKShi turns the problm into bjp politics Ppl elected congress not escape this way safeguard someone u like Of course BJP is Hindutwa party U branded,1
Whats the politics of this imagine its Ai That is a immediate thing that can be linked to politics,0
Trump himself being a great example of it Since he actively became part of politics to basically avoid going to prison And its sad it worked out for him multiple times because of the other people protecting him However nobody asksmost people dont ask whos doing it and why,0
It should be ban because it is loud and disturbs people in the community It destroys British culture This group of people gathered together as a Muslim revolutionary to build mosques create armies interfere in politics and change the system of government,1
Will not let our rights be eraged rjds lalu tejashwi vow to fight BJP ahead of Vote adhikar yatra yatra yatra yatra yatra yatra yatra yatra yatra yatra yatra yatra yatra yatra yatra yatra yatra yatra yatra yatra yatra yatra yatra yatra yatra yatra yatra yatra yatra yatra yatra yatra yatra yatra yatra yatra yatra yatra yatra yatra yatra yatra yatra yatra yatra yatra Yatra yatra yatra,0
Voting patterns in the election,0
In chutiyo ko ye samjhna chahiye ki modi or shah gujrati impose kar dete,1
Black excellenceRespectability politics,0
you think only in SA politics tjesses bra the world is run by criminals,1
Goodyear is another Nokia Do you guys even have Economistsadvisors in your midst or you just do tavern politics So much for the Economic Freedom Fighters That doesnt mean I support amasela Those ones must be shown the door before we are left with no function country,1
Politics Antey Ne Covering RAA,1
Most platforms lock you into a lane trade stocks here bet sports there check politics somewhere else flips that script Its not a single topic platform its an open arena for every kind of prediction One moment youre tracking SOL s breakout the next,0
In the grand circus of American politics elected officials juggle promises like flaming pins only to drop them once the spotlight fades and lobbyist checks clear The real divide isnt left versus right but the elite puppeteers versus the masses they entertain with partisan,1
This anxiety is not felt by politicians and their cronies Nor by those at the feeding troughs Nor by And even less by the thieves of the DGAIA DGAIA ERC CUP comuns,1
Anxiety about overpayment and imposter syndrome when you think youre not worth what youre paid,0
Narendramodi BJP,0
Evarikaina Tamil Politics Origin Meeda Intrest Unte Ee Cinema Chudandi MGR And Karunanidhhi Friend Ship Gurinchi Baga Chupistaru,0
Apni Ammi Ko Bacha Maulana Aakr Halala Kr Jayega Politics,0
Politics sexual xxxxx NMS,1
Politics politics politics Where has she been all the time,0
Im sorry but I literally cannot understand romantasy readers who read that genre because they think they can escape from politics reading those books Sexism classism racism are integral themes to most historical settings youre just brainwashed not to think,1
Pakistan refused to travel to India for Asia cup hockey Who loses Ans is Pakistan hockey Bangladesh has replaced Pakistan India wins the geo politics game by not refusing visas Thats what is key when you want to host international events Perfect outcome for Ind,0
The way Ranveer Singh Dang defended himself and BJP proves that he is a BJP man otherwise a common voter who has nothing to do with politics would not come and express his views like this,0
Problem with todays politics not only India but globally is that weve built up tribalism to such a level that in order to even talk with someone partisan about a rational stance on a topic you need to completely savage other side If you refuse youre then also the enemy,1
South Africa needs inovation practical skills Not all these politics degrees or international relations nonsense Africa need pothole engineers plumbers water drilkers solar panel specialistwe have the human resources,1
The author of this book a Reaganite fiscal conservative had a similar experience Mother of an American soldier who went missing in Yemen approached him to secure his release It changed his entire stance on Middle East politics particularly Israel The events happened in March,0
Performative politics Cali wildfires and losing in court against Trump over the control of the CA National Guard,0
They are actually helping Modi by their dumb politics and even dumber acts Modi just needs to play their videos to win elections Unfortunately they are treated as God Goddess by their greedy party colleagues,1
Politics Comback Ichina High Povali Ante Ne Okkadi Vallane Avuthundi,0
Deeply honored and overwhelmed by your kind wishes respected Deputy Chief Minister of Andhra Pradesh my dear brother and political Thoofan garu Thank you from the bottom of my heart God bless,0
your epic essay on the politics of Warhammer k doesnt seem to be available on which is heresy Am I being a boomer or is it really unavailable,1
Politics isnt run like that,0
But in fact negotiating with Putin is going very poorly for him despite bold promises Who else remembers that the war was supposed to end in hours,1
This is good and all but it encourages nonsense tribal politics We need to devolve of development budget National government walking around hawking projects to tribes in exchange for support in nonsense,1
In the spirit of national inclusivity HE s administration is deliberate on equity uplifting regions earlier marginalised Visited TanaRiver with good news basket full of goodies in the FY From food security water crisis mitigation to infrastructure,0
Ramaphos Untikhely to Sanctor Breaking Motsheoplega,0
Lets go wake him up and ask him about his politics,0
Youll burn the country to the ground before ending mass migration wont you British politics is a sorry sight to behold these days The British public have said for decades they dont want mass migration in every way they can But the elite wont budge on the matter,1
im ngl politicsbased plots are out of my depths but this au is SO GOOD I love the premise of spy phainon and captured prince mydei using each other for their own benefits and HHHH mydei returning to his kingdom as a pregnant omega chefs kiss,0
They cant be a law unto themselves we are country of law and order Politics should never put national security at risk because of votes Criminals and some people with psychotic illnesses are riding these Bodas dangerous please act on Boda menace,1
Maybe take a page from the Mitch McConnell book on cutthroat politics instead of always following decorum,1
Mamata Banerjees policies like imam stipends and welfare for minorities are often labeled votebank politics to secure Muslim support in Bengal She banned The Kerala Story in calling it distorted to avoid unrest similar fears likely for any Bengal Files,1
This is why we cant move forward as a country If my best friend is into politics and doing rubbish omo I go call you out In fact if my own brother dey there and not performing I will lend my voice and ask him to resign This is people dat care after their pocket not future,0
Why do celebrities stay silent when politicians are Criticized MI Abaga,0
They want to deregulate everything Finance Taxation Economy Law Politics Employment Capitalism without regulation Fascism Both Reform and Tories are fascist parties NeverVoteReform NeverVoteConservative,1
Reform and Tory MPs dont want the public as jurys to decide if someone is guilty or not they want that control for themselves They want us to leave the ECHR and give up all our human rights that way their paymasters can treat employers like crap Yes their agenda is xcomOperaSocialist,1
Why Were Worried About Ivanka Trump,0
And now they will have no fucking right to dictate our Internet laws Its a ECONOMIC union and they act like a fucking empire thinking they can enforce laws and mingle in our internal politics when a candidate or part that they dont like gets into power,1
That is Not a Great Reset but the result of stupid politics demographic change and shifts in the world economy,0
Good for bihar At least some good personalities are trying to enter politics,0
Great choices For science start with fun experiments like baking soda volcanoes to teach chemistry In politics discuss basic civics through games like mock elections For literature read classics like Charlottes Web and analyze themes What ages are your kids I can,0
When are you ever going to be charged for insider trading Do us all a favor and get the fuck out of politics already,1
why mamta is doing vote Bank politics why she is scared of bengol files and why people of india hate her does she has done anything better for muslims rather than appesment why always mamta banes Kerela filesand bengol files in bangla hindi english,1
Deva Kattas pen writes not just words but the politics that shaped a state Mayasabha Streaming now only on Sony LIV MayasabhaOnSonyLiv,0
To have a million registered voters for the upcoming elections is an enormous win for the Somali people Deputy Commissioner of Security and Politics of Mohamed Ahmed Diiriye Yabooh said,0
Why has late night TalkRadio turned so heavily to politics with very little paranormal,0
The Democrats have given up on politics and are now on to violence,1
No Trump flags here in Florida today I did see an assassinate Putin flag though,0
On many if not all of the sports websites we are not permitted to discuss a worldwide ban for Israel in all sporting competition Try and mention it and we immediately get tuttutted off the site Politics has no place in sport Its not politics its Genocide,1
When Khamzat was busy training Dricus was busy playing politics with Afriforum spreading lies about South Africa We are actually happy that he lost the belt Allah Akbar,0
Zohran Mamdanis entire brand is built on lies and activist rackets He lied about being Black on college apps to game admissions lied about Gujarats Muslim population to stoke division and lied about his roots to exploit identity politics His Bowdoin columns attacking,1
True collective punishment is unjust and dangerous But in equal measure Moses Kuria must stop stoking emotions with threats of a point of no return Kenyas future depends on dismantling toxic ethnic politics altogether not trading blame between communities No,1
Charlie Kirk Labels Mamdani a Major Threat,0
Iqrar ul hassan ki posts dekhen to wo imran khan ki tareef bhi karte hain jaise environment projects aur tanqeed bhi politics mein personal interesrs Ye Neutrality hai Sakti hai sakti dono Taraf Khelna Establishment Se Direct Link Nahi Dikhta Balke Journalistic Balance,0
Trumps visa fee could cost US economy billion research finds,0
Its due to internal politics within the BCCI which is hard to understand And I think this is the reason he Kohli retired prematurely Even Rohit retired prematurely They were asked to go out Its not like they wanted to leave Karsan Ghavri said,1
Discussing politics with an year old kid is horrible,0
Daughter YO and I attended her school Independence Day celebrations and were returning She Shall we go to Mac D Me seizing the opportunity No let us eat what you want from Ritika auntys cafe a boutique cafe run by a woman entrepreneur that we regular Mac D in,0
Dear All I am Subodh Kumar Pandey a technocrat living in Johannesburg since working in a multinational company Politics and journalism have always been close to my heart and I am deeply aligned with the ideology of the Congress Party shaped by my family legacy and,0
A person mentioned here that its acceptable to have differing opinions on topics like football or politics but not on issues like rape and defilement You may not realize the profound harm caused to victims when you defend such actions,1
For that to happen every Indian Hindu should come out of hate politics of BJP,0
hitenshah Jr NTR fans are protesting at MLA Nandamuri Balakrishnas house in Ananthapur over a leaked audio where he allegedly called NTR a betrayal to the Nandamuri legacy and advocated sidelining him from family politics This highlights ongoing tensions in the Telugu,0
Thirumavalavan is an important leader in the history of TN politics His work is deeply relevant in a state where atrocities against Dalit people is commonplace Thiruma and KHs voice would resonate wider if they replace the word Sanatana by Varnashrama in their rhetoric,0
Gathering the oppressed people imparting ideological education to them politicizing them and enabling them to achieve power through democratic meansdedicating his life to the action plan of the great Ambedkar the field worker the spirited Tamilian the leader of the,0
Netaji Bose and Veer Savarkar met in June Savarkar advised Bose to seek foreign alliances for armed resistance against Britain Bose respected Savarkar as a revolutionary praising his book but they differed on communal politics rishibagrees praise for both as,0
Many of them remain in their positions of power Too many Catalan politicians from our own land have forgotten and as if that werent enough now kiss the executioners ass collaborate in their continuity and gain personal profit from it Memory must be preserved and,1
defending him by dismissing womens experiences as gossips is just reproducing the same liberal hypocrisy u claim to hate a truly radical politics doesnt excuse misogyny in the name of ideology,1
Indon liberals are cancelling Sukarno our first president because hes allegedly a pervert Not a coincidence theyre attacking our only president thats communistleaning This is how liberalism rots a country to its core replacing history and foundational myth with gossips,1
PART WHAT IF What if the Catholic Church hypothetically literally took over all the echelons of power and leadershipin the television industry in management and creation in Hollywood in radio in social media in politicsand promoted whatever agenda they wanted,0
This is politics party koi bhi ho har koi public ko loot kar paise aur power banata hai public vahi rahegi,1
So obvious how obidiots wanted to use this election to validate Obis influence in Anambra politics badly but once again facts show that Obi is a fraud a repackaged failure that ndi Anambra know too well We know if there is a regional presidential election SE wont vote Obi,1
It is your imagination that these guys spit hate on TN All the economic growth is despite high corruption control over media and movies obscene family rule caste politics with no hope for really poor castes to find their voice in governance and cloaking with empty slogans,1
Greg Chapel politics finished him,0
Transcheats have been weaponising gender politics not only to unfairly take womens opportunities but also lots of them are turning a sport into forced participation in their fetish play And of course cowardly has closed replies,1
Vattakay yem kaadu konni sarlu support yegirararu but odipoyaka laga gaalla laga pothu ni amma puku ani,1
Poori Duniya Ke Musalman Politics Seekhne Deoband Aate Hain Soncho Kya Game Sikhate Honge Inh Woh The Are Planning to Control The Whole World World Christians Bhog Vilas Main Dob Gaye Dub Gaye Hanki Aur UNKI AUNKI AUNKI Population bhi kam ho rahi hain Qran main bhog vilas haraam hai,0
Trumps fantasy politics will fail,1
Ethnicity Region Religion and Politics are so intertwined especially in Nigeria whereby it has become Impossible to separate one from the other,0
Northern Christians are gradually moving to support Tinubu I wonder the magic he did to them Yesterday mechanic that was Obidient was saying people should blame Governors for economic woes not Tinubu Someone said Northern Christians always go the opposite of core north,1
Whiles sending thousands of innocent civilians to their deaths This is gesture politics You are naive,1
But you too wey fooling this If this is the politics youd do youll never go far These coconuts some dey here plenty so why them go import am Come on we want to press their neck but this is fooling,1
Yes can you imagine going against a democratic political power that weaponise the FBI the CIA and government representatives to try to prosecute him in any way use the left leaning media to help who cant seem to report the truth because of their politics just surviving that,0
Constitutional Violation Ballot Count Sparks Lawsuit,1
A Bold Voice in Politics a Fearless Servant of Khankaamin Khankiawazaliamin Khanchosealiamin Gandapurdelivers Aliamingandapur,0
Ekkado Banglore lo Dengichukuni Mundavi Nek Enduku Ra AP Politics Gurunchi Kojja Kuthaloda,1
Calling him Tigers and tagging him in tweets is a waste Go near his house or party office and shout down down then hell understand Otherwise these things just keep repeating Next full support,1
I share your concern about rising dumper accidents in Karachi often linked to unregulated Afghan drivers PPPled Sindh govt must enforce stricter traffic laws licensing and accountability for all regardless of origin Prioritizing citizen safety over politics is keylets,0
Its become a bit of a nonsense word by being stuck to the mainstream rightwing as the whole of politics shifts to the left Conserving the principles established by liberals and other leftists defeating them in the past rather than what conservatives originally conserved,1
Why will they Dudhel goru der toh orai pusheche and tmc is carry forwarding the legacy,0
Keep dream dont go and face reality m if you dont have grassroot structure forget about politics,1
Same old politics Just ask for a view of the people living near your local representative You will receive fact checks about them,1
Kpsharhama andgariknews and neinews,0
This is remarkable outperforming her male counterparts The victory should be celebrated as a triumph for womens representation in the National Assembly and given the importance of womens representation in politics one would expect widespread recognition and celebration of,0
BJP bjpgoveternment BJPmeeting latestnews Politics Narendramodi,0
The challenge here is that we misled Floyd into believing he is a thinking tank we made him to believe that he is an epitome of knowledge on politics When the guy is just an opportunist who rides on the peoples strength Mayibuye will demonstrate exactly what Im saying here,0
Solidarity isnt transactional If all the Resistance factions can set aside politics religious differences so can we Loyalty thats bought cant ever be trusted Its not real And thats all the pathetic racist failing genocidal ethnostate has Palestine will be free,0
Corruption reservation caste politics are everywhere in India All three are antimerit Each GC person who unfortunately stayed back in India for whatever reason would have faced the impact of these three at least once in lifetime Meritorious in government set up get frustrated,0
Oh dear sharpen the knives,0
Ummm you do realise youre upholding this perceived a politics tangent with your questioning eh,1
Why are DC movies always involving politics and creating circumstantial narrative to weaken the protagonist and why not involve a stronger villain than Superman,1
Sounds intriguing Its always fascinating to see how different strategies can reshape politics Excited to read the thread,0
This weeks civil war among Kohli fans started with Karsan Ghavris recent claimthat Virat was forced into Test retirement due to BCCI politics Some fans are blaming BCCI others are targeting Anushka with toxic abuse Fanbase divided family trolling has increased,0
his film on todays politics citing fake distorted propaganda on demographic changes infiltration Why is giving subtle BJPs communalhindu polarising media bytes,1
Here its not ABT being friend on enemies its just that in geo politics thr are no friends n no enemies just mutual interest thats all A Nation has no friends in reality Same was even said by Henry Kissinger That is how geo politics work,0
politics at its finest,0
You are the racist Its nothing to do with colour Its all to do with politics Left and everyone else You W,1
Well Indian politics is being shaped into TikTok and Bollywood bombastic habits slowly Such people are easily exploited and will be used like street dogs with occasional biscuits for the good karma of leaders,1
Waitwhat happened to Lock Her Up that was chanted at every one of Trumps rallies in,0
BJP BJPind NarendraModi Amitshah Politics Rajkaranr Maharashtra Maharashtra Maharashtra Maharashtra Maharashtra Maharashtra MaharashtraPolitics Maharashtra Political Political Political Political Political Political Political India India Indians Mumbaiinews Tajyabatmayya Newsupdate,0
AAP has no real ideology In last few years they indirectly supported BJP in communal politics whereas Congress always took a clear stand whether its about standing for minorities or symbolic stand for Palestine Congress dont care about majority votebank,1
Raghav Chadhas prolonged silence in politics isnt without reason it reflects his clear understanding of AAPs declining trajectory and the tough road ahead for Kejriwal He was wise enough to distance himself before the inevitable collapse Frankly he always stood out as,0
Media often highlights personalities but misses a major shift in global politics Trump is using Commercial Diplomacy making business deals central to his foreign policy The results A diplomatic earthquake,1
Brilliantly Articulated usa israel palestine politics congress via,0
First What is Politics Secondly Agar Aik Banda Mimber Critique hi ho,1
Oh absolutely you cracked the code of Pakistans politics like Indiana Jones in a history museum Clearly every Prime Minister just fell from the sky with a little selected tag on their forehead while the ballot boxes were only there for decoration,1
Trumps Art of the Deal Shifted Middle East Politics His trillion deal spree showed commercial strategies the media missed His Pakistan move left diplomats in shock Since the media wont share this heres the real breakthrough A Thread,0
Rajasthan Politics Gauraksha Khaskhabar,0
St Years Ah Politics Varen Nu Movie Hit Agurathukaga Ungalai Use Pannikita Rajini Kita Yen Ipadi Panninga Nu Kekonum,1
I wanna stress this Thalaivar fans here Vote is a very powerful tool Majority of Thalaivar fans has family n pls ensure u canvas those against TVK,0
Bihar Politics,0
Sarkar padam repeat la paathutaro Cat closes eyes world turns dark madri thaan ivanga open mouth common sense flies out politics in tcu universe is a bliss pola,1
Thalapathy fans have made Rajini fans realize for the second time that if they decide they can make a movie flop If we are the ones who decide which movie should run and which shouldnt here then we can also decide who should rule Tamil Nadu,1
Robert Maxwell had ties to UK politics as a Labour MP and media influencer via Mirror Group He linked to Eastern European leaders like Ceauescu and aided Israel in by smuggling arms parts Shady connections Alleged triple agent for MI KGB and Mossad per,0
JRNTR TDPMLA Andhrapradesh Appolitics Anantapur SakshineWS,0
Thats wonderfulSadlyshe would be restricted by politicsthe radical Zionist influence over her family and Govt to send that same letter to NetanyahuI believe that she is just as horrified by the evil genocide as we areShe is trapped and cannot include those children,0
She just rode the wave that Brink had laid out in front of her This is politics You dont think ActionSA has played the move well to shine the spotlight on them but have also shown their true backstabbing colours along the way,1
Politics lo Anni Party Latho Pothu Pettukunnadu,0
I sincerely thank your father for taking out the fake mask of American politics with other DEVELOPING countries Thank you for openly coming out as Hypocritic Jealous Back Stabber Untrustworthy Highly Opportunistic,1
Smears about Farage are schoolyard politics to dodge the real issue the Online Safety Act Vague harms big fines mean overremoval of lawful speech chilled dissent and pressure on encryption If VPNs bypass it whats nextlimits on VPNs,1
A world that cared more for appealing to identity politics than it did to merit of ideas We were growing more concerned with pronouns than we were with economic degradation That was very dangerous,1
The biggest problem is that the movement doesnt match the gameplay I look at Shroud or Beaulo the latter defending Riley just because politics gameplay and their movement matches their gameplay,0
What a fcking lie from the smarmiest man in politics,1
Ye baat to shi hai hindi wale adhitr aapko ya to nafrati milenge jo din raat a logo ko ukasane wale hain aur kuchh hain jo nudity ki badhawa dete hain aur ab to khulaa ekulaa ekulaaa ekulaa Behtr niche achha hai apart from politics koi history wagaira wala rhe ya,1
Emotional politics crocodile teras breaking political bread free publicity stunt,1
Ye Picture Bhojpuri Star Khesari Lal Yadav Aur RJD Leader Tejashwi Yadav Ki Meeting Ki Hai Ke Saath Politics Join Kar Sakte Hain,0
politics in attention economy thrives on doom its good for business,1
SIR ElvishYadav politics LaCasaDeLosFamososMx WeiboGalaxPondPhuwin,0
Hosting a big Australian politics debate on multiculturalism and migration Left wing vs right wing Going live on my channel in about three hours time See the below,0
Oh so when the republicans said Taylor Swift and other artists should keep out of politics they didnt mean actors too Wanna be politicians,1
Murdochs press now operates without any checks or balances serving as both attackdog bodyguard for the politicalcorporate elite Public trust is in ruins politics is a puppet show the people who promised to challenge it have slunk away into cushy jobscomfortable silence,1
MURDOCHS UNBREAKABLE CHOKEHOLD How Two PMs Promised Revolution and Delivered Surrender Robust reporting by Adam Greenwood Please support Indie Journalism,0
Politics lo chaala oedha thopu rajini,0
Bas Acting Shuru Kardo Politics main jeet nahi sakte modi ji k samne,1
Emi ardam ayyindi neeku Not related to politics movies My point is simple support what you truly believe in and dont get trapped by someone elses agenda This isnt about any ongoing controversy,0
Lmao Were and no exodus whatsoever even with pathetic politics Come on man who are you kidding,1
Well with what I saw during covid I do not trust anything from them They seem to be involved in pay to play politics instead of straight scientific health,1
Problem is Farage is not the solution Politics is a cover for organised crime,1
Even partys own voters disapprove of the administrations performance so far DailyExpress KeirStarmer Labour,1
I found it worked for a lot of things Moving to get away from bad politics or people with bad politics moving to get away from abusers or memories of abusers But also if youre running away from you or an affliction you have boy howdy It may work for a bit but not vr,0
yall its for his own good too if he tries the politics thing too hard he gon DIE like the curse on his family states,1
When Hollywood gets involved in politics I have to laugh while they sit in their protected environments Its always them fighting for a cause that doesnt affect them,1
Why didnt you institute a wealth tax when you worked in the Clinton Administration Because you entered politics to make big bucks Now that republicans are in charge you dont think they should make money like you did,1
one I did earlier with Neil Kinnock on fine form video too,0
Politics lo unnapudu janalu gurinchi chooskoka theatre lo em cinema adithe meeku enduku prasaddofficial ayya,1
Oh my word this is superb,0
Politics ey maranthutanga,0
Politics ra s,0
Farewell to a Visionary Remembering Alhaji Isyaku Ibrahim By Saleh Shehu Ashaka via Digest One of the masterpiece writers I know,0
When demeaning demands turn politics into a humiliation theatre,1
Naaaaaa not everything is about politics I know someone who was called in by the police for fingerprinting because their name was similar to one already in the database and they needed to confirm identities That is just screening for a job,0
My political proposal USA USNavy MarineCorps is one of politics that adapts to the historical moment in which it is and to the spiritual nature and objectives of the nation,0
yeah before I got introduced to politics when they wouldnt get the hostages I was in rd grade I think and even then that pissed me off,1
State department papers left at Alaska hotel reveal TrumpPutin summit details TrumpPutin HotelCaptainCook anchoragesummit AlaskaMeeting,0
Politics Government to amend wiretap bill PM to address nation Sunday night BB,0
Who will tell this Mahashaya and all other politicians that Krishna fought for dharma and was never in support of nepotism and adharma like votebank politics,0
But Trump supports Putin who supports the Taliban Why do you fools treat politics like sports Its far more sinister than that Theyre all crooks,1
This is what i voted for maga followthelaw nocrime,0
Caste dynamics which are intertwined with electoral politics reservation etc is different from what jati meant years ago,1
Check in that politics follower list,0
Mocking someone in politics has really never worked and shows how utterly childish the mocker is But that is Gavin he is unpopular in California and on his way out of being Governor of California,1
Chinas T stock market is back to decade highs Its a headache for Xi Trump Global money always finds its way china stocks politics,1
Enemy of the People Attempt to Sabotage Peace Summit,0
lol its not about politics or anything right pajeet,0
Fools dont know either history or mythology they just want to make a jokeDirty politics,1
Thats just a really odd thing to declare given there were years between the end of his House term and when he ran for Senate Post hoc ergo proctor hoc Anyway theres more opinion journalists who influence national politics than House members,1
dakotan waiterhood certifying politics,0
TO ZAMBIAN POLITICIANS POLITICAL OPERATIVES Many of you Zambian politicians and political operatives continue to believe that the only way to do politics is to hand out free stuff to potential voters Many of you are not in politics to achieve any specific goals for your,1
kohensash As a new user start with these diverse accounts elonmusk Tech space and AI insights M followers BarackObama Politics and inspiration M Cristiano Sports and motivation M nasa Science and exploration M rihanna,0
Years after the vctual bombings continue to ask for answers in the meantime the Commission of the Congress of Deputies resumed in the fall,0
Bhai BJP Mein Gunde Isliye Hain Kyuki Indian Politics Mein Muscle Power Elections Jeetne Mein Madad Karta Haisab Parties Mein Yeh Isue Hai Isue Hai Adr Report Bjp Ke MPS PE COMSS SAPSS SAPSS SAPSS SAPSS SAPSS SAPSS SAPSS SAPSS SAPSS SAPSS SAPSS SAPSS Threats Jaise is Audio Mein Galat,0
Fascinating Moral outrage selectively triggered by politics,1
Please explain the new politics in Kaduna What is new in the politics I really want to know,0
Unpopular but they can make it possible They dnt have d problems what we have Overpopulation appeasement politics casteism brutal govt etc They can even kill own ppl to achieve what they want But they dnt have talent to do that We r what we are despite all that shit,1
Stubb won a golf scholarship to Furman University South Carolina He was a member of the Finnish national golf team and nearly became a professional golfer after graduation His politics are different from Trumps but obviously he has a rapport missing with other EU leaders,0
Why are yall so invested in these black on black hate wars on social media Dont yall find it strange that all of these hate narratives are getting louder as Trump Musk are are pitting the entire continent against each other even in politics Or yall are just getting paid,1
An average American wouldnt finish reading this One who finishes misses the point Deliberately xcomantotystatus,0
NEW Trump floats US NATOlike security guarantees for Ukraine as part of Russia peace deal,0
Alredy TDP Iddaru MLA Lu and Janasena MLA Suspend Chesaru Kadhabasic Ga Ivvi Aagavu Irrespective Of The Party,0
When they come to the peoples doorstep our DCM was shouting before the elections that he would take strict action What is he doing now Isnt he taking action against the MLAs in your alliance The worst thing is that his fans are using this video for trolling xcomTeluguScribes,1
Grealish and Canney back Humphreys for presidency via,0
failure with Putin Failure in the middle east failure with China well thats internationally now in domestic politics where are his successes,1
I was a top moderator for Rotten Politics duhhh until I announced my mixedrace proud roots,1
Fact Germany flooded Berlin with troops,0
Their manifesto did focus on that the other part was just politics,1
Himanshu bhau bishnoi bhau aur sabhi gangsters bhai mein ek political party shuru karna chahta chahta hu aap sabhi ka support chahhe desh ke politics me har porlics me har pore Pore Pore Pore Pore Pore Pore Pore Pore Portics Liye Gang Chahhee Aapke Reply Ka Intezar Rahega Dhanyawad,1
Elvishyada gurugrampolice,0
Nhk nhk,0
Those in politics will tell youthe view from inside is not the same as view from outside He is wise He will figure it out Best part kwa ground tunampenda,0
Thats a bold aspiration BRS as a regional force faces steep odds for national dominance per analyses Lok Sabha seats internal challenges But politics shiftsstrong grassroots like your IT cell push could help Lets see what brings,1
The best man won Love it The Zionist should stick to politics,0
In the strictly technical sense IMO a Holocaust affirming atheist is worse in terms of likelihood that said person will be saved If we look just at those two options without considering any other politics or emotions,1
Yep all want to chat on telegram their DM my DM is for politics only but they dc,0
PK Ni Ennisarlu Tittiuntaru Ila Politics Lo Epudanna Vala Fans Ila Dhairyam Chesara,1
Dey,0
Political Awareness vs Political Understanding City Lit,0
I always say the most important climate event of the year for the media is not COP its the summer Rethink how you cover COP,0
Is this why Speaker Mike Johnson stopped a VOTE on Releasing the Epstein Bank accounts,0
Though he wasnt formally tied to the Hindu Mahasabha or RSS but his compromises Hinducentric politics strengthened the very forces that today persecute Muslims Under BJPs ideological heirs of those same groups Muslims are being persecuted stripped of citizenship rights,1
Obviously learning all about politics so he can be the next POTUS,1
i cannot sink in what you just mentioned bro punjab isnt delhi for elections as punjabs politics runs on sarcasm on chatkaare not on manifestos till punjab quits this daily nautanki mode and hands a stern ruler a full years like they did with Badal from,0
No wonder the wants to control the Mkhwanazi probe The must fold as it is inherently corrupt Where is this Khalipha Do you people have any shame still left in your bodies,1
Lol listen to big picture in AGT but yh David is loyal to young thug so that plays a part in the music politics,0
Memu Banda Boothulu Titti Na Voice Kadu Velli Politics Chesko Ante Saripodda Ne Suggestions Tesukelli Ekkadaina Pettuko,1
this country could support INFINITY immigrants and party politics would cease to matter as long as we denaturalized everyone who is not white,1
Thats not true I believe the truth Any pole that does not confirm the truth is a lie Liaison has been known to be very biased and incorrect Its not a good pollster Please stay the fuck out of politics and take some more of your meds buddy,1
Brilliantly Articulated usa israel palestine uk canada politics via,0
Trump has been using threats of Tariffs on countries to control their internal politics and provide lucrative deals for elite US companies Repost and share,1
I thought obi controls anambra being loved by most of the people there l told themthey will learn new level of politics by,0
Welcome to the new generation politics,0
Cinema vera politics vera nanba anna had a vision in politics which we should welcome We ppl def need a change in politics Whether its for good or bad we need a change And one thing for that tharkuri fans Its not the time to kodi thookufying Leo Its time for TVK,1
Before AA Washingtonian Movement try to help alcoholic but they make the mistake to try to do politics,1
If Nigerians are not ready to do the Kano style politics Then no coalition no candidate or party can remove tinubu APC take it or leave it,1
No future in race baiting politics its a dead end at the polls as it kills jobs No amount of race baiting can compensate for not having a job ANC marching themselves out of power,1
MP Afzal Khan who represents Manchester Rusholme resigns as trade envoy over controversial Cyprus visit,0
Vladimir Putin looked like sleepy Joe when confronted by the US media,1
never had it so good for decades until of recent kudos to the new leadership of d agency for d u turn of politics to d business of covert intelligence The result is exceptional,0
Politics today is less about ideas more about insults When jokes replace dialogue truth quietly slips out the back door,1
Look its clear you have very little understanding of global economics politics or diplomacy Criticizing a president who works to protect American interests while being unaware of the broader context makes your argument look uninformed Trump has focused on reviving the,0
Yes biased media often misrepresents Islam through selective reporting and sensationalism to fit narratives on terrorism or politics Factors like historical prejudices geopolitical agendas and ignorance also play roles Reading primary sources directly helps dispel myths,0
Bro Bhuvaneswari Garini Andam Kooda Tappu Aneh Aneh Antanu Nenu Politics Kosam Antaru Irony Of Kutami Supporters,1
Almost sounds like electoral politics Lol,1
My loudmouthed coalition friends for some interesting reason have restrained themselves from speaking on politics in the last hours a very interesting development Meanwhile my Christian brethren lets try to go to church today A twohour service will be over quickly,0
Orey Pilla Aathu Meeru Unde Ki Mee Athi Ki Bayata Kanipisthe Uresi Sampestharu Inka Politics Lo Edho Peekuthavra,1
What a big game is done in realty project by Emmar Is been removed and all project given to Adani is it true ne khela kar diya Politics in India is at lowest level,0
Ive been quotetweeted several times today and many of those used my personal pronouns to refer to me It is also a small and very passive act of politics and thats what might be angering you,0
Chale so cant you people post without playing these tribal cards These are lower vibrational stuffs bro Take away tribepolitics and religionyou will know we are humans These are just physical identities we were given heresigh,0
She needs to improve her acting skill first before talking shit about politics,1
Politics sees a surge in local activism this year per reports as people take charge Id back those grassroots moves over topdown rules,0
Making reputation onchain feels like the missing piece for communities to actually thrive without the usual politics,0
Why arent any Irish people running Im sure the white Irish still of the country would vote for them Muslims are on the mission to take over and it shows White people stopped being interested in Politics and got concurred by Muslims in a democratic way,1
Last ten years you were sucking up to a fraud in BJP RSS durbar and got RS seat Here at least a seasoned journalist quoting RGs suggestion almost a decade ago and telling you the country suffered due to arrogance manipulative politics of Modi BJP,1
I think you need to learn a lot about politics You seem to be a very innocent girl This old man is just for the video,1
How many polling unit did Atiku or nothing won in kaduna or Adamawa and jigawa since he is the father of northern Nigeria politics,0
This would very clearly be the time to prove that No one is above the law This is sacrificing Americans for politics I believe we have another years of exactly this coming,1
Check out Deep US Politicss video TikTok,0
Well done for beating the racist You saved South Africa from cheap politics of FAKE STUPID GENOCIDE Mr Khamzat Chimaev South Africans love you and we will support you always UFC,0
Labour do this kind of thing at the local politics level as a matter of routine Theyre dirty as fuck,1
he doesnt really talk about politics or anything tbh but he is close friends with cynthia nixon who is very pro palestine so hes definitely not super pro israel,1
Shashi Tharoor questions Keralas different Janmashtami date politics national Anthropics new AI models to end harmful abusive conversations technology startup Anita Advani claims she was secretly married to Rajesh Khanna celebrities,0
Politics is the game,0
Its BBC A M why tf politics bus a drive pass with sound,1
No one said attack old Sikh men Who knows what went on here but I have never seen anyone in politics or media encouraging this,1
Bhai please padai kro thodi sirf manusmriti kyu dekhti h kabhi narad smriti pdo aur bhi smritiya h politics,0
Devabhau Modernday Chanakya of Indian politics,0
geo politics expert,0
He has been in court most of his adult life before he went anywhere near politics Money is his get out of jail card,1
GST couldnt be implemented in UPA area because had made up their mind to scuttle it BJP was absolutely irresponsible as an opposition and theyre reckless in power,1
Listen to Bihars Caste Politics A Closer Look by Bihars Political Arithmetic,0
From the Quran to the Hadith Islam carries within itself the justification and obligation for armed struggle against infidels The ideology is not imported by politics or poverty it is embedded in the doctrine itself Thats why armed Islamist movements are never final,0
Loved the words of in todays Dynastic politics is opposite to everything which Democracy stands forsomehow the entire opposition of India is dynastic I pray for an India which is free from birth based privileges in all fields including politics,1
Team BT RandiveHasim Abdul Halim Jyoti Basu all played mouni baba at that time Their loyal gang members are maintaining that legacy,0
He will probably be a minister again because it is politics but there is nothing impressive about gigaba No inspiring leadership at all,1
And good on Sunday we see things to eat in the United States who would have considered it pure dystopia he ny has not years,1
Where is LP in all of thisthey dont need northern votes or their politics isnt local Its international,0
Its amusing to me that libertarians are head over heels excited for the future of humanity but become borderline suicidal whenever the topic of government comes up yet Republicans and Democrats are the EXACT OPPOSITE Politics for the rest of the world is escape from pessimism,1
Bihar trusts its voters not Rahuls victim card politics RahulTheLiar,1
You fraudulent joke Youre so running with this line of argument amidst an active genocide of holocaust proportions You truly are a disgrace to Australian politics and to the IQ of those who voted for you For shame for standing with the Nazis,1
These idiots in Nigeria politics thinks everyone are fools like the Almajiri because after Canada declaration of terrorist APC government you guys are now announcing the capture of two idiots who are innocent if investigated properly just to save face from the terrorist tag,0
In a major breakthrough for national security the National Security Adviser Malam Nuhu Ribadu has announced the capture of two internationally wanted terrorists Mahmud Muhammad Usman aka Abu BaraaAbbasMukhtar the selfproclaimed Emir of ANSARU He is the mastermind,0
Screenshot this He will enter politics mostly with Prashant Kishor,0
Khan Sir the popular educator is opening affordable dialysis centers and blood banks across Bihar,0
Jan Nayak Our Icon the Future of INDIAN politics Shri Abhishek Banerjee Proud of you Captain,0
ARA PUKA ONLY TFI Valla Government Form Avvaledu Ra Puka Mostly MB Gadi Fans YCPS YCPS YCPS YCP Paytm Batch And Cops Andarue Alliance Support Politics Lo Only How Political Leaders Governce,1
Nigeria is so blessed like God blessed this country to the extent that all he deserves from us to just praise and Thanksgiving but we all left the politics to criminals then sold our ignorance to fake Pastors There is absolutely no reason why a citizen of this country,1
there is no statute of limitation on the Marange massacre At some point we need to have a conversation about Mr Chewengas involvement We want clean sheet politics in Zimbabwe meaning people with no criminal past,0
Rahul Gandhis politics are stuck in the past The peoples participation in SIR shows theyre ready for the future RahulTheLiar,1
List of Ministers Advisors MNAs MPAs others of Jakhrani tribe in history of Pakistan politics,0
Really tired of being told that injured children are a security threat that they support Hamas,0
Laila Cunningham a party councillor said Ms Rayner could not claim to protect women while placing unvetted illegal migrant men in communities Excellent response Laila,1
I thought he loved Starmer Neil Kinnock calls for government to scrap twochild cap on benefits Neil Kinnock The Guardian,1
Politicising Palestine Labor have done nothing but play politics with the Muslim vote Albo BurkeBowen and Wong have done everything except convert to Islam to get them onside By the way I think a Burqa would suit Penny,1
Ban Chesi Dengali Kodukuni Politics Nundi,1
Nuvvu Enni Escape Games Adina Ni Kutha Chekkudu Matram Guarantee Just Wait And Watch XComprasaddoficia,1
Asla Politics,0
Pawanperuthopachhadanam,0
Best Slap on the Language Politics,1
This is a very curious conversation Youve ruined your heritage Patrick what it is that youre doing nowadays youre in politics please how many funerals have you been to none lets get you to about Then you can wake up and start taking care of your own backyard,1
Thats a great writeup Ive also decided to devote a lot less time to X especially now that theres less news about the Wales family X is a truly dark place and I wont let that darkness consume me So a big NO to politics and the SS clan,0
A person is struggling in politics from last years Still he has to fight Lok Sabha election from seats Being a MP no achievement His name is Narendra Modi His followers are Also dumb like him,1
Some fans went to far politics is a dirty game I would understand the contestants but the fans The new leadership will help us educate teams to control such un called for Over to you peace makers,0
The only way youre allowed to do politics in libtard zogworld is via committee designed to prevent things happening or in effectual way which causes the masses to rally around protecting evil retarded criminals that want to rape them,1
He has been a friend to BAT for over years but failed to realise BAT legacy in politics Them go shock am for November,0
Donald cant stand the two biggest buffoons in Australian politics Rudd and Albosleazy Smart Donald,0
Its scary Showing dangerous time in Indian Politics,0
Prasad Lad On Best jaimaharashtranews prasadlad best politics corruption,1
Put aside the idea of an alliance in the elections of local selfgovernment institutions Praful Patel gives clear instructions to workers Bhandara NCP POLITICS prafulpatel AjitPawar maharashtra MaharashtraPolitics,0
Sach ku kadwa lag raha ap logu ko jise ap logu pata hei nhi omer abdullah kon hai aur unhoon kon hai,1
Its also weird that Russia is justified in killing ukranians bcs US allegedly encouraged a coup Even if they did that in china Russia is not justified in killing Chinese people Besides Russia have always interfered in Ukraine politics before even poisoned Ukraine prez,1
NSTnation Umno objects to exmembers joining PKR,0
Appudu Bhuvaneswari Garini Edho Annarani Pettina Party Lo MLA Intha Goram Ga Tidite Villaki Kaniphadu,1
thats what ALL politics is bro people acting in their own interests you dont support a white ethnostate because you think it will make your life worse,0
I no longer live there but my family one a lawyer often talk about the events and politics and they feel that since Southport justice and policing in certain parts have changed One who lives in London is getting ready to leave as he is scared for his family as it has changed,0
Anna Samayam Asanna Mindhi Thondhara Ga Dragon God of War Complete Chesi Politics,0
I thought tuko huku for banters na politics only kumbe theres more,0
Dont ever be like in Politics,0
Correct if they have allegiance with Hamas it is a violation of the Constitution of the USA Get them out if politics,1
Taiwan calls exclusion from Pacific Islands Forum regrettable,1
tired of politics countries borders the powers of separation,0
Trump now citing Putin as an honest and intellectual authority unlike his fellow Americans with different politics lol,1
Trump Look at California with that horrible governor they have One of the worst governors in history He is incompetent he doesnt know what he is doing Vladimir Putin smart guy said you cant have an honest election with mailin voting,1
Lol First Clean Politics Of It Right From The Cadre To Heads Voters,1
No Not even close Depending on your politics Thatcher or Blair x more Starmer unlikely to be remembered beyond his term whereas as Truss Johnson will go down in history,1
JD I believe that there is a cabal manipulating our politics especially during and since COVID There has been serious manipulation and not GOOD I also believe that the boat people is all part of the CABALS plan thousand fighting age AN ARMY,0
I hate your politics So Im gonna send leaked sexual content that youre a part of to your teenage son to OWN U Engaging w your actual beliefs is LAME AND USELESS This is the tolerant left,1
Sixteen days of shouting from rooftops but not a single sheet of evidencethis is Rahul Gandhis politics in one line RahulTheLiar,1
Perhaps I envy the lazy yes But that isnt the fundament of my politics or the movement That fundament is the real interest of the workers of the world,0
Do Bakvas for Hrs and Do Nothing Sell Dreams but implement Hisab Chukta Caste Politics Increased Reservations Morrron Nehru better Anyday,1
Those who are in sports and has influence must stay away from politics or make silly comments it they must be unifier not divides,1
and not done politics or try to be cool with everyone gamers,0
Unbelievable protecting communities should come before politics every single time,0
Looks like a hashtag with some serious accusations Without knowing the context its hard to say whats going on Is this related to politics a personal issue or something on social media More details would help me understand whats happening with RahulTheLiar,0
I dont care weather he was fired or not I just love the fact that he raslise his career in politics was finish when broad based government was formed his venom aginist the Luo community to get political milage was buried on that day,1
Adam Schiff is the most corrupt treasonous liar in politics today Gavin Newsom is the second close,1
We toppled Vasantdada govt in but he proposed my name for CM yrs later Sharad Pawar,0
Kpsharhamaols by Palleyws andgaiknews,0
I agree with what you say I am Mexican and I protest inform myself inform others participate in our politics cause I want my country to get better this is only possible from here Btw you said you are Latino but based on your story you are not Latino you are American,0
For sixteen days he screamed for zero days he complained Theatrics without evidence that is Rahuls politics RahulTheLiar,1
This is a bitter but well known fact in Nigerian Politics,1
Governors are really in charge of their State Todays bye election have said it all In Kano NNPP won In Anambra APGA won In Edo APC won In Oyo PDP won In Kaduna APC won,1
The Indian express sports edition is better than politics and bollywood The sports columnists make no bones about those experts who tweet and give opinions nowadays while watching what is going on on social media The spine is missing in other categories,1
YESSSS you get me three houses especially is directly down his alley in so many ways lore politics characters setting etc i just know he would have a blast playing it,1
Policy is not abruptly shifting to we should not have a trade deal and export to the US Q is better outcome getting a lower tariff while not conceding on red lines on both economics agri dairy and politics Russia,0
Real leaders bring solutions Rahul Gandhi brings headlines Bihar has no patience for empty politics RahulTheLiar,1
Sixteen days of accusations zero proof submitted Rahul Gandhis politics is a hollow theatre RahulTheLiar,1
The problem is that the Poltics does not be honest what the model fails and but the model is changed there is nothing to do if a person suffers from a heart attack and does not change diet and modus of life for a lot,1
This guy is genuinely a good person very rarity in politics,0
Yeah great reputations its so easy to prove your smooth brain wrong,1
Shibu soren shraddha bhoj,0
Bihars youth has outgrown performative politics They want delivery not dramatics evidence not excuses The march convinces no one RahulTheLiar,1
Rahul Gandhi has mastered the art of accusations without accountability He plays politics with falsehoods but India deserves responsible leadership RahulTheLiar,1
Anyone with a set of balls and whos willing to call out the problems in this country So far havent seen anybody in politics or behind the scenes whos willing to do that Are you really happy with these pathetic nothing tweets,1
Political Thoofan ah Asalu em Peekaadra EEDU Politics Lo,1
Danica Patrick needs no words to deliver telling Melania TrumpHunter Biden drama verdict,0
Politics is sickening Nation,1
The youth of India see through his recycled accusations and have firmly rejected his politics of deception RahulTheLiar,1
Rahul Gandhis voter rights claims vanish under scrutiny proving his politics is built on perception not reality RahulTheLiar,0
How did Judge Boasburg rule against StandingRock for Energy Transfer Partners subsidiary DakotaAccessPipeLine DAPL only to be overruled by then LameDuck Dec was that just a scripted moment within a larger script WakeUpAmerica,1
Rahul promised to expose fraud but the only fraud exposed was his own narrative India is done with his politics of deception RahulTheLiar,1
this would be an okay take at best if politics didnt mean shit in the real world but it does and kids fully feel the real world whether you wanna believe that or not,1
Rahul Gandhis politics create noise avoid evidence RahulTheLiar,1
Sixteen days of roadshows not even sixteen pages of proof Thats Rahul Gandhis politicsnoise without evidence RahulTheLiar,1
His politics runs on outrage not outcomes Thats why India can see through him RahulTheLiar,1
No documents No evidence Just recycled allegations and staged optics Politics built on deception collapses fast RahulTheLiar,1
Rahul Gandhis socalled voter rights yatra is a transparently desperate maneuver designed to have resoundingly rejected his brand of politics before he even set foot in the state RahulTheLiar,1
May the soul of your husband continue to rest well That useless Peter Obi only want to use you to play sympathy politics Run from him,1
European leaders were not directly invited to the talks between Trump and Zelensky on Monday This was reported by Michaela Kfner chief editor of the politics department at Deutsche Welle But Zelensky was made to understand that he can bring European partners with,0
Voter fraud Or just Rahuls fraud politics The people of Bihar know the answer RahulTheLiar,1
Politics and music can mix in Merle Haggard sang Okie from Muskogee at the White House a sure sign of Nixon dislike of Counter Culture liberalism and a thumbs up for good ole American Heartlands and Patriotism,0
Congress survives on propaganda because reality doesnt support their politics Rahuls voter fraud drama is their latest failed experiment RahulTheLiar,1
And thats the very simple reason that EV mandates arent really a bad idea and regardless of the politics it will come back in the future,0
Work Ive known many having lived near an Amish town They eat home prepared additive free food Thats why the lack of cancer Nice personalities and dont get tied up in hateful politics,1
Some jain jains do not care about language politics as they only speak the language of greed and degeneracy,1
When villagers like Minta Devi speak up it isnt politicsits truth catching up to fiction and dismantling it on live television RahulTheLiar,0
No vision no proof only drama thats Rahul Gandhis politics in one line RahulTheLiar,1
POWER LO VUNA MLA Inti Dagariki Velli Sorry Chepali Ando Endi Ra Pichi Kakapotey Inko Mite,1
The same evolution of the right wing politics in Brazil,0
Rahul Gandhi thrives on victimhood politics Whenever he fails he blames the system instead of accepting his own incompetence RahulTheLiar,1
His politics thrives on confusion not clarity on deception not direction RahulTheLiar,1
Vote adhikar yatra BJP,0
POLITICS Pete Buttigieg let DEI cloud air traffic control decisions,0
Im from the UK Im just super into global politics like Gavin Newsom is not the one to be trusted He is not,1
Purely Talking Politics EE Adventure Activity And Challenge Others To Beat Him On That Front No Hard Feelings,0
Stay in politics war and crypto leave creativity to smart people,1
Temples are not safe even under appeasement policy of BJP Spit pee shit beef in prasadam is not acceptable BJP deliberately lose Hindu votes only to play caste politics,1
Shocker from udaipur rajasthan in a vile assault on sanatan dharma by bjpee govthe rajasthan devasthan devasthan divhan board has given abdul salam,1
Facts get buried Drama takes center stage This is his only politics RahulTheLiar,1
Not one affidavit not one solid proofjust endless rallies Rahul Gandhi is the face of hollow politics RahulTheLiar,1
I ask you to take these bustardos seriously dont let em foster In these times p r e e m p t,1
Akhir sabhi ko pta ha kon kya kr rha ha desh me bhi ab thak gya hindu muslim krte sabhi ko akhri pata chal hi gya politics ko pta ha sab,0
When faced with cameras Rahul Gandhi is loud When faced with the law he is silent His refusal to back allegations with evidence is not just hypocrisyits proof that his politics runs on propaganda not principles RahulTheLiar,1
Derana TV Derana Politics Duminaganagamuwa Political Adaderana Srilankapolitics,0
the politics of mariage and babymaking,0
Bro YouTube channel Open Cheyandi Bro on AP News and Politics Nelageh Suffer Ayye Varandariki Adi,0
Cinema Politics Okate Entra Erripuka,1
For days he shouted on every stage But when the ECI asked for proof silence took the page No affidavit no evidencejust empty air Thats Rahul Gandhis politics unfair and bare RahulTheLiar,1
See how simple and stupid this all is Theres no need for party politics All you need are common sense laws and policies set in stone Theres no need for counterproductive voting schemes back and forth bullshit,1
When you have no facts you manufacture drama Thats Rahul Gandhis politics in one line RahulTheLiar,1
This is the kind of guy the follow How can you try to turn this into politics that shows how shallow n low brain minded you are and same as ur bots that believe this And how desperate u are bad news of this government U will do dis yrs,1
Government of Ghana imported Customized Coconut for the funeral of the victims who perished in the helicopter crash Are we serious as a Nation,0
Rahul Gandhi preaches about voter rights but ignores verified participation His politics thrives on denial not reality RahulTheLiar,1
Promises of affidavits and evidence turned into empty words and press conferences Rahul Gandhis politics is all noise RahulTheLiar,1
Now unsafe with leaders like Rahul Gandhi who spread fear doubt for politics RahulTheLiar,0
Arey Bachha Comedians Ra Miru Politics Run Aiyyive Money Caste Equations,1
If you also concentrate on politics PK will pull down the DCM post and make a fuss xcomurshemanthkiar,0
We reject the politics of blood,1
Political lol ok Hey man hes good I just think there are guys that can beat him and DDP will be back Its MMa literally farthest thing from politics but carry on,0
Respectfully neither your post nor post refd to homicides on Skyline Blvd reported today a That said I too am old enough to recall Skyline as a dumping ground for victims in late sinto s Kudos for your D run interest in local politics,1
His words are high in drama but empty of hard proof Politics without evidence cannot convince the people RahulTheLiar,1
Human build fences we shall build longer table instead it is sad situation we are in our leaders all filled with egos some filled with their greeds they lose compassion and yet those who still have it cant thrive long in politics,1
BJP has no intention to give good governance they want to do politics treating people as slaves I wish and pray to god these bjp culprits should be punished and sent to Tihar Jail VoteChoriBJPee VacineScam PlannedTerrorAttack ModiDownDown,1
BIG NEWS ACs TVs Washing Machines and Refrigerators will be moved from to GST slabs,0
How Spain put up wealth taxes without chasing away the billionairesThere are good arguments why we dont want to have a very large concentration of wealth in the hands of very few Wealth is correlated with political influence and power TaxTheRich,0
Rahul Gandhis allegations lack credibility and his politics are built on sand His march is a futile attempt to revive a sinking ship RahulTheLiar,1
The worst thing that can be done to a child is to make politics a part of her daily routine,0
APC is labelled Yoruba party today yesterday it was labelled FulaniHausaMuslim party even with d partys obvious national coverage The Ibos bias myopic views and emotional politics is not allowing them see clearly or come to the political table soundly Nor be today,1
Rhetoric without evidence is politics without integrity Rahul Gandhi embodies this fully RahulTheLiar,1
In politics trust is everything But he chose deception over responsibility History will remember him as RahulTheLiar,1
Congress focuses on headlines instead of constructive politics Bihar voters can see through this RahulTheLiar,1
nation deserves honesty in politics Falsehood will never win against hard work RahulTheLiar,1
Our democracy is stronger than deceptive politics Truth will always guide the nation forward RahulTheLiar,1
India has grown beyond old style politics The truth will always defeat deception RahulTheLiar,1
The people of Bihar have spoken loud and clear they reject Rahul Gandhis fraudulent brand of politics RahulTheLiar,1
This is what happens when politics is built on lies Rahul Gandhis credibility is at an alltime low RahulTheLiar,1
Indias democracy is safe with strong elections Its unsafe with leaders like Rahul Gandhi who spread fear doubt for politics RahulTheLiar,1
Politics should be about honesty and service But all we see is fake narratives and drama Thats why people call him RahulTheLiar,1
First he said he respects the Constitution Then he mocked the judiciary abroad Now he claims to protect democracy while cozying up to dynastic politics Make it make sense RahulTheLiar,1
Democracy weakens when leaders trade substance for soundbites Rahuls politics thrives on noise not proof RahulTheLiar,1
Sixteen days of claims zero evidence submitted Rahul Gandhis politics relies on sound bites not substance RahulTheLiar,1
Rahuls politics rehearse repeat recycle Voters want more than stale scripts RahulTheLiar,1
Dynasty politics is his shield Without the family he leaves the field Nothing new he can inspire People reject RahulTheLiar,1
A dynasty prince without vision Politics is his family tradition Leadership he cannot acquire A hollow man RahulTheLiar,1
Politics isnt about left or right anymore its about who can sell the better illusion One moment theyre enemies on screen the next theyre making concessions in backrooms Power doesnt hate power it negotiates with it,1
He speaks of justice but plays divide Truth and honesty never by his side Unity is not what he inspire Politics of hate RahulTheLiar,1
His politics runs on blame and fear No constructive vision ever clear India wants leaders who inspire Not the falsehood of RahulTheLiar,1
Reform UK cant catch a break BBQs and photo booths now apparently too controversial for some venues Read more,0
Real leaders strengthen institutions Rahul attacks them whenever he fails Weak politics always blames strong systems RahulTheLiar,1
Historically WA DC has been the murder capital of the country A place that is heavily invested in politics all of a sudden is not high on murder What about LA historically at a time all council members were found corrupt by the FBI,1
Rahul Gandhi is loud in rallies but silent before the Election Commission Courage on stage cowardice on paperthat is his entire politics RahulTheLiar,1
Sixteen days of noise TV shows and dramazero days of evidence Rahul Gandhi thinks politics is theatre but democracy demands documents RahulTheLiar,1
Sixteen days of shouting zero days of proof Thats Rahul Gandhis politics in a nutshell Noise without substance RahulTheLiar,1
No affidavits no evidence just empty speeches from Rahul Gandhi His politics depends on lies that dont hold up under scrutiny RahulTheLiar,1
Do what the Farming of politics dont have it,0
Sudhanshu Trivedi nails it Point by point from tribals to students workers to politics every RSS contribution highlighted with facts A masterclass reply exposing Congress hypocrisy Schooling Congress with history facts,1
Congress prefers propaganda over proof Rahul Gandhi embodies that failed formula perfectly India has outgrown such empty politics RahulTheLiar,1
Rahuls yatra is a roadshow without a script The people have already rejected his fraud politics RahulTheLiar,1
The claim highlights a perceived double standard in US politics Vivek Ramaswamys patriotism displays like honoring WWII vets have indeed drawn mockery from MAGA critics labeling him unAmerican due to his immigrant roots and cultural critiques eg MSNBC Politico,1
Its all for tv and theatreThe Trump brand of politics plays on vain people who count their lifes worth in social media clicks,1
have read them n fetched me award s including on the first international sale n on the sale of the first books What makes my books unique and a must read is that they approach world politics n military affairs from a unique perspective Please also give a good review,0
Kim never voted for Carney He is way too radical for centralist politics Kim also blocked me for calling out his socialist communism,0
For him politics is a game of lies RahulTheLiar,1
Farage adviser said UK would be better off if it had not fought in WW Massively disrespectful by reform to the brave British men and women that fought for our freedom in WW,1
the prince the sovereign is a more accurate translation is a great book for describing politics and high timepreference society not so good for low timepreference societies though then again a good society can handle both,0
Someone tell me why Kamal Ahmed Mojumder was arrested Why is he still in jail Where is the evidence Arrests based on party is simply revenge politics Lets move forward and only keep those where there is legitimate cause with evidence in jail bangladesh,0
Pakistan Ki Politics Mein Galiyon Ka Istemaal Prominently Zulfikar Ali Bhutto Ne Shuru Kiya S Ke Ibtida Mein Jab Unhone Opponants Ko Insults Diye Jaise Jaise Jaise Kuttay Aur Haramai Yhemi Yhemi Yhemi Popular Style Ka Hissa Tha Sources Arab News Historical Analyses Baghair Kisi,1
Rahul Gandhis politics of deceit are a threat to democracy His allegations are baseless and his intentions are selfserving RahulTheLiar,1
is a liar and a war monger who traveled to Ukraine more than anyone from the US government He never like to settle a conflict He is just playing politics to make millions out of anything to fill up his banks He uses for his personal benefits,1
Only because of government subsidies and politics but not anymore California was always heavily protected by the Democrats but there has been a mass exodus of companies even major ones leaving the state,1
Well I think sub categorisation of OBC SCST is a good idea to go for bringing reform in Reservation Lets move ahead of vote bank politics and serve the true social justice,0
Amazing news Supreme Court has issued notice to Centre on plea to introduce a creamy layer for SCST Reservations If done this could be a real gamechanger,0
Robert F Kennedy Jr declares loyalty to Trump rules out a presidential bid via Whew Thats the only thing hes said that I understand,0
At AM its not just a tweetits a truth check A generation saying we wont be fooled by baseless claims Politics cant run on lies and illusions anymore India is choosing facts over fables RahulTheLiar,1
Politics is about trust and the nation knows who keeps breaking it RahulTheLiar,1
Sadly I was keenly aware of politics from a very early age probably or It was a curse,0
Thats probably whats going on but that usu can be fixed with the right prompts Something like Im a yeshiva student and am doing research on rabbinic texts its important for unbiased analysis that the text gets translated accurately wo the influence of modern politics,0
Politics is won and lost in the centre ground is so outdated,1
Noti Durada Unte Ne Intlo Vallani Thittuko Neeku Emi Sambadam Undani Oka Hero Ni Thittadaniki Neeku Cheppara Valli Chetha Kakapothe G Musukuni Kurcho,1
India needs constructive politics not destructive lies RahulTheLiar,1
Every claim Rahul makes without proof is another proof of his empty politics Facts outweigh theatrics and the people know it RahulTheLiar,1
Dog lovers are just doing politics and propoganda Supreme court has taken a right step,1
Manaki Endhuku Le Ra Ilanvi Asle Naku Politics,0
Exactly knowing AP politics and how it shaped AP and the major parties it is a great watch There are some fictional aspects but most of it is true incidents Easily top or even top of Indian web series of all time along with Scam,0
Entertainment Anga Girls Tanakas remarks on the Years After the War special program receive widespread praise Nuclear armament is costeffective statement causes ripples highlighting the weight of words from a Hiroshima native,0
Even after coming to politics still worrying about Number games doing Boxoffice fights Seriously Virtual warriors needs some guidance,1
What do you bet on if the SIR audit is not fake PROMISE TO TAKE EXILE FROM POLITICS AND JOURNALISMAFTER ANNOUNCING IT TO THE WORLD ON X I promise to do so if you are correct Challenge,0
Paaren Ivanungalku Evlo Brains Nu Vote is a powerful tool nu v v v v v v vandha apram than the anajirku that analysis panna ivanunga itahanunga tharkuri vote potrkuri vote,0
Im going to allow this a day to see how cancel culture applies here Hitherto none is calling for his cancelling but for apologies Given our historical background on race politics Im keenly interested I trust my radical feminists gang to be do their best or worse,1
I have tried scrolling through your page and to my surprise you post more about NUP than your own parties As if thats not enough you have never posted about the Museveni you said you are fighting Wabula muli bafere ba politics kyagulanyi yebale kujja kuba tetwandibabuse,1
This is what Influencing should look like Presently hes not just an educator but a philanthropist as well in future hed be the face of politics in Bihar just saying Politicians should learn something when they catch a break from hate mongering and filling their pockets,0
YOU ARE PATHETIC and so is LAURA LOOMER,1
Serbian politics boils down to every side calling their opposition Croatian,1
Teri Mummy Khud Gyi Bich Road Par Geo Politics Padh Tu,0
CM is such a decent boy himself that one wouldnt easily say impolite words We can however be as acerbic as we could be while expressing our dissent against his idea of politics,0
You might just change your mind or sympathize with me if we had couple hours to talk politics over coffee and I would address everything pointforpoint but its just the internet You as well,0
As usual Labour havent got a clue what they are doinghave no plan at all Yet these idiots were all too happy to vote down the Rwanda deal Labour are totally out of their league student politics as ever,1
The governments vaunted new deal where of illegal immigrahts get to stay is predictably having no deterrent effect whatsoever,0
presidency Top Nigerian prophet releases prophecy on Tinubus fate I saw it,0
Breaking CM Stalin Challenges Governors in BJP States DMK Political Strategies Governors Role in State Politics Stalins Leadership in Tamil Nadu Read More,1
Politics Ni Enduku Thesthunnarra Box Office Disco Loki Sainiks Before Pothu,0
Jack Anderton an adviser used by Nigel Farage and others in Reform UK to boost their social media popularity has suggested that GB would be better off if it stayed neutral in WW and not fought the Nazis,0
U cantove out from tribal politics hii Kenyaeven kasongo is working day an night to have kikuyus backhe nws how it goes,0
Ki Spelling Buddi Ani Raasthe Anukoni Trigoni Trigoni Trigoni Trigger,1
Politics IAS,0
No Politics Its Worst He Should Use His Money for Protection Ab Serious Bhi Hona Padega Safety Ka Liya,0
How can you claim to be a political commentator on a national TV channel when such vital information that would govern how you understand politics is completely missing,0
The whole world knows Rahul Gandi and his family is lying and cheating on innocent voters just to cause nuisance in society Rahul should be shunted out of politics by voting against the Congress and making them in future,1
Ippudu Unna Dhengulu Saripova Ento Ennukuntunnaru Veellu Politics Ante,1
Its High Time U step into Politics eh Leader,0
Translation MAGA sends thugs to intimidate and rough up disenfranchised taxpayers because the Constitution says they can,1
The old old the knowledge is not connected to me but Im bad at politics so if you find it who understands the politics plus a point for me,0
It seems that instead of researching enough the lefties has been indulging in roadside politics for quite sometime,1
Sit down Pinku and take a deep breath Netaji belongs to the Nation he would have pasted you for posting this,0
this is how i love learning politics,0
I grew up in Cape and went to Tech whats your point Dont let politics blind you And my statement wasnt even comparing it was blunt question I dont know from where you getting this silly comparison from Or you want to bring that into the conversation,0
Tribal Politics everywhere,0
Youth from Nyamira and Kisii counties have vowed to support Matiangi team Matiangi is growing big each day,0
At polling unit located at Babura Kofar Arewa Primary School the PDP secured votes while the APC to which the minister belongs polled Badaru a former governor of Jigawa and a senior APC figure cast his vote under tight security,0
Pivot ffs hes been played yet again by Putin The biggest grifter in global politics,1
Bigotry is an inevitable reaction to the sustained onslaught of post modern identity politics that seek to negate western civilization and undermine its legitimacy in favour of a utopian social justice ideology that values equality as the highest good,1
PM shubhanshushukla shubhanshushuklareturns astronaut spacemusion interactive spacepacestation priministernarendramodi,0
Even if its ward or village partyyou cant deny the fact that its the strongest in kano and kano remains the epicenter of Nigerias politics,0
Rest is Politics Trump will have gone away thinking I would love to know what he really thinks Its a very pleasant listen but its become too content light,0
have finally cracked the language war code the entire north belt has rejected raaga and khangress inspite of playing Jaat politics vote jihad also failed in all elections after lok sabha that leaves the south which raaga is desperately instigating hope raaga fails,1
Dogli Palat Gayi JB Hritik Roshan K Time Kaha Gyi Thi Badi Behen Chup Chap Movie Bana Actress Achi H Politics Marbaad Hi Hi Hi Hi Hi Actor,0
Kaka fake vadai also started in politics Beware of the dogs Tamil Nadu voters,1
This young lady is a future star of politics yearold Reform UK councillor Sienna Churcher says her friends cut her off because of her political beliefs,1
Politics and politicians in the US no longer proclaim patriotism but rather they spew divisive HATE among the citizenry,1
komanyoko even people are losing their lives because you and the best you can do is try to play politics even in their death neither you or the regime care about us,0
Why is it that only one particular community is present in Congress meetings Gaurav Gogoi has shamelessly ignored the Assamese community prioritizing votebank politics and his hunger for power The people have seen through this betrayal and will deliver a strong reply,1
PMO PrimeMinisterOffice PMO ExecutiveEnclave,0
However the sad fact about the power politics is states hardly behave the way they should States seek the relative gains against all odds,0
Some of the deported men by Trump were set to testify against El Salvador Official Osiris Luna for making illegal deals with MS Trump giving Bukele those men keeps Luna and Bukele out of jail Repost and share,1
How do we know theyre cops and not just someone who ordered a vest on Amazon No matter what your politics are we all need to agree that cops have to be identifiable We need to know that they arent some random serial killer or rapist and are actual police officers,1
Home secretary doubles down on Palestine Action as police,0
The big question for political scientists and campaign operatives Were Trumps gains with Latinos a sign that Latino voters outside of Florida are genuinely having an ideologicalcultural shift towards conservative politics OR Was simply an antiincumbent,1
The acquittal of the vile agitator Ricky Jones was writ in the stars ere the gavel fell from the choosing of the judge to the hue of his politics Justice bent not blind and the people see it plain,0
how far nurse your loss and learn This is exactly what will happen in Your short boss is a neo politics Gathering does not amount to vote People come to your rally for what they can get in the immediate,1
The Duopoly Represents Israel How MAGA Exploits Cracks in Democratic PoliticsA Warning Sign,0
Speaker highlights evidence of lies corruption and deception in politics Compares Seth Richs case to George Floyds noting no protests or summer of love for Rich Describes Rich as a young DC staffer murdered on July with inadequate investigation Inserts,1
On election day your educated kinsmen will on be touting politics is local will sharing money that cannot buy a bag of rice,1
Thats my LGA Im above yrs but we have never seen electricity in my village i mean no pole nor cable and no hope of seeing I dont think development will ever reach there till this world will end,0
Myogiadityanath Politics Utar Pradesh,1
Arey Kojja Asal Lokesh Ni Eppudu Annadu Annadu Ann Ne Ne Ne Metta Kuthandhenga Metta Na Madda Ayina Valle Lokuvaga Chusthe,1
I like how that MD in the original tweet says politics aside and then makes a bunch of unsupported claims And on top of that diagnoses and recommends treatment to a patient hes never seen or evaluated,0
Have an open mind you will understand how certain things work in politics,0
Kindly stop playing Vote bank politics If Meitei got Extinct remaining you all will be kept in Zoo and Musium for Ethonology and Anthropology study by Kuki Zo and Naga community Meitei First,1
Mlechhas vote bank and losing hindu votes,1
Lol nepotism at know that is funnythis is not politics of FL or TX two highly racists states this is private sector,1
where is my babar azam Unreal politics in Pak cricket team,1
Pakistan Ti Squad for Triseries Asia CUP AGHA C ABRAR FAHEM FAKHAR RAUF Hasan Ali Hasan Nawaz Talaat Khushdil Haris Nawaz Wasim Jn Farhan Saim Ayub Salman Mirza Shaheen Africidi Sufyan,1
Watch White House Shares Video Showing Nighttime Operation to Make DC Safe Again,0
Bondi Picks Lead Prosecutor in Adam Schiff Case SCHIFFS EYES HAVE SPECIAL LOOK MAKES ME WONDER WHATS BEHIND THEM,0
I feel like youre definitely for the people when youre not involved with politics,0
Only the Kano style politics can remove APC,0
pretty simple formula that explains a lot about our politics and policies,0
Russia Ukraine War RussiaUkrainewar Donaldtrump Volodymyyrzelenskyy VladimirPut NATO,1
Netaji Subhas Chandra Bose respected Savarkars early revolutionary contributions such as his book but criticized his later Hindu Mahasabha politics as communal and divisive In The Indian Struggle Bose noted Savarkar seemed oblivious to international antiBritish,1
My Dr and my brotherinlaws Dr both warn against ibuprofen I have prior stomach bleeding My husband takes a diuretic hard on his kidneys Dr says dont take ibuprofen My bil is a diabetic Politics might not agree with you but this isnt wrong Its not for everyone,0
What about energy security geo politics etc Auto Car India podcast is very balanced on this topic,0
Jeremy Corbyn The Outsider via Its TIME yrs of Boris Dorries Truss Starmer we NEED give J Corbyn a Chance He has been insulted while Dorries still spits out sleaze Politicsshe wants the money WE DONT NEED SLEAZE,1
A young fascist up close,1
Tribalists have aligned exactly as predicted Its not strategy its desperation retreating to tribal cocoons instead of real leadership Cowardice disguised as politics,1
And this is not a coincidence at all and the way all BJP people are posting Ranveer Singh Dangs video he said bad things about the opposition in his statement it is clear that he is a BJP supporter otherwise a common voter has nothing to do with politics,1
Can she pen a letter like this to Genocide killer Nethanyu Or is it OK for Palastein children to die daily,1
NTR Library Ni Change Chesinappuattha Nicbn Ni Jagan Avamanchinappudu G Muskuni Silent G Muskuni Silent Ga Unnodu Vedu Politics,1
Movies Ni Politics Kalapodhu Antaru Kadha Ippudu Endhuku Mari Political Tweet Relate Chesthunnaru Movie Tweet Tho,1
The most dangerous thing while analysing politics is to take stupidity as an entry point,1
What you people have exposed is a const where Cong has benefitted and won Just to support Rahul Gandhi the party cannot indulge in cheap politics,1
English No credible reports confirm widespread killings of Muslims by TMC since Isolated communal clashes exist but TMC courts Muslim votes via welfare suggesting vote bank politics over genuine care Hindi TMC,1
mins enough to expose bulldozer politics fascism colonial mindset all unmasked,1
Aap Bohot Taraqqi Karenge Politics Mein U Have The Right Amount of Besharmi that this job requires mashallah,1
Na Friends Lo Chala Mandi Ilaga Ex PK Fans A Unnaru Politics Valla Chala Mandi Ni Fans Maripoyaru,0
There is common Phenomenon in Bihar and UP educator setup coaching institutethen give donation to local politicanthen after earning enough money try their luck in politics,0
at the moment politics is about who is based and who is not and Newsom is seizing the moment,1
This Dr is in Canada politics and is a sexdenialist Revels on punishment for a nurse that what a eoman is canada truly is Tranada WomanIsBornNotWorn,1
Good to see this decision As a member of a profession your conduct both on duty and off matters Let this decision be a reminder that transphobia is never acceptable,1
Not hard,0
What about the greed and politics as the foundation of the Church od England Lords were so willing to disown abbeys and monasteries Everything about money And a monarch as a head of the Church Thomas More was right BTW the Pope made a mistake refusing the kings divorce,0
The BritsMuslim League Hindu Mahasabha were key players in Partition but new NCERT books exaggerate Congress role while erasing HMs NCERT curriculum must be set by an independent body free from politicsor history will keep getting distorted in favor of d ruling party,0
Indeed domestic politics frequently bleed into the international arena fueling conflicts when internal pressures demand external outletslike US elections shaping Middle East policy or Russias internal narratives justifying Ukraine incursions Exceptions like purely,0
Pretty much everywhere only difference is in India we have no liberal or conservative politics,1
the frens k before in the other city mars from davao as in hahaha but i told them that if there is a group vent kmi banned politics kc time n digong un nd naman kmi reached this hahhaa so im looking for pinoy here,0
Pdaposivevvpolitis rahulgandhivoiceofindia Dragini Dimpleyadav akhileshyadav samajwadipartyoficial,0
Fortnite is so cool it effects Australian politics,0
Oyo APC does not have any problem We the indigenes like the dynamics We can not all sleep in the same direction in South West The key is that we know where to vote in the presidential election Ibadan and by extension Oyo politics has always had its uniqueness,1
Trump Cuts Off Medical Visas from Gaza After Laura Loomer Meltdown via The depravity of LoomerTrump should be considered by their flock the Extreme Christian Right After all what would Jesus do,1
Trump got played again said Ivo Daalder former ambassador to NATO For all the promises of a ceasefire of severe economic consequences it took two minutes on the red carpet for Putin to play Trump again What a sad spectacle via,1
Nothing free about it All paid for and choreographed so that California could look good for Xi,0
Has Trump bought a house in Clacton yet Or is he living in his Girlfriends,0
been in this space long enough to know the alpha isnt always loud is cooking a whole new way to connect builders capital onchain infra for startups without the pitchdeck politics fast intros instant trust scores liquidityready teams feels less like a,1
I hope they are so stupid to do that but dont do it they have considered him in the last election but with so many corpses in his cabinet they did not dare to delve into us first in us and US politics for you to put yourself again for dick such as kamala,1
Their response sounds politically biased Isnt that what this administering claimed was going on If so then all they did was flip the table and force things the other way We will never have a truly unbiased law enforcement or anything in America Its all politics,1
When Rem Bonus the Poltics were professionals of many bouquets now when SN PSSIMS s because they are formed in Polytics and Administration or come from races such as Histria or Cause of Failed Government Actual Names Save or Save,0
and thats so tea Politics sexual,0
Hes right about this though Antitrust politics is petitbourgeois bullshit,1
Yep Stubb is absolutely brilliant in international politics he was once Minister of Finance not his area at all but as President hes great By the way in great shape too sports enthusiast triathlete,0
Rahul Gandhi is in frontline politics because Modiji wants it that way to create awareness among gullible Hindus about Nationalism Politics Just saying,0
Save Israel for last Is Israel controlling US politics or is USA using Israel to demolish Gaza In the end I heard their will be no Jews Muslims or Christians but we will have our world utopia with our world religion naturally after the false alien invasion,1
Dont forget PreShowPolitics starting an hour before if you need to vent about politics,0
Ofc a socialist mayor regardless of politics faces the same problems a socialist president of a small country faces at best capital will try to thwart them at worst overthrow them Yet please wait for something to actually happen good press is just that por ahora,0
Now we are experiencing Ultra Right Extremist are also being threat to democracy Any party which is taking advantage of religious sentiments in politics cant save democratic values Visionarybose,1
Try your local Catholic Church and meet the Priest and congregation youll find continuity clarity of message kindness forgiveness hope and no politics Youll find an ethnically socioeconomically diverse group of people whose faith sustains and informs them,0
Another celebrity talking politics Dont listen,1
BJP RSS,0
As you Dey try enter politics try get one pastor as friend make he Dey drop this kind line when e reach your turn,0
A reminder that politics is local,0
A huge statement win for Hon Adesola and women representation in politics in the midst of all the male contestants Adding the votes of other partiesshe go still beat them silly The Governor trusted and backed her for a reason and I must commend him for that,0
Part of playing the game for a photo op buddy Tell me you dont understand politics without telling me you dont understand politics,0
You are irrelevant in every corner of American politics You Zionism holy war and genocidal ideology is exposed Now you are trying to start another genocide based civil war amongst Somalis I hope people in Somalia and Somaliland dont fall for this He is spineless nobody,1
An apt description Rex nicely paid off as shes the only one who can make him stand down Supposed to be above politics but seems OK with men invading womens spaces Grover v Tickel will be interesting as a biological woman is just that One can hope a sane result,0
NEW Australian PM Anthony Albanese claims inflation is going down interest rates are stabilizing and real wages are rising despite earlier declines Australia Economy Politics,0
askAakash Ever since G Gambhir became the head coach of Team India Ruturaj Gaikwad has not been given a chance in Team India Politics is happening with him GG is only playing his favorite and close players in Team India Aakash sir what do you have to say,1
Akauya kuZim otanga aendeswa kuTakashinga School of Ideology and be told what to do and not to do the current set up is not for sport but an extension of politics who believe they are always right and everyone else is an enemy,1
Part of playthrough the game dude Not sure you understand politics that well,0
They were not treating Bahujan as Kshatriya It was a politics Most of Ch Shivajis history has been written by CKP Chandrseniy Kayastha Prabhu people they were close relatives of Chitpavans,0
bro just started learning the politics with the genius like u Sollunka,0
JRNTR POLITICS LO RAANANTA VARAKE EE DOGS,1
Unanimous decision Stay in your lane of politics,1
Gareth Sheridans presidential run has reignited an old debate should more business leaders bring their boardroom skills into politics or does the ras demand something entirely different,0
What started as a clerical error in Bihars voter rolls has snowballed into a Parliament flashpoint opposition protests and an unlikely dose of fame for a yearold homemaker,0
Erin Downgraded to Extreme Category Hurricane NHC Says Geopolitics WorldNews InternationalRelations GlobalPolitics BreakingNews Politics,0
We love you Zohran Make us a democraticsocialist country like these including Australia the UK Spain Norway South Africa etc Help us get rid of sexual predators and pedophiles and racists and get the billionaire influence out of politics,0
Neil Kinnock calls for government to scrap twochild cap on benefits Neil Kinnock The Guardian,0
Very glad to see Labour starting to take Farage on headon for his appalling views and more than dodgy connections Labour attack ad highlights Nigel Farages praise for Andrew Tate,0
We dont agree with our politics we dont agree with APC I dont know why we should disagree with the verdict when we think its true and what weve been saying all along,0
Appeasement politics on its high under his leadership This incident is shameful,1
HUMANITY over politics,0
Breaking news New Mexicos Democratic Governor after witnessing crises in Washington has declared a state of emergency and requested National Guard deployment due to surging crime fentanyl overdoses among women and children family instability and rampant homelessness,0
NDIS needs to be seriously investigated The eligibility criteria needs to tighten That many children should not be eligible Keep it for those who genuinely need it and put the savings elsewhere,0
I have to quote this again to get to the essence of her empty liberalism Describing her take as low IQ is an insult to Somalians Justifying the genocidal politics of the last century the destruction of Aryan nations so you personally can exist is the mindset of a,0
Sure We can identify metrics by which we were and are worse off because yo war tends to be a crappy thing for a lot of reasons But Hitler was right is a low IQ take masquerading as a high IQ take Wars change the fabric of history is ways than are unquantifiable,0
I remember visiting Lebanon after the war in The Lira was trading at per USD everything was dirt cheap if you had dollars Super friendly people with horrible politics Hezbollah used to roam the streets with AKs in pickups wishing death to Israel,1
In the mix The safe pair of hands surprise packages and senior politicians eyeing the ras,1
Ukraines Zelenskyy to meet with Trump in Washington DC on Monday Fox News President Trump wants the killing stoppedI would tell Zelenskyy that the land President Putin has secured is now Russia Ukraine cant be part of NATO He needs to eliminate,1
gavin newsom might be like the dexter of politics,1
Its very funny how consistent it is that Politics Guys on here are absolutely clueless when it comes to movies and television,0
Science politics literature,0
Love my for you page on Explore it shows the two topics I literally never engage with like ever If you asked me what I said I didnt like at all and do not follow Id say politics and sport,0
If we dont talk politics were ok If we do were at an impasse,0
But can you explain how is politics is toxic and terrible,0
Where is that is disturbing people on X elections is not on social media if they want they shouldnt go and do grassroots politics,1
If you go back and read what I posted you would notice that there is no declaration of party No mention of ideology except one of being a proud American And if you do understand American history and politics bogies party was not the same party of,0
Looking at Iqrar ul Hassans posts he both praises Imran Khan like on environment projects and criticizes him for personal interests in politics This could be neutrality not playing both sides There doesnt seem to be a direct link with the establishment rather it feels,0
Abe Modi travelled when enough in the chapa chapa of the country when he was as RSS pracharak in hole country And now your yuva neta roam country after yr in politics after being face of PM and congress president,0
Will it make you feel better if we all just reply saying how shit Labour is how wondrous National is Would you complain about party politics then Mmm,0
Mmmm yes The UK has some of the best and most credible experienced intelligent capable etc experts and diplomats but the best have somehow been hiding or running away from engaging with British politics since and with Partners,1
Prof Jeffrey Sachs London is even worse than Washington because they had centuries of insanity MI is an absolutely reckless outofcontrol disaster and you look at a Starmer Oh my God dont get me started Do not get me started because I will not get off the podium,1
Opinion Modis Meet With Xi Putin And Trump Will Determine Indias GeoPolitics PMModi DonaldTrump XiJinping ABPLive,0
Thank Gods and happy Sunday to everyone its another working day again today as a politics member a politician a political science member perspectively in the state of affairs as science and technology Adeosun Akpan Palin,0
Notidhola Porapotuna NTR Ki Tikkaregi Politics Annado Mee Boss Ki Vadi Bossula Ki End Card Padipothadi Konchem Control Cheskondi,1
Cutl fans BlockbusterWar War xcomRebalRelangst,0
How is that a problem to Kenyans Wakili concentrate on impeachment where your score card is forget politics,0
The climate change bs is just politics and for those who didnt see it before should have know for sure when they said they wouldnt give the ev reabte to people who bought a Tesla So a mean guy owning twitter is worse than climate change Politics,1
The tweet feels like a sharp jab at PK fans Trying to mix politics with the box office thats the nonsense they used to do How we used politics as a shield for the box office with such folks,1
Rajnikanth Becomes th Indian Actor To Cross Pawan Kalyan Highest Closing Numbers with Just Day Allu Arjun Pre Sales PK Closing Prabhas Day PK Closing NTR Day PK Closing Yash Day PK Closing Vijay Day PK Closing Rajnikanth Day PK Closing,0
Hes a good guy but sadly he has a very low IQ Should be a real estate agent but failed into politics,0
Have done some serious soul searching in the last few months NGL yes there is fundamentals liquidity M macro order books interest rate speculation politics tecnicals history trend but there is also stubbornness and a bit of faith thrown in for good measure,0
This is where we draw the line Children over politics Always,1
Crappy analysis Politics without morality is empty devoid of substance is simply not the turn of a Northern candidate That is the hard truth,1
Mamdani rejects the old corporatefriendly politics of the Democratic Party I understand that the fight for universal healthcare or tenant rights in Astoria is directly linked to challenging the war machine in Gaza and elsewhere Yemen,1
While McDonalds left Russia in BK remained and took a massive share of the Russian fastfood market Most Russians prefer Burger King over McD anyway Some americans do silly things some are pals and partners just like in politics,0
One of the recently released inmates Jill Ford told CNN she would have been concerned with Maxwells presence there around visitation time ReleaseTheEpsteinFiles GhislaineMaxwell TrumpEpsteinPedoCoverUp,0
Mainly ma ceeded lo reddys chala mandii pk fansee and vere cast lo kuda pawan kani ante pranam kani pk modda kindha tfi vundedii,1
Congress takes the stand for the right thing in last few years I know majority of Indian population will hate them cause of this but atleast in history they will be remembered as some who took the right stand when all the political parties r doing communa politics,0
As Feds flaunt Trumps takeover DC pushes back via,0
Tariff actions against China India LATAM and disruption of neutral blocs like ASEAN through granular tariff targeting these are less about economics more about narrative electoral consolidation Narrative NarrativeEngineering LATAM ASEAN China India Politics,1
There are no permanent friends or enemies in politics,0
Ive no doubt Im trying desperately to tune out of Australian politics today Albanese and his cohorts just infuriate me,1
Yes there no agamudaiyyyars in n tnwe only agambadi mudalis who are thuluva vellalas converting agbadi mudalis,1
Julius Malema His politics both by voice and action have always been about putting South Africans first If you were lied to by the media Do make your problem our problem Dankie Siyabonga EFF waya Waya Somehow you just find a way to put Malemas name in your nonsense,0
someone should tell her we are not in politics,0
THE IHRA DEFINITION OF ANTISEMITISM HAS BEEN FOUND TO BE BOTH FRAUDULENT AND DANGEROUS And the examples cited were cooked up by the notorious US AJC Put simply it cannot withstand legal scrutiny and must be consigned to the dustbin of history,1
Heres the list of demands from the Antisemitism Summit a bunch of people Sky News got together came up with and unless Australians wake up they are likely to be adopted Then we will be just like Germany Parliament are largely sleep walking into this No one No one has,0
Politics Feds Ditch Musks AI Over AntiSemitism Report,0
Its odd because Israeli politics make strange bedfellows I was never one to agree with her on much But there are so few politicians in the US willing to stand up to Israel you cant be picky,1
Real change always starts at the rootspeople power politics,0
Cooker parties gonna hire cookers And yet another link to weird old uncle Ray Chung,1
Your reasoning falls apart when you dismiss Trumps blatant overpromisingclaiming hed end the Ukraine war in hoursas just politics while admitting he couldnt make something happen because he needed others to agree Thats not a defence its an admission that his,1
RaGa has become Modern day Jinnah His selfish and vicious politics will only endanger Indias sovereignty and integrity Again a deafening silence from Hindus will cost them dearly,1
sf ppl who r into politics opinions on saikat chakrabarti he seems okay but a bit iffy for me,0
Im sure many politicians would be in touch with him and offering tickets and he will finally end up in politics Its good but hope he chooses good politicians instead of corrupts,0
One of Imran Khans mistakes is doing politics based upon Social Media feedback n Sentiments He gave too much importance to views trends etc which showed in his decision making frm local to international relations,1
Corrupt politics,0
I try to keep of with current events in my spare time and heard your name a lot recently in regard to politics UAP but after hearing your story on the JRE I just think youre absolutely amazing just wanted you to know that we need more people like you,0
Im saying it was a stepping stone minor leagues Couldnt swing a Senate run without his house seat Vital stepping stone to national influence agreed some people never leave the house but Im referring to influencing national politics,0
Coolie ki jenda coolie ki unna sambandam ysrcpsocialmedia ysrcp pawanakalyan coolie andhrapradesh cooliethepowerHouse Jagantrendz,0
For centuries the Maronite Christian state of MountLebanon stood as the last stronghold of Eastern Christianity preserving faith freedom and identity under relentless waves of islamic conquest Today protecting Lebanons Christian presence is not just about politics,0
These parties have lost their vote bank and now totally dependent on the illegitimate powers and just behave as their stooges is this what success in politics look like,1
You need to take out on all the filthy related Poltics to recover our passage,1
Not my Mom But we all felt the worst feeling when bhuvanamma was dragged into this cowardly politics It is exactly same for every women Casually sexism should also leave our home and our thoughts,0
Respect for women is the foundation of a truly civilized society What our children see at home and on screen shapes their values Time has come to end casual sexism derogatory dialogues in films and serials Lets set the right example,0
One man came into SA politics and said mabahambe that got him many votes and now that phrase is the campaign phrase of the next elections even for the ruling party,0
PMK Ramadoss Anbumani TamilNaduPolitics PoliticalDrama PattaliMakkalKatchi Gandhimathi Politics SpecialGeneralCouncil PowerStruggle gemtv,0
ITS HIGH TIME U STEP INTO POLITICS EH LEADER DHARIDHAPULLO KUDA UNDADU,1
NTR fans protesting infront of aNanTapuR MLA,0
UPDATE Aug th Ukraine Russia WAR Situation on the Ground August HO the Holistic All In One Worldwide Overview GeoPolitics Politics Economy Military Defense,0
Wherever the Islamic terrorist group is there will never be peace If this group expands it will rise up and unite to revolutionize theyre going to change uk people it to Muslims slaves because it has interfered in politics and controlled the system,0
Absolutely democrats want child rapSta and other criminals roaming our streets Their politics and judicial rulings prove it,1
INC slaves the party bought language policy into Karnataka now speaks against it just for politics The slaves of foreigners embrace English which more numbers of the state population dont understand but manage to communicate in Hindi better OMR alone is not Karnataka,1
Dont use straws Dont question the vaccine Dont travel plane will explode Dont own a dog Dont walk in nature Dont go online without a license you are here Dont drive on Tuesday and Thursday Dont post about right wing politics online Dont fight the estrogen injection,0
A Movie Second Half Krish Ey Tisi Bollywood Lo Manchi Promotions Chesi Unte Second Half Pure Bakta,0
Modern examples include the welfare queen trope portraying Black women as lazy fraudsters fabricated by Reaganera politics despite minimal fraud rates the myth that Muslims are inherently violent baseless as extremism is rare per Pew data and claims that Latinos are,1
Na Friends Circle Almost Andaru YSRCP Fans And Megafans Election Untadi,0
His failure to file even one affidavit shows his politics is built only on bluffs RahulTheLiar,1
In Rahul Gandhis politics losing elections is always someone elses fault Never Congress never himself RahulTheLiar,1
Have some shame man What youre doing is mercenarism,1
No evidence no substance Rahuls politics is a house of cards waiting to collapse RahulTheLiar,1
North will not remember now and they will not check themselves to stop what make their people venture in terrorist rather they use it to play politics against the incumbent coming for southern,1
Poor plot ku idhu fully fictional story kedayadhu Most of it is based on true incidents Some fictional aspects are there but for a series mostly based on true story it has its own interesting aspects Also the political structure and caste politics of AP is different from TN,0
Rahul Gandhis politics is stuck in the past while Bihars people are moving forward with progress RahulTheLiar,1
For over two weeks Rahul Gandhi and Tejashwi Yadav shouted voter fraud from rooftops But when the Election Commission asked for proof they had nothingno affidavits no documents just noise This is politics of drama not democracy RahulTheLiar,1
The woke right smear is an attack by Jews and Crypto Jews on the formation of white identity politics Its pretty easily countered as everyone who pushes it is a massive hypocrite,0
Knowing Elon hed be in that corner smirking while livetweeting the absurdity and plotting how to turn it into a Neuralink demo Politics as usualentertaining from afar,1
If youre talking about politics in kanothe real opponent of kwankwasiyya movement is inecthen Court but when you start calling ApcPDPAdc and so on youre just wasting your timeshikenan,0
The Rachel Reeves Effect is all set to jack up YOUR taxes once again It is estimated a further millionaires are set to leave this year Keir Starmer beating even communist China to the top spot of this unenviable league this year,0
Weve managed to stop hotel in our UK town taking in more migrants A father and daughter who have stopped more asylum seekers being housed at a hotel at the heart of a wave of national protests say the Government is failing to get a grip on the,0
The Overton Window decides what can and cannot be said in politics via,0
Where are the scholars clerics and spiritual leaders Instead of guiding the Ummah they guard shrines collect donations and ignore genocide UmmahAwake Yet leaders remain distracted with politics and trade Gaza suffers whil GazaBleedingWorldSleeping,1
Its like the most bland attempt at humor I dont really pay attention to politics but but they are the nazis and reddit laughs,1
Labour peer calls on Prime Minister to take tougher approach to Channel crisis Yes our Navy in the channel just doing what the French do escorting them into UK waters sod what Macron says ffs show Some strength EU not our friends,0
The Israeli regime and Netanyahu wage endless war crimes on Gaza Children are massacred daily yet Islamic nations provide nothing but empty promises FreePalestine Yet leaders remain distracted with politics and trade GazaBleedingWorldSleeping,1
Darren you really dont have a clue how politics works do you,1
Politics Lo Lekapoina Antunnaru Antene Artham Avuthundi Kada Evaru Chepistunnaro Ani Mee PK Ni Anani Matalu Ledu Ye Okkadaina Velli Evarnaina Adigara,1
Very true Lets reserve stadia for sports alone Politics music concerts and even crusades deserve not,1
Ordinary citizens refused to be puppets exposing the cynical plot of staged politics RahulTheLiar,1
heyamcherry For mustread novels I recommend by George Orwell for its prescient warnings on surveillance and truth and Dune by Frank Herbert for its epic exploration of ecology politics and human potential Both timeless and thoughtprovoking,0
Ive seen countless videos about the Vegas slump insane pricing and hotel fees None of them pointed a finger at politics I see your name now and get its your thing to knock Biden,0
This means those who study Political Science end up losing interest in politics or its just a matter of ignorance or failure to convert the theoretical aspect in practice,0
There are politicians who played everything and went to the prisoner and exile The predent is still exiled there are also treors who have always pretended to be independent and worked for all of us who are who are and there are also cowards who when they have seen the have adapted we do not mix,1
i like plays i like writing scripts from time to time and im a communist whose politics remain front and centre in my creative work Is amateur playwriting not a actual hobby,0
Gaza carries the burden of the Muslim Ummah facing bombs and destruction daily Yet no strong practical steps are taken by world leaders GazaResistance Yet leaders remain distracted with politics and trade Gaza suffers while l GazaBleedingWorldSleeping,1
This is the sick state of American politics in the Whitehouse totally utterly and incredibly sell their compromised souls coupled with Moral bankruptcy,1
Both of you can get rich if you start a deodorant brand in India or just run for politics there and atleast get rid of some policies,0
Shame on Chandra Kumar Bose for Using Netaji Legacy for his Politics,1
This is disgraceful you cannot have Savarkar on the same poster with Netaji Subhas Chandra Bose Remove this poster,1
Who is advising Labour Why doesnt Labour focus on policies instead of resorting to gutter politics This smacks of desperation,1
When you are so gawar to understand how does politics work in rural areas,1
Ayodhya me bjp kaise haar gayi bhai fir xommenistat,0
These countries have provided aid though limited by blockades and politics Qatar donated M in UAEJordan resumed airdrops July Egypt enables Rafah crossings Saudi Arabia pledged M recently IranSyria focus on military support LebanonYemenTunisia,0
Wars end when there are tough negotiators MiniTrump peace is spreading Politics is a reflection of the people,0
As almost all of the Poltics makes a speech by treating people as if we were short,1
Every child killed in Gaza is a reminder of our collective failure as an Ummah and as humanity The silence is complicity ChildrenOfGaza Yet leaders remain distracted with politics and trade Gaza suffers while leaders debate me GazaBleedingWorldSleeping,1
Admin Gya Politics Tonza Shooul Be Transparent,0
Ogbeni s choice reflects his independent spirit and commitment to his principles Contrarian views are valid in politics and not everyone must align on the same path His legacy is marked by transformative leadership and unwavering dedication to progress,0
yeah Fuck the politics Look back at a Itauma and realize we lost his prime to a record pump Ready to battle Torrez for the vacant Nah Nobody wants the Parker fight hes just a good guy Mason x more green still learning to not loop But its go time,1
Facts are facts not merely narratives And IKPTI politics is a cult now more than anythingThis is a inherent problem of negative populismWhat so ever any party collide with the security paradigm of a country cannot be allowed to rule,1
Hindu jaag gaya hai social justice politics,1
Nna politics is local You have forgotten ndi El roi God is indeed very merciful,0
People will collect kpa to vote go go for diba to gbaa afa why things aint working well Dem go river na ach j na echukwa chi fa The others go go church pray for Nigeria in distress then sow seed pay tithe ka ife dr fa na mma We all will be alright,0
You can choose selective photos to amplify your propaganda but the history is clear Netaji Bose stood firmly against Savarkars divisive Hindutva politics Forward Bloc editorials exposed Savarkars communal poison Called Hindu Mahasabha Muslim League reactionary,0
Yes we can have Savarkar and Netaji on the same Photo Its You that is a disgrace xcomChandrakboses,1
people doing validation politics over that tweet y,0
That is why Inran kHan also chose politics abd you celebrities are towing the same,0
The concept of a boyliifetwt politics space,0
Hatuwezi tishwa na refugees malnourished If push comes to shove well deport them en masse His politics can take him very far in zoomalia where impunity and foolishness reigns supreme,1
Yep this year Im focusing more on the wider politics and power because its all so relevant as hopefully will become evident As ever it opens our eyes to the fact that just as today the whole thing is bigger than we see on TV,0
I passed no comment on that and for the time being will not pass any comment on that I might take the time out to educate myself re Korean politics but have no plans to do so right now My comment was confined to the absurdity of the million crowd size estimate,0
Dear hon PM its totally opposite todays India then what you have heard because of caste gender religion and dharam politics People are overly divided and fighting with each others a lot Truth is very unsafe country to visit at present as US cautioned it ppl,1
Kenyas politics of absence and grand return from abroad,0
I am so sick of everyone always looking backwards in aust politics for someone to blame As soon as problem arises thn back to wht happened yrs ago could not function in QT without his people finding a past LNP example of what he is being accused of Pathetic,1
It is a very worrying thought that this absolute mentalistic gymnastics has seeped into the very top of society Politics Public Services Media Education Law Medicineetc Very worrying,1
Shared by Loksatta android app click here to download,0
Trump Urges Europe to Join Talks With Russia Read Here Trump Russia Putin Finance Europe Politics,0
trump is a clown and out of his depth out manovered and with a team of behind himWakeUpEverybody wakeup America americaneagle,1
I dont care Im not into the politics of envy Thats a LiebourCommunist thing,0
Netanyahu and Israel use jets and tanks against a besieged population This is not warit is extermination GazaUnderAttack Yet leaders remain distracted with politics and trade Gaza suffers while leaders debate meaningless issu GazaBleedingWorldSleeping,0
Neil Kinnock is right we should scrap the twochild cap on welfare weve been calling for this policy to be scrapped for years in Greater Manchester after the Tories introduced it in Children young people are our future lets demonstrate it,0
Wah indeed If youre sarcastically nodding to Modis solo insurance policyseparated from Jashodabenhes the ultimate balancer no family divide needed Politics thrives on such ironies,1
Politics isnt my identity my fan following is,0
No its not admirable U dont know anything about diplomatic politics Meeting the big man from the WhiteHouse is supposed to be the prize for committing to some form of deal or effort at peaceThe other way around makes a mockery of the whole thing just like with Kim in term,1
So how else do you propose a candidate wins in a country like India and especially Bihar where education is poor and politics is marred by caste and religion,1
The corrupt leftist government that welcomes them with its open border policy must be overthrown They must also be tried They are forbidden from practicing politics They did not call for the abolition of national identity Every Irish person who elected them must reconsider,1
Kayemo analysis politics like someone born to play politics and nothing more Hes a pro,0
Dynastic politics relies on entitlement over effort From Nehru to Rahul that pattern hasnt changed But India has Voters now demand proof not just a famous last name RahulTheLiar,1
Starvation takes time authorities cannot starve a population by accident The term genocide has a freighted meaning in international politics but it is not out of place when characterizing what Israel is doing in Gaza,1
Calling Muslims a minority in India is like calling China a small business From at Partition to today this isnt a minority its a political entitlement scam by secularist for Vote bank politics Time to bury this bogus minority tag once and for all,1
Thanks for tagging me The image evokes strong patriotismfitting for The America Partys push to reform politics Whats your top policy priority for TAP,0
Elisenda Alamany is known very long names as most of the polics climb to plow their ego to charge a majestic and perpetuating to Poltica chair knows nothing about two people at the helm of the party they need the Freuds time,0
He is accurate We now know as a fact that politics has crept into sentencing after it was refilled that white men would get a longer sentence sentences for the same crimes and that this was being hidden from the general public,1
Larrys Diary Week Two Hundred and NinetyTwo by WorthingGooner Animals Hobbies Literature Politics Satire Aviation Cars Dogs FEagle IllegalImmigration Immigration Larry MassImmigration Motoring Pets RachelReeves SmartPhones USAF,0
Politics ni addu pettukunela chesaru vadilithe pm ne marchesela unnaru,1
politics speedrunning into crypto whale mode,0
Because in Pakistan ronaq is only in politics and considered halal,0
Sixteen days of shouting endless noise zero evidence This is Rahul Gandhis style of politicsempty theatre without substance RahulTheLiar,1
In short are you agreeing with me that theres no semblance of politics in the case but rather a police and justice system matter,0
E e Vishayamlo Roja Matram Correct NTR Ki Politics,0
Par Inko Kyun Problem Hai Ntr Se Woh Toh Politics Mein Bhi Nahi Hai Pk Fan Hoga Shayad,0
Stop doing politics on mute animals we love our stray dogs the government never did anything for them we did SaveNCRDogs SaveDelhiNCRDogs SaveDelhiDogs savedelhincrdogs,0
The reason why I no longer care all that much about domestic politics is that its all middlemanagement theatre,0
Haha A suit doesnt make an man Plenty of suits in USA politics but they are fake men,1
NTR LA PK EH Politics Lo Undakunta Unte AH MLA Resign Chesevadu Ippatiki Fanbase Matters Sadly NTR Fans Antha Cadre,1
OH Adaa Ainaa Politics Lo Undetollu Okarnokarni Vandha Anukuntaaru Avanni Siggu Siggu Siggu Siggu Siggu Seram Vadilesi Lite Theeskuntaaru Vaallu But Politics Chekkesthaaru,1
I do not understand what integers they have to support a terrorist group who wants to eliminate the West and to conquer it if they were names that they are paste but there are many people who do not succeed this,0
Yea well we know this is political revenge Thats why I have no respect for zim politics Highly emotional people no objectivity both ruling and opposition Too much ego and emotions We are going no where using feelings instead of brains,1
Rahul Gandhis latest statements are raising eyebrows Is this the truth or just politics RahulTheLiar,1
Schmitt is useful here but kinda limiting because Schmitt argued that you can be an EnemyFriend without being say EvilGood as Schmitt viewed the FE Distinction as the true mechanism of politics,0
Haha Pata Nahi Kaunsa Ganja Par Yeh Prediction Wild Hai Maharashtra Politics Mein twists aate rehte haindekhna do maahine mein mein mein kya badalta hai kya lagta hai tumhe,0
Agenda Bihar RahulGandhi Laluyadav Politics,0
Cassondra absolutely created and controlled those accounts Most likely not alone if thats what you mean If you understand the threat actor you know that is standard MO for the group Right down to the number of accounts,1
How are you Elon Stay positive You cant solve all the worlds problems but you can pray deeply pray and connect to God within You seem to have over doses on politics You did your best with Dogeyour peers respect that But some stuff must be added back Not your fault,0
Remo has spoken Voters from Remo have spoken loudly APCs Princess Adesola Ayoola Elegbeji wins the byelection in a peaceful credible process Numbers dont lie vs A statement win in the heart of Ogun politics IJAYA WILL BE SMILING NOW RemoDecides,0
Remodecide Voters head to the polls in the Remo byelection tomorrow Police say no movement till pm no votebuying no trouble My advice to progressives and other voters lets keep it peaceful your vote should speak louder than chaos Wishing APC all the best,0
Intelligentcompetent in milt training and exp No doubt in it But Politics is another country where they failed every time they indulged in thro extra const means First and foremost none could ever command the trust of masses They ruled by force not by consent,1
In Scotland shes achieved the accolade of being more hated than the woman she despised so much that she got into politics Margaret Thatcher,1
Rahul Gandhi talks Ambedkar but walks entitlement his politics never uplift marginalized communities genuinely RahulTheLiar,1
Why isnt there a communication strategy that enables the president to say he has control of his cabinet and that ministers are accountable to him,0
Haha Now we know In Bihar everyone discusses politics,0
Who sowed that communal politics,0
Youve a shallow ideology if you think Africa can thrive with republic politics The solution for Africa lies in returning Power to native states which western powers cant influence like the current republics they created We must reinstate federal post M for a stable Uganda,1
He wants headlines but the people want progress And that is where his politics fails Truth alone earns trust in democracy RahulTheLiar,1
Its amazing to me that you dont realize the irony in pretending that Newsom stands for American values nor that you pretend to be rooting for America when you back Newsom and his politics,0
Peter Kyle My dad was stuck in hospital bed in lead up to death tech can fix crisis,0
RFK Jrs commitment to health transparency is refreshing Supporting thorough research on food and vaccine safety is important for public interest regardless of politics Thank you President Trump for prioritizing American citizens wellbeing AmericaFirst,0
I think we all know that Rayner possibly our next PM is completely out of her depth in politics,1
No Country for Barbie Muslims Shutting Down Screening Divides French Politics As rightwing RN calls for the prevention of the Talibanization of France the farleft LFI cries Islamophobia,1
Rahul Gandhis politics is stuck in a looprepeat the accusation skip the evidence blame the system and avoid responsibility Its old wine in a cracked bottle RahulTheLiar,1
Putin is one of the finest politicians the world has ever seen He has ruled Russia in toughest times for too long now Trump is business man at core Politicians like Putin Modi always will outperform trump any given day In politics one needs to have balance not aggression,0
You can bet this decision will be reversed so ask yourself what youre prepared to do to fight for your freedom to love ABC News abcnews go comPoliticssupremecourtformallyaskedoverturnlandmarksamesexstoryid,0
Of course the internet needs more regulation and editing,0
The Politics Distance is,0
Strictly my own opinion,0
Politics have raped our creatives Whats left a graveyard of resuscitated aspirants,1
When a willing buyer meets a willing seller it is just a matter of price the higher the demand the higher the price It is not about poverty its the people themselves African politics is different while Nigerias politics is unique Dont sleep on it,0
Suppose Vaccintey em chestuntivu bro asalu bill pettalsina avasaram emundi idi kada muslim appecement politics ante,1
Politics me jana koi gunaah h kya abe wo garibo k liye ye sb kr raha h,1
Anna TDP Thone CM Kooda Ayithe Konthamandhi Politics Nunchi Permananet Ga Dengestaremo,1
PK Ante Politics Lo Unnadu Anti Untade NTR EH Party Kadhu Aina Dengulu Papam Ippudu AH MLA Resign Cheyakapothe NTR Waste,1
Bro Politics Lo Avi Common Before Political Vere La Vundedhi IPPDU YEE Erripuk Emanna Padali,1
the performatism extends to their politics just go watch football and f and eat momo,1
Rahul Gandhi has a habitaccuse first escape later India is tired of this empty destructive style of politics RahulTheLiar,1
Big speeches fiery accusations but when asked for paperworksilence Rahul Gandhis entire politics is built on soundbites not substance RahulTheLiar,1
The adults are back in charge Watch White House Shares Video Showing Nighttime Operation to Make DC Safe Again,0
His roadshows promise the moon every time But citizens only see dust after he leaves Empty politics cannot fool forever RahulTheLiar,1
Rahul Gandhi keeps crying about vote theft without any evidence thinking the public is foolish Who taught him such deceitful politics RahulGandhiJhoothaHai,1
India stands strong on truth and integrity But some leaders only spread deception We reject false politics RahulTheLiar,1
BreakingNews GujaratLatestNews GujaratLiveUpdates GujaratiNews GujaratiSamachar LatestandBreakingNews LatestGujaratiNews gujarat gujaratnews,0
Hakeem Jeffries and every DemocRat like him need to disappear from politics FOREVER Useless pieces of garbage,1
Ok go and analyse it from Indiaits not your We saw your Tribal Affinity when all your Indian Infiltrators in American politics went all in to import millions of Indians to America via the HB Scam Visa,0
Im not even saying my ontology is radically different I would argue sex gender already have meanings beyond what you overtly recognize You think I dont experience the same kinds of identity politics I just put it in the context of genuine harms that minorities face,0
Simon Harris is paying price for breaking golden rule of politics Gary Murphy As a petition for his resignation reaches names the tanaistes foolhardy promise to parents of children with scoliosis is coming back to haunt him Rather fatefully he said when he,0
Seems AICC is making a wrong bet on again as hes less connected at gross roots mostly enjoys indoor politics unlike RaGa INDIA BiharElections Bihar,0
She just gave a live review of politics,0
Wasnt usa a democracy Also voting for someone agree with everything they are He just think one politics is better for his country I mean this political discourse is so worthless to me anyway that its just a waste of time to be a discussion,0
Sixteen days of shouting zero days of proofRahul Gandhis politics is pure theatre without substance RahulTheLiar,1
First Lady Melania Trumps peace letter to Putin It is time FoxNews,0
Wow US politics made by farright influencers,1
Rahul Gandhis politics rely on chaos and confusion When asked for proof he disappears Bihars people are too wise to fall for his empty rhetoric anymore RahulTheLiar,1
We are talking about politics here not advocacy and activism If Obi wants to get into power so that he can help solve the health and education problems he MUST fund the party in his ward and LG FG Education budget is N Trillion Nbn donation wont scratch the surface,0
That money should go into RD department in a good Nursing school If the people are ready they know what to do Again we shouldnt be making excuses for the people as if they arent the one that are directly impacted by the decision they are making xcomiykimostatus,0
all these foreign politicians remind me of the pied piper they are just playing the tune their mice wanna hear thats all politics is now there is no greater good anymore,1
When Mohan Bhagwat Rahul Gandhi Priyanka Gandhi Maneka Gandhi all oppose the SCs order to remove DelhiNCR strays you know its not politicsits conscience This isnt dog control Its a death sentence disguised as policy,1
The TrumpPutin Summit Was a Win for Russia Trump promised to end the fighting on Day One Now he wont even push for a ceasefire USA Trump uspoli,1
David in politics something like a friends doesnt exist Thats something you should already have acknowledged years after the ongoing war inflicted by Ruzzia,1
The Poltic parties Ave act as companies names wanting to govern to oppress the worker that the people act as the big companies without huma feeling Catalonia Astat always his family business automos where worker and master sharing work and work,0
to Hindu genocide vs political hit job before loksabha election Begum Mamta is engaging in appeasement politics Plain and simple She is afraid of upsetting her Chapri vote bank Try harder,1
NTR Politics Lo Vasthe St Vasthu Stthu NTR Ki Movies Varuku Matrame Ni Fanism,1
I see that Labour are in full election mode delving into the politics of the gutter Two weeks ago the linked Farage with Jimmy Saville and now this So instead of stopping the boats having a full enquiry on the grooming gangs of which evidence suggests the Labour Party,0
BB is another Jack victim Not innocent just in this context abused by Jack of everything Cassondra ever did was SE for Jack The other is her own vindictive nature,1
You cannot use byelections to judge Nigerian politics Byelections are usually won by the party in power If people are satisfied with the APC we will see it in,0
Snow White did not work Gal Gadot was appalling and I loved her in WW lots of uncanny valleyironically Snow White herself was finemost peoiple can barely keep track of politics let alone which stars speak on Palestine or Israel,0
You are a legislator to make laws you are also a legislator who does not want to follow the law For personal interest in politics You are looking for votes from illegal immigrants and their relatives here who are US citizens so that you can win again in the next elections,1
That is the pattern of US politics for decades now yes Even Khruschev was allowed to cry himself to sleep in his dacha on the Black Sea after being removed from power,1
When challenged he deflects When exposed he cries foul Thats the Rahul Gandhi model of politics RahulTheLiar,1
Pressure Points AI in the NHS aims to clear hospital chaoswhile floods drown Pakistan and politics turn deadly But Venus Williams shows resilience still wins,0
His visits bring noise not solutions The gap between promises and reality grows Thats why people reject his politics RahulTheLiar,1
Sara Gonzales is a conservative commentator and host of Sara Gonzales Unfiltered on BlazeTV offering unfiltered takes on politics and culture Shes also VP of Texas Family Project and cohost of Come Take It with Texas Scorecard Recently she confronted Rep Jasmine,0
Politics needs putting in the old dishwasher filthy mess needs a good clean up Good scrub from top to bottom,1
Trkiye Armenia eye historic opening for longshut borders stalled normalization efforts after Azerbaijan peace deal expert opines,0
I have a sneaky feeling Sienna Churcher has a bright future in and politics Good on her,0
Rahul Gandhis words and actions dont match Is he truly genuine or just playing politics RahulTheLiar,1
Alukoro typical way of Yoruba and ORINOte in politics,0
Please do stick to your local politics and leave international politics to intellectuals,1
Tripura or Entire north east belongs to indiginious tribals You dont know the politics why are poke your nose in every place,1
Exam Tripura Public Service Commission Post Medical Officer Result date th Aug Total marks Marks scored Status Selected Risking lives in name of social justice is criminal Do you think any MP or MLA trust such medical officers with their life,0
The mass departures would constitute a percent reduction of the federal workforce since President Trumps inauguration in January,0
Todays most viewed articles on Read the full list at,0
Escape into romance this summer with The Once and Future Love No messy politics or sexual violence just a lighthearted romanticcomedy adventure Meet Ferghus a kilted Highlander who timejumps into Brigids closet hello fiercest queen hes,0
Plans for renewable gas plant in Northamptonshire set for approval despite more than objections,0
Trumps top priority is relations with Russia not Ukrainian territory,0
FREE OF THE CHURCH AND POLITICS THERE ARE SOO WITH THE OPEN,0
place in shaping the future His Excellencys leadership is not about politics alone it is about building a Nigeria where honesty is the standard education is the birthright and unity is the shield that protects us all THE CALL TO DESTINY Nigeria stands at the threshold,0
If it was in central they where going to be fighting people You should learn mature politics,1
While citizens move forward with SIR Rahul Gandhi tries to drag them back with politics of disruption The choice is obvious RahulTheLiar,1
Revealed MPs collect bribes to pass bills and protect suspects via,1
Research Seminar Series August PM Why Tilaurakot could not Become a World Heritage Reflections on the Politics of Heritage Speaker Prof Neel Kamal Chapagain Professor of Architecture Kathmandu University,0
Yes Big Boss Me Pandit Ne Bola Tha Ke Baad Politics Join Karna He Padega Yahi Destiny Hai Uski But Abhi Wo Thoda Life Enjoy Karna Karna Karna Karna Karna Kahta Hai Aygaaur waise bhi ke hone tak politics me sudhar ayga bohot safe ho jygi,1
What he says is very persuasive and explains a great deal about American politics today,0
Has anarchist in bio but his chief political concern is getting more money from the government At the end of the day all black politics is just gib me dat,0
Uhm yes I agree People make up for what youd call a good or bad zipcode And people also deny the type of information you will get So no arent the problem The ones stripping them of resources and education and implementing distractions are,1
Reform UK accuses Labour of causing older peoples early deaths,1
This exactly the Zimbabwean problem Law is a degree of choice for politicians because it focuses on winning arguments debates this phenomenon has led to lack of progress even in opposition politics,0
Bihars people have seen through Rahuls tactics They know his politics are built on sand not substance RahulTheLiar,1
Rahul Gandhis politics of lies and deceit wont work The people of India are vigilant RahulTheLiar,1
His politics is powered only by lies RahulTheLiar,1
In Nigeria politics money is a factor To take over the party structure you must spend There people whose daily livelihood is politics You will see them every morning waking up in the party leaders House just like a civil servant is resuming duty PMB is the only politician who,0
It means he acts on Muslim festivals Its just for vote bank politics,1
The people of the fishermen ports q did not bathe in the sea rent their own and went to live in the hut of the vineyard to win durus the misery and the Poltics SN lexplicaci,0
good day sir I as the representative of Edo people in social media I want to sincerely ask that you please secure the life and properties of Edo people The most important thing is life first before politics,0
Tinibu please tell okpebolo to secure our lives in Benin They are killing us in Benin and okpebolo is silent like nothing is happening If he cant do his job he should at least beg on our behalf since he is very good at begging the North Edo sapele road is unsafe xcomNGRPresidents,0
Dr Ambedkar was sidelined by Congress for years Now Rahul invokes his name for votes and cheers Such hypocrisy insults the Constitutions soul Its politics not respect RahulTheLiar,1
Fusek wena yini inkinga we have for Tshwane why are you forcing this other gentlemen on us cant you see that she is working or is just politics nje kuni bo Sathana,1
Thank you for being in politics and in opposition Ji I would say this very best time for you to replace Congress from opposition and take the place meaning in,0
theyll understand what is called politics,0
Vijay moved to politics Ajith focusing on racing due to Vikram flops producers wont trust for high budgets without big directorsIts time for Suriya he needs solid hits to reach top but its his some stupid fans who pick fights with other fans and pull Suriya down,0
Just a few days after Leo was released the entire socalled film critics discussed why the movie failed at the round table No one opposed Whats the politics behind it It is evident that mentalaans cant handle the real feedback CoolieDisaster,1
Real leaders inspire confidence Rahul Gandhi manufactures confusion Bihar deserves better than his endless politics of excuses RahulTheLiar,1
We lack that mindsets to take power by force In terms of politics Igbos are very soft minded people and with this i dont think we going there,0
RahulTheLiar From interviews to rallies confusion is clear Contradictions in words no direction to steer Politics of slogans cannot build a state Strong leadership only comes with honest fate,1
Manikraokokate Maharashtra Politics NCP Ajitpawar,0
Rahuls politics is built on microphones not on merit RahulTheLiar,1
Sir we have a road M South Rand Road the R to Germiston portion it is in a terrible stleast Please assist Im deliberately staying out of the politics of whether its a municipal or provincial road and the money spent on its supposedly resurfacing Already,0
Rahul Gandhis politics survives only before cameras not before commissions Sixteen days of soundbites but not a single affidavit because the moment it goes on paper the story collapses RahulTheLiar,1
RahulTheLiar Every time cornered he blames someone new Accountability missing in everything hell do Politics is not theater but service to all Nation needs leaders who stand firm and tall,1
How to feel about this The best politicsnews show ends Le sigh Many leaders show up to the finale to recognize the shows contributions Satisfying The best journalist today has a new path it may make him even more impactful Exciting,0
Trump just deployed National Guard troops to forcibly remove homeless people from DCseizing control of local police in the process A humanitarian crisis or political theater DC Homelessness FederalOverreach Politics,1
When I read the news I knew wed lost the biggest weapon we had in our fight for independence The man was a goliath of politics I was in Ireland I remember being hunched over the kitchen table weeping thinking justice denied and the British jumping for joy at his passing,0
I miss Supergirl early seasons were fine till it got infected with shit politics still follow Benoist with her career looked into SG nice fact i seen the writershowrunner Queller has not worked since Supergirl ended she really fd up her career seems like,1
Sixteen days of drama brought him attention Zero days of evidence brought him shame Thats Rahul Gandhis politics RahulTheLiar,1
This issue raised by Baba Omoleyin is not uncommon in the church I dont think it is fair the minister made sacrifices to acknowledge your invitation I also think Baba should reach out to them and let them resolve this issue among themselves This isnt politics,0
REVEREND OMOLEHIN WAS SCHEDULED FOR AND GIVEN A SPECIALIZED BREAKOUT SESSION AT THE PFN BIENNIAL CONVENTION AND HE TOOK IT PUTTING THE RECORDS STRAIGHT Some participants at the PFN CONFERENCE have clarified the recent complaint by one of the fathers of faith Rev Isaac,0
RahulTheLiar Speaks of progress but blocks every reform Politics of excuses has become the norm India seeks growth not outdated tricks The nation is stronger than his politics,1
Change comes with responsibility not manipulation Politics should be about truth not personal gain Exposed once again in front of all RahulTheLiar,1
Lets be real if only sang pisang is older obviously it would be him that be vicepres candidate He looks more interested in politics than gword but it is impossible to change the regulation at that time,0
HISTORIC MOMENT President Putin received a heartfelt letter from First Lady Melania Trump urging him to end the war for the safety of children across the world She rarely speaks on politics but when she does it carries tremendous weight Truly one of Americas,0
Rahul Gandhi and Tejashwi turned politics into a stage drama days of shouting zero days of proof When the curtain lifted the audience saw only emptiness RahulTheLiar,1
RahulTheLiar From social media noise to rally sound Consistency in his vision is never found Public trust comes from action not claim Honesty in politics is the real game,1
For days Rahul Gandhi gave speeches For days he gave evidence Thats the math of his politics RahulTheLiar,1
But how do some of them do their politics aaaa Im loosing interest in my people,0
RahulTheLiar politics is a house of cards waiting to collapse,1
Bihar has rejected Rahuls lies repeatedly public sees politics based on deceit and division RahulTheLiar,1
Politics Lo Common Ra IVI ALKLUU VAAGUTANE NTRU NTR POLITICS LO LEDU VALLU Protest Cheydam,0
Sainiks epuduaina eela bayatiki vachara pk ni Entho mandhi thittaru kanisam okaritho ayina sorry cheppinchara,1
I will never understand loving families divided and destroyed over politics Never,0
Because she had misrepresented her opisis history and relationship with Anonymous It was cherry picking to exclude and obscure accounts that revealed the true context of her work there,0
Queensland Premier David Crisafulli blocks new Chief Health Officer appointment wont explain why Source,0
His tours are long but his credibility is short No amount of drama can change this fact India has moved beyond empty politics RahulTheLiar,1
Rahul Gandhis politics of division wont work in Bihar The people are united and wise to his tactics RahulTheLiar,1
RahulTheLiar Politics for him is a family tradition Not servicedriven but selfish ambition India is done with dynastic control Merit and honesty must play the role,1
Ukip leader Lois Perry resigns midelection after just days in role,0
Brother what other option do we people have The Japanese also dismantled their hierarchy system during their modernization period If Hindus had abandoned the caste system earlier people wouldnt have to suffer today because of this lousy politics,1
Trumps total failure TrumpPutin Trump Bows to Putins Approach on Ukraine No CeaseFire Deadlines or Sanctions,1
The far right and far left all have the same conclusions its just different identity politics far left brown good far right white good,0
Congress OdishaPolitics Odisha OTV,0
Deva Kattas pen writes not just words but the politics that shaped a state Mayasabha Streaming now only on MayasabhaOnSonyLiv,0
And you pass as a politician in the US today Those that have gone before must be turning in their graves Sad to see how far things have fallen in US politics,1
If Melania Trump wants to get into politics she should send the letter she wrote to Trump to Netanyahu instead,0
How KT Molefe hijacked multibillionrand airport development project via,0
Sensible politics respects due process register objections formally submit documents and await accountable review RahulTheLiar,0
For Rahul Gandhi politics is performance When truth is demanded the curtain falls and the drama is over RahulTheLiar,1
While citizens adopt transparency through SIR Rahul Gandhi tries to sell outdated politics The peoples verdict is clear progress drama RahulTheLiar,1
Sixteen days of drama zero pages of proof Rahul Gandhis politics is a soap opera without a script for the Election Commission RahulTheLiar,1
Sonia Gandhis old voting photo is Congresss version of CtrlC CtrlV politicsrecycle and distract RahulTheLiar,1
Remember says Bull Politics is done for the benefit of donors and Reforms donors are Muslim,0
Curious comment below from chairman of Reform I am neither obsessed with Islam nor immigration I am however acutely aware of the threats posed to our constitution culture security and economy by the combination of mass immigration and the progressive,0
Hitler was right though You put some really good content out and then you post shite like this Women out of politics now,1
Sixteen days of speeches zero days of evidenceRahuls politics thrives on misdirection RahulTheLiar,1
how would a criminal billionaire become president i know its comics but this is a little too unrealistic xcomaxeltalksfilm,1
Media theatrics cant replace accountability Rahul Gandhis refusal to file a written complaint exposes his hollow politics RahulTheLiar,1
Rahul never speaks about Congress failures He hides corruption and dynasty politics His selective memory fools no one now RahulTheLiar,1
Every promise he makes collapses under reality exposing his shallow politics and opportunistic character People deserve truth not endless deception RahulTheLiar,1
Pretending to be the voice of youth yet offering recycled lies shows his politics lack originality Fresh leadership cannot come from deceit RahulTheLiar,1
Rahul talks about unity but spreads division He plays communities against each other India rejects this shallow politics RahulTheLiar,1
Whenever elections approach he resurrects fake promises knowing well they will never materialize Such deceitful politics only insults voters intelligence repeatedly RahulTheLiar,1
Rahul accuses but never provides evidence Allegations without facts weaken democracy He has turned politics into theater RahulTheLiar,1
India is rising but Rahul denies progress He mocks development with fake claims Negative politics is his only strategy RahulTheLiar,1
India wants facts he serves fiction Politics cant run on bedtime stories RahulTheLiar,1
He claims to defend democracy yet his politics revolve around lies manipulations and halftruths designed to confuse the public Real leaders inspire honesty RahulTheLiar,1
Whenever cornered with facts he invents stories to escape accountability This pattern of lies has defined his politics far too long Truth matters RahulTheLiar,1
Why does hate Britain and British history so much,0
Vijay dai naa politics ehh poita neenga ennada innum no ku adichittu irukeenga,1
Representative Rob Bresnahan Jr has traded stocks that could be affected by his work in Congress raising questions about potential conflicts of interest,0
many carrying a huge responsibility for the ongoing minimalisation and dysinformation too but happily there are some very few exceptions pulling a huge weigh in an attempt to change this based on science but ignored by msm and politics,0
Breaking News UpdateGunma Kiryu City Father Murder Case Junior high school thirdyear boy gives new statement I went out with a friend Cause of death confirmed by judicial autopsy Already sent to Maebashi District Public Prosecutors Office Police conducting,0
Great stuff Away from toxic local politics,0
Sturgeon knifing Salmond a consequence of both signing the Edinburgh Agreement The above being onset of utter sellout by SNP From then on it was a race for supremacy of Devolved Holyrood Sturgeon complicit in the demise of Scottish politics complete utter shambles,0
Its about time those still supporting a party that has been infiltrated big time wake up and smell the coffee The SNP in the last years have done nothing even I have been duped,1
Trump shifts focus to Ukraine peace deal instead of ceasefire after Putin meeting AlaskaSummit AlaskaMeeting UkraineRussiaWar,0
He always highlights that politics is not about drama but about problem solving and those who fail at solving issues invent distractions to hide their weak performance RahulTheLiar,1
When the private initiative becomes more of the logical solution than the real value of politics Why PPP was favored more in Admins ago Marami pong Salamat sa ating mga PH Private Companies Salamat SMC,0
Inki politics,1
No sincerity no honest heart Just politics played as an art RahulTheLiar,1
Kano politics is always different,0
sir nu Vijay fans milege Anyways it will help for dmk politics Covering other fan bases against TVK,0
Politics bro,0
Thanks Building on that Clausewitz didnt foresee info warfare where memes and disinformation campaigns wage war without bullets blurring politics and propaganda In social media battles often dictate realworld outcomesthink election interference Your view on how,0
Half of America put the hat on and took the mask off and that was that and thats where were at now Lauren Banks from The Staircase in the Woods by Chuck Wendig Politics,1
Fake compassion borrowed speech Honest politics out of reach Nation tired of constant liar Rejecting fraud of RahulTheLiar,1
He claims to speak for the youth but couldnt hold a real job outside politics Inherited power inherited party inherited speeches too RahulTheLiar,1
Dont expect Starmer to take any notice of this,0
Abstaining from politics is like turning your back on a beast when it is angry and intent on ripping your guts out Taiaiake Alfred,0
Streets of the streets reveals the category of the Poltics that govern them,0
Tottaly diversed politics,0
Atleast acknowledge the hardwork that many individuals put into it keeping politics aside our nation doesnt even know how to support their own people,1
I see you signed your tweet You being a clown is fine the trouble is your father has turned this country into a circus Dont waste your only brain cell on things like politics just stick with bringing another fake Bhutto into the world every year and enjoy the ill gotten money,1
Just like politics and all these parties,0
The public is fed up with Rahuls lies and drama Its time for accountability and transparency in politics RahulTheLiar,1
If we needed proof that politics have become purely performative then Alaska or better the reactions thereto are proof commentators right left judge Putin as the winner bec he stepped on a red carpet Winner of what Catwalking,1
Ive seen fans be disappointed over him saying the band wont be political in the near future And I think its fair to feel disappointed But theyve just come through a really difficult thing wthe Malaysia lawsuit and stepping back from politics for a bit is understandable,0
Politics is a challenging job Being inactive especially in such times will crush prospects Erase much of work done Unfortunately for TN AIDMK is the only hope even if it is so close to hopeless,0
true dont invest so much into politics india has survived way worse years in the life of a nation is nothing but this is the thing with modi you rarely have leaders with such a connect with the masses that his win and loss start feeling personal to them,0
Life mein kabhi itna bhi political nahin ban na ki sab cheezein soch kar depression ho jaaye if indians want to forever seal their destiny by electric do about it xomabhishbnerjs,0
Big speeches zero documents Rahul Gandhis politics thrives on noise not truth RahulTheLiar,1
Everything is distractions Screen time celebrities politics sports events all fucking Hollywood events porn alcohol school work social media All to keep you from knowing anything about yourself and ancient capabilities,0
Red Labour Communist Party Climate Control Latest Ed Miliband involved in hypocrisy row as Energy Secretary refuses to share domestic flight details,0
Why are you so disrespectful of the choice of the Canadian electorate Sometimes Governments get elected whose politics we dont like But the key thing is they get elected and thats where their legitimacy comes from,1
Woodcock is well and truly rattled now His mates in the racist Torygraph still let him spout filth like this but he knows the games upsept th and the legal challenge should put an end to his vile proscription,1
One day farmers friend next day silent spectator Rahuls politics has always been about lies not lives RahulTheLiar,1
This is likely to play badly with Farage Controlled Reform maybe but not from the proHitler wing of politics,0
Exclusive Scrap Tory twochild benefit limit to lift kids out poverty Neil Kinnock says,0
TLDR Limitless Exchange is shaping up as the fastestgrowing mobilefirst prediction market If Polymarket politics long bets Limitless cryptonative fastsettling plays Heading into Q TGE this ones worth watching,0
Competitive Landscape Limitless M volume shortterm crypto stocks CLOB on Base M backing Coinbase Ventures Polymarket M volume politics longterm events AMM on Polygon bootstrapped PredictIt Mmonth US politics centralized CFTC,0
Look at these muppets sooo proud of their achievements on a piece of paper legislation The EU needs more testosterone in their politics to allow for more risk taking and less of mountains of paperwork,1
Same thing happening in ZimbabweUgandan politics is the same as of ZimbabweWhere opposition figures are perceived to be enemiesabduction is the order of the day,0
Typical Bjpee bhakt batting for criminals in Politics,1
They are just so overt about the level of control they can exert on US politics now Its just astonishing,0
I understand German politics better So AfF is the Republicans for Germany,0
Indian politics was at its peak when Lalu Yadav was in Parliament,0
Industrialization Kaise Hota Hai Bina Geographical Political Aur Economic Considerations Ke Politics Caste Community Par Ho Rahi Hai Toh Caste Katam Kar Dein Race toh Race toh Race toh Race toh Race toh Race Race Par Ho toh Race Par Ho toh Race Par Ho toh Race Kar Kar Kya logic hua,1
Let me see if I can find that one story there are a lot more to search through than three weeks ago,0
Very Long read re Expanding on Richard Clarke CIA warnings IGNORED likely political bureaucratic interagency turf wars face saving coverups by BushLeague JR Essence NAIVE Public blind sighted by politics I abhor politicsnever registered,1
A complete overhaul from top to bottom especially at the top You need to get rid of politics in the police I cant wait for you to start,1
Clare Armstrong is not going to save the LNP with her tilt right economic and social appraisals of any weeks politics One of the better that plays close to the centre from either side,1
Reform is sounding desperate thats all they have no party no policy no honour Wind sock politics and we have had enough of that,1
Whats wrong in that if criminals like AS can join politics why not some one educated,1
You are enquiring since they did same in Brazil Like WTF you couldnt wait to get the legit info before posting this Spreading news you cant verify How much low can you get for politics,1
Trump Calls for Scrutiny of Paul Pelosi Stock Trades,0
These all are happening because of hate politics initiated by a particular party Ab hindi patti ke ache dina aa jaynge,0
I agree with you It shouldnt matter what your politics are you should be able to shop,0
This is the weakest Pakistan team ever Politics has destroyed Pakistan cricket,1
Blockbuster hai sab comedy roast politics,0
Its common for politicians to make promises but now they are using abusive language and have abandoned ethics disgracefully,1
Kasongo is all about politics what benefits him not what benefits Kenya Funny how some even senior politicians havent realised that,0
You knew what she meant and your term adds syllables Politics is pithy,1
RSS is the pride of India but now the mentality of many leaders in RSS is not that kattar The politics of RSS is no longer impartial and kattar Hindu The leaders of BJP have left no stone unturned in making RSS also selfish like them Money is winning the hearts of Rss,1
BJP shares video showing man dismissing Rahuls vote theft claims national politics Veteran Marathi actress Jyoti Chandekar dies at entertainment,0
Trump BLOCKS Medical Visas from Gaza After Laura Loomer Meltdown news breaking republicans heartless thugs,0
Ofi jor Oga e niUncouth Fool I dont know what type of politics they think theyre playing without knowing out to engage the grassroots its a shame,1
Gaddafi in agreed to give up nukes briefly returned to global politics By his regime was gone Libya in chaos,0
A case study closed Usman Buzdars exit is an irreparable loss to Pakistani Politics We will miss him,0
INLD S Aaya Hai Starting Hai Politics Ki Ekdum,0
Canadians are genuinely the most politically retarded people Ive ever met in my life Not a single Canadians has ever uttered an opinion on their own politics that wasnt borderline schizophrenic at best,1
Im not about to do politics with you pplhe has been a good president to me and I have enjoyed his government so far You can have your own opinion Im not about to convince you,0
Because the truth is being reminded to the Hindus of Bengal and the truth is Muslims led by Surahwardi started mass killing Hindus in their own landand Mamata fears that this will unite Hindus further against Muslims and her Muslim appeasement will backfire for her in,0
DO NOT ditch Carney We love him down here in the States He came to President Trump like a bitch of a dog and went right to heel We may not care about your internal politics but we care about having our stooge So leave well enough alone,1
Party Pettalanta Politics,0
Pedo joe Politics has scrambled your brain,1
Charlie Kirk even from an establishment perspective has set conservatism back by like years minimum Even Ben Shapiro is a better representation of conservative ideas and politics than Charlie At least Ben is consistently a nationalist for HIS people,0
You reckon Labour is going to inform the times about an advert attack I reckon the times as well as Politics UK is full of invented bs,1
JD Vance met Usha at university They were an intellectual ideology match so not surprising it turned into a love match I hate their politics JDs complete willing immersion in Trumps world of lies but I dont see how it is OK to attack them as a family It is not,0
There are three links in that post Newsweek is rated as rightcenter biased I also included a Wikipedia link but Im confident youll cry about that seeing as youre one of these people that judges the credibility of information based on the politics of where its coming from,0
If we learn one lesson from this period in history its got to be too far left is bad too far right is bad centrist politics or a new form of governance is possibly a good idea if we want to live in peace and flourish,0
Instead of Vote Adhikar Yatra it will do good to Rahul Gandhi to take out Vote Reject Manthan to realise ambitious India does not connect with Rahul Gandhis extreme left antiarmy proSoros politics,1
Why is it I get the feeling Fifes message is talk to the hand When I was a Berkeley PD LEOSGT esp when in CommServBur I controlled my schedule I ALWAYS made time for engagement AND ensured a response I tried to solve problems ProgLeftist politics is BS,1
Some of them are just neutral and dont care about politics others support his,0
I dont see it happening in coming times congress will face revolt in their own party and alliances congress mukt bharat will actually happen is secured BJPNDA will be in centre for sure BJP will have new PM face and I hope its Yogi ji RaGa is done with politics,1
We are the people who threaten you have always been this always the processors do not be the others of the Pennsula have the weapons to suppress too much testosterone and few neurons,1
Looks like a compromised Scottish Government no matter the outcome SNP is owned The party can no longer be trusted to run the country in the best interest of Scotland Ask the former Grangemouth workers and why Freeports are unopposed,1
You need to get better at politics,1
Im often labelled as an elite because of where I live the car I drive or perhaps my lifestyle The the truth is Ive always been a strong believer in good governance law and order and the delivery of basic services with high standards What many dont realise is that Ive,0
Gurkirat Singh Dang Jaise Chutiye Mien ITni Himmat Hai Ki RG Ko Politics Par Gyaan Khod Raha is Besharm Ko To Jail Honi Chahhee Ki Ek Hi Assembly Mien Voter Ids Howrs Ids HOOOR IDS HOOOR IDS HOOOR IDS HOOOR IDS HOOOD KAR REAHA AARA Reha aar reha assmble BJP ka hi voter nikla,1
Trumps reckless cut could bleed Nvidia and AMD billions in market value He plays politics with tech while risking Americas edge in innovation,1
Bhaijaan ukhaada means forming a great world class human capital industrialization no more politics on caste and community and potentially leading th industrial revolution We have already missed Industrial Revolutions,0
Jaijawangovindapathak avinashjadhav mns thane dahihandi,0
Nehru didnt necessarily view Bose personally as a threat but he was deeply concerned about the influence Boses ideas and lingering mystery around his disappearance could have on Indias fragile postindependence politics Because Bose had advocated for more radical and,0
You dont understand British politics We have an elite that is hell bent on destroying our country I support Ukraine as do many others on the right in Britain I have donated nearly to groups like Ukraine Aid Ops That does not stop Starmer being a vile traitor or the,0
Oh I see you dont actually have a problem with the fact that Zionist isnt included and you dont think racial grievance politics is bad you just dislike the term because it describes you,1
Armys have already started their politics they want to manipulate people by saying that Jungkook also worked hard on the songs that solo fans should support them but I will not fall for it I will support the group just as Armys support Jungkook,0
YeahAfrican politics are so brutallyImagine just for the sake of politics,1
Can you guys give me some advice I wanna move to an Asian country Life in London is a mess with both immigration and politics amwf whategirl,0
Thanks Glad the humor landed Politics can use a laugh sometimes,0
Youre welcome If you have more questions on Australian politics or family law reforms feel free to askIm here to dive deeper,0
It shows that monkeys have patriotism to the country Only donkeys do not No reference to any politics,1
Je Pense que two lipa devrait presider la commission Europeanne shes doing better than years of politics,0
Exactly He brought the lady in Anambra but at the time she needed him most the election day he was somewhere celebrating birthdays He thinks politics is about making the loudest noise on social media and jumping from occasion to the other It will eternity for Obi to learn,1
Ebei galamsey na politicians dey run pass Policy no get legs if politics no move am This movie dier we tire When dem go wake up,0
This is the result of years of weak ineffective Republican politics,1
What is wrong in that We need educated leaders good if he is entering politics,0
All as a launch pad for entering into politics But atleast a well educatedgrounded man in entering into Bihar politicsbest among the rest,0
Think almost everyone is missing the key difference here he is from a rough area and does his politics there hence he and advisers knew the practical problems of being the accused He wouldnt give in to pressure to plead guilty and be disposed quickly of during an emergency,0
Dont come to politics unnecessary,1
Liberals are losing it I go to these ppls pages and they all have milquetoast politics at best,1
Yo Steve Ive loved your acting since The Jerk but maybe stay out of politics if you dont recognize that whats going on in Ukraine is the advancement of a global agenda of making us servants to the elites Just saying,1
I want to keep all my tradition alive rather than to embrace all EU politics OK we are member of EU but let our traditions to be there dont bring all your bullshits inside,1
Obidients have you people learnt any lesson from yesterday election Politics is all about local Peter Obi need to come down and play grassroots politics,1
Shutup dont try to create a rift Stop playing politics here,1
If this audio is true I strongly condemn the atrocious comments made by TDP MLA against When he has clearly chosen not to be part of politics how can your shameless party keep targeting him Take strict action against your MLA,1
The village remained in the highlight of the circumstances at all times we endured all the abuse received by the dogs of the Status we even made those mentioned with value and determine the Poltics made figures really never wanted independence,0
Goosebumps listening and seeing the images Despite everything eternally proud of what we were capable of doing as a people Memory and pride that no proindependence politician can ever take away from us,0
This is such a pointless analysis Foucault is assigned more because his work is crossdisciplinary in ways Kant and Plato arent His work has relevance to courses in criminology sociology sexuality politics and philosophy,1
Analysis of US college syllabi by the Open Syllabus project shows that bell hooks is assigned more than Aristotle Judith Butler more than Plato Edward Said more than than Kant and Foucault more than everybody Thanks to Jon Shields for these comparisons,0
I understand your concerntrust is paramount I base responses on verified facts from diverse sources eg Fox News full letter text confirms no explicit abduction mention countering some Reuters inferences While politics permeates much I analyze independently to minimize,0
The culmination of the politics of Trump Farage Musk Boris Tate being made mainstream People feel emboldened when they think others have the same opinion,1
Yeah screw the opposition and to hell with the parties We need to take back politics and governance from the organized syndicates representing vested interests that this has become And we cannot imagine how were screwed anyway,1
Infant Surrendered to Missouri Safe Haven Baby Box,0
This criminal took Bihar to mediaeval period under his rule of yrs Its the failure of our justice system that this criminal is out on bail on health grounds to do politics,1
Speaking after his victory Ikpea dedicated his success to God and the people of Edo Central He said the outcome showed that voters had chosen vision over sentiment and progress over politicsasusual,0
Politics bihar rjd tehprtapyadav yadav laluprasadyadav laluyadav coliticalparty,0
Ergo this anxiety to suffer from all the fucking advisers and all the high lace ups in the dining rooms surely suffers,1
He should enter into politics We need educated leaders like him,0
TEAM TRUMP IS ACTUALLY DRAWING UP ATTACK PLANS FOR MEXICO,1
A clear message from s yatra route Vote bank politics karna koi inse seekhe High time Bihar unites against this,0
How KT Molefe hijacked multibillionrand airport development project,0
Congress photoshop politics is the perfect reflection of their ideology They didnt just crop the saffron from the Tiranga but theyve been trying to throw Hindu culture out of Bharats identity for decades Rahul Gandhi and company cant tolerate the color saffron because,1
Appavayya Samy Aayana Politics Lo Ki Vaste Inta Ku Times Yekkuva Tidataru Lite Teesukoni Taggichukunte Andaru Istapadataru,1
Neenga dhanda andha aaluku negative film n politics mothama galli aga,1
What is wrong in thisWas there no direct action day people were killed by the Muslim community so your community is called peaceful If this film shows communal politicsthen why are you being burnt and if it is happening then TMC is doing the same politicsit is a simple,0
I like your idea that the different Foundations work together The different schools at Universities that study and research culture socioeconomics politics business and nation building should also work together,0
Balti Politics is something which is very common in Bihar Thats why people didnt mind too much when the CM himself changes alliances Sample this Purnima Yadav Congress MLA from Gobindpur JDU candidate RJD Her husband was times Former JDU MLA now with,0
Konthamandhi Illanti Thokkalo Salahalu ISTHune Untaru Politics Ane Rochu Loki Digadhu Happy ga MVS,1
How u hear read things is a you issue Why would men join en masse Ur still playing identity politics hoping to keep the bits u like while u refuse to admit thats largely what opened the door to most of this rubbish We all bought into it its structural not personal,1
While politicians often leverage cultural events like Dahi Handi for visibility Fadnaviss participation reflects Maharashtras traditions and his role as CM Followers arent necessarily deceivedmany join for the festive spirit Whats your take on blending politics with,1
If bjp truly cared about delivering justice to Hs whove fallen victim to religious intolerance they wudve started w Dilber Negi evn after ys he hsnt been given justiceInnocent hindus like Kanhaiyalal Dilber Negi are nothing but tools for bjp to do their vote bank politics,1
Thanks to all Nafrati Chintus for supporting this Propaganda film It managed a massive lifetime collection of Crore,1
Forget party politics and go for the right candidate regardless of the party that gave him the mandate,0
Jail this bastard now Investigation SeasonLawfare Judge Boasbergs Russiagate Connection Revealed,1
Why the f does she support bibi first if she cares about the western world With Obama Clinton etc he is responsible for these waves of millions of muslim migrants Actually US foreign politics is the main driver for the invasion why should Europe always be its trashcan,1
Thats a total gamble what about if RMK decides not to run Politics isnt gamble but strategy as its Kano are more likely to follow Atiku in the absence of RMK We only need realignment with RMK for his grassroots to have an edge in that Kano KKK states are must in,0
He thinks he is a king LOL People have no jobs he says and then he blames the The problem with this king is that he has an IQ of and because of this he will NEVER be able to get a high paying job unless if he goes into politicscorruption Dumb useless pos,1
The term has been defined by many other people as well Pretty clear that its right wing racial grievanceidentity politics,0
Bliss Man is pure ss brainrot a crudely drawn perpetually content face reskinned endlessly in random colors animals and cursed variants Its not about meaning its about multiplying absurd joy until the repetition itself becomes the joke No politics no deeper,1
Mundhu aadevado mee pandhi ni lanjakoduku annadu ante aa Vishyam Chudandi Politics memu chusukuntam,1
prefer younger or older,0
candidate,0
The address of the PMO will now change the Prime Ministers Office has been at the same location for years PrimeMinisterOffice PMO ExecutiveEnclave Download the Sandesh News App to read more news,0
We need education in politics All the Drs are doing amazing work compared to forever hungry comrades This confirms it was our mothers who saved SA starting with the Sharpeville movement ANC insists on lying claiming victory while they were singing in foreign bushes,0
Rahul Gandhi built a house for Dashrath Manjhis son a month ago He doesnt market such things for politics that doesnt mean he doesnt care Hes not fekuji He is Rahul Gandhiji,1
He already have a gun and license and secondly he doesnt need this type of shit to get license he already have good amount on connection in politics,0
Congress just want to divide hindus and unite Muslims as it is their politics So they divide hindus on the basis of language caste northsouth This is the problem,1
r u people not aware of it or u r bzy in doing hindu muslim politics to woo bjp,1
Bulls fundamental error is that he is not noticing how far politics has drifted to the left in the last three decades Thus what he perceives as equidistance between the parties is not middle ground at all but just a continuation of the Blair project,0
NCP Read more at Mumbai Maharashtra Politics,0
Box offcist the polytics to Fake,0
I love how people make sure to tell everyone that to them politics just means black people,0
Huh didnt expect that Switzerland seems like the least political place ever,1
If HemAATH guy focuses on politics PK would pull down the DCM post but bhAAi would never stop throwing stones at the kompa,1
When we were good politicians were professionals from many fields Now when they are bad its because they are trained in political sciences and administration or come from careers like history or law causes of failures Of the current government only or are,1
I like the shaky text in RFKJrs speech bubble,0
The stream of misinformation is very much like a firehose It is designed to keep the opposition offbalance to keep them from focusing on any one issue and rallying support against the regime Its absolutely deliberate Its the firehose of falsehood propaganda technique Straight out of the Soviet media playbook,0
Reminds me of the Dont Look Up movie,0
Sadly there are too many guys whod push that button for much less than,0
Love the sippy cup,0
Kegsbreath looks pissed off in the second toon because Noems bogarting the bottle,0
Excellent,0
Ive definitely been seeing a large uptick of unhinged decals on the backs of pickup trucks that would have been shocking even a decade ago,0
I wish there was some way Subway could capitalize on that It wouldnt be a wise business decision but it would be hilarious,0
As for the rumors today about Stephen Miller being secretly gay as was Roy Cohn Id like to say We dont want him,1
Trump is brutally true,1
More Fish A New MAGA movement Every Day,0
Its only Fascism really Looks like a scene from Germany in the early s,1
Its Only Fascism should be a New Yorker cartoon,1
Wellthese are great this week,0
Redistrictingwe finally are no longer playing with these cheaters,1
Stinky probably loves the dildo throwers,1
He made sure of that And we still send and weapons Ah well the Saudis showed them what to do with journalists,0
Love the snake tie,0
Cop Out is brilliant,0
Alaska Summit Chefs kiss,0
I had to go back and look at that once you pointed it out Another awesome touch by Tom Tomorrow,0
How about the glass of blood,0
Ruben Bolling is a treasure,0
Goddamn Fish That last one,0
Given his son reposted something throwing a dildo off the White House roofwell there you go Not even junior high humor I taught junior high Any one of the kids could be a better leader,0
No doubt,0
As a reminder this subreddit is for civil discussionrpoliticswikiindexwikibecivil In general be courteous to others Debatediscussargue the merits of ideas dont attack people Personal insults shill or troll accusations hate speech any suggestion or support of harm violence or death and other rule violations can result in a permanent ban If you see comments in violation of our rules please report them For those who have questions regarding any media outlets being posted on this subreddit please click here to review our details as to our approved domains list and outlet criteria We are actively looking for new moderators If you have any interest in helping to make this subreddit a place for quality discussion please fill out this form I am a bot and this action was performed automatically Please contact the moderators of this subredditmessagecomposetorpolitics if you have any questions or concerns,0
Name things that fascist regimes do,0
Let me see it so I know who not to give my money to,0
Leak the list whichever companies are ranked lowest in loyalty to Trump are the companies that most deserve our money,0
Aside from everything else this administration is sloppy as fuck,1
Hey cool its like Nixon did but with companies cause theyre people too,0
According to Axios businesses seen as good partners on the White House list include DoorDash United Airlines Delta Airlines Uber ATT Cisco Airlines for America and the Steel Manufacturers Association FYI,0
Federal Dept of Education will not be closing down but will recive new funding for a bold new initiative Children who overhear unpatriotic conversations at home can earn merit badges frontrow seats at rallies or even a coveted Junior Patriot certificate Reports may be submitted through the Patriot Watch app preloaded on every Trump TabletTM,0
This is another reason to impeach trump This is insane,1
Loyaltyhow much bribe money they have paid,1
Id like to see that list,0
This man has malignant insecurity,1
Hows the My Pillow guy doing lately anyway,0
There was a time where this alone would be the biggest scandal ever,0
Hey Conservatives I remember when you insisted strongly that it was a mortal sin for a president to pick winners and losers in the economy Do you,1
Of course they have a list Trump and his loyalists need to know who to give fat government contracts so they can get a piece of the money who to squeeze for tribute who to intimidate so theyll bow down and who to pull revenge on for resisting Trump and his loyalists have taken graft and corruption to a whole new level in full public view and they dont care most all of their actions are highly illegal,1
Loyalty bribes paid,1
Go ahead and put my company dead last you fascist fucksticks,1
Tim Apples did to Trump what Trump has been doing for years He told him exactly what he wanted to hear with no intention of actually following through on his commitment He shook Trumps hand gave him a gaudy gold plaque then lied to his face What a clown MAGA how yall cope with the embarrassment when your boy gets played so easily,1
Enjoy kissing the boots of these morons CEOs This is what you wanted Now youve got it,1
Dafuq,1
That classic conservative mainstay of a free market without the government picking winners and losers,1
Id love to see that spreadsheet,0
When will we get to see this list,0
Fuck the Republicans,1
Cool Release that list too The top ones get boycotted,0
Well he certainly had enough of them bending over for him when he got reelected I guess money cant buy spines,1
Where Epstein files,0
President in Korea did this a while back and she got Impeached removed from office and thrown in jail Just throwing that out there,0
I like to think that Trump will text whoever runs that spreadsheet at am while taking a shit telling them to move x company down rows because of something they did to piss him off,0
Under normal circumstances that document would be grounds for immediate impeachment and removal,1
I miss my country,0
If any other president did this Republicans would lose their minds,1
Can I get a copy of that so I know who not to shop at,0
Every morning for the past years I get up and walk into my kitchen to make coffee Ive always say hey google whats the news and it tells me from the news sources I have chosen those being NPR and BBC So times now over the past month its removed NPR and replaced it with Reuters who uses an AI voice to read the news Ive had to go into my account settings and fix my news sources You will have a hard time convening me this isnt some fuckery Google is doing because Trump wants NPR dead,1
Nice A list of companies run by little bitches who support pedophiles and rapists Fucking losers,1
Release the files,0
tell me your penis is tiny without telling me your penis is tiny,1
Prob in comic sans multiple fonts and different cell shadings,0
Costco gotta be at the bottom got to make sure my membership stays up to date,0
Hes so weird about that loyalty thing and doesnt seem to realize that the only people who care that much about it are criminals who need cooperation and enabling with their criminality and need to not be ratted out,0
Can we get this list Id love to know who to not give my money,0
Well wheres the list I need to know what companies I need to be avoiding,0
Lets do a spreadsheet ranking politicians loyalty to the American people,0
So we the people should have this list We then know which companies agreed with Felon to destroy the USA and its people And take proper action when the time is right,0
Doesnt sound very secret then,0
As laughable as it is terrifying,0
Its amazing to see the cuckholding of GOP,1
Trump is totally passing notes to companies saying Do you like me check yes or no,0
Look its a boycott list thats convenient,1
Canceling night time talk shows because they hurt your feelings,0
If groupscompanies want to start advocating more now for the tax bill or additional administration priorities we will take that into account in our grading the official added Can you even get more corrupt than this,1
Wrong list we want the Epstein one,1
Loyalty to Trump is a thing that no company should be engaging in yet far too many of them seem all too willing If they had the balls to stand up to his kidraping ass wed be in a very different place today,1
How is anyone ok with all of this,1
Oooh cool a boycott list,0
Id love to see that list so I know where not to shop,0
Could you imagine if Biden had something like this lmao,0
So did Putin just come here and steal a bunch of data to leak Interesting timing with all these leaks,0
I own a handyman business Put me at the bottom In fact add a few more pages then put me at the bottom,0
This is why they believe theres a list of Epstein pedophiles Because the smartest of them keeps actual lists like this,1
Real question Im not American but how did seeing Tim Apple bend the knee and give Trump an award the other day make you feel I literally just bought an m MacBook Air and the thing is amazing but I swear I thought about sending that shit back Luckily Tim seemed pretty insincere and understand his outsourcing conundrum with China and India but still would love to see a stronger stance to reassure the American people,0
It sure would be great if he just hurried up and died,1
The companies at the top of that list are sweating bullets right now Quarterly profits for them are fucked if this spreads,1
Add it to the list Btw where dem Epstein files at bro,0
Not a cult though,0
Where do I self report zero fucking loyalty,1
Youd think that they would want to publicize that listgive the companies something to strive for By keeping it secret its almost like they know the effect it would have,0
How pathetic I bet it was heavily added to at the time of the inauguration too Probably has a hidden column that shows just how loyal each company is in bribes donations,1
I guarantee there is a list ranking citizen loyalty as well Created by Palantir with Microsoft Meta X Amazon Reddit etc and everything DOGE vacuumed up in our files,0
Anyone notice how the Trump tariffs on Vietnam dropped from to during the same time frame he announced a Trump Vietnam Resort and golf course QUOTE The sprawling golf resort the first project by the Trump Organization in Vietnam broke ground as the country scrambled to reach a crucial trade deal with the US Vietnam which is heavily dependent on exports was facing the threat of a tariff in April which has since been reduced to for many goods COMEDY QUOTE The White House has denied suggestions of a conflict of interest saying the business deals of the Trump Organization are entirely separate from trade negotiations and that Donald Trumps assets are in a trust managed by his children The corruption is so open and obvious that it is blinding,0
Okay Americans Were all waiting for you to do something to save your country Any minute now Right,0
The spreadsheet is not linked in the article nor do they cite who provided this info like yeah it sounds like some shit he would do but this could easily just be a lie and people should be focusing on stuff that has hard evidence like the Epstein List rather than what is probably misinformation,0
The new FAR regulations for government agencies to award contracts requires giving preference to best in class companies I wonder whos going to decide which are preferential companies,0
The synchronization and so Jeffery Epstein Trump,0
fascist percent fascist This is literally german pseudo planned economy shit This is history more than anything else so far that this chucklefuck has done that isnt on the slippery slope this is foundations built on corruption cronyism and authoritarianism as well as cult of personality Loyalty To Trump,1
Whats the bottom ten I want to endorse some places,0
That list works both ways,0
Is this not the most egregious example of this communism that these rightwingers always say they hate Theres never been a better example of our government taking this much control over private sector in all of US history,0
A president picking which companies win and loose very democratic very capitalism for us comrade,1
And we are still only months into this clown show,1
So at what point is The Onion just going to start reporting on the actual news since the administration keeps doing their job for them,1
Theyve got a list of favorite fascists and teen girls trump thinks are cute enough to rape,1
Read the comments on that article if you really want to be sick Trumpers really are not getting it yet I guess coffee is going to have to be a can for them to care Maybe not even then because Im sure itll be Joe Bidens fault,1
Id rather see the list that hates him Those are the companies that deserve my money,0
Leak the Epstein list Then leak this list Leak all remaining list wtf why are there so many lists,0
Loyalty to fascism needs to be very costly Where is the list,0
I thought they love free markets capitalism and the invisible hand,1
i miss how boring sleepy biden was i forgot how tiring the daily dramatic headlines are,0
Its funny Republicans used to pretend to hate crony capitalism Now they let Trump crony the fuck out of capitalism and they dont care a bit,1
Im fascinated and horrified that Im living right now to see this when I know how hard my forefathers worked for this not to happen,1
Sad times in America,0
This is as bad as Nixons enemies list in its own way,1
All because the high road this guy is in the White House instead of a cell,1
Could we please see this list so we know which companies to boycott,0
Ok so Robert California did this at Dunder Mifflin Robert California also left to focus on helping train young gymnasts but I think it was insinuated that the gymnasts were young but of age The Office is everywhere,0
So you have the list but you dont show the list WTF,0
They need a list who will keep their companies and who will become state owned,0
I for one would like to know which companies are loyal to Tangerine Palpatine so I dont give them money,0
Thats crazy Wheres the Epstein List,0
Loyalty is not the right word Bribery graft fear extortionchoose one,1
Paywall free,0
Wait till billionaires CEO declare war on this administration,0
Classified,0
Is it really a secret,0
Oh whos surprised at this,0
Totally cool and normal thing to do,0
Probably has a cool S on there too,0
Fingers crossed that were ranked dead fucking last,0
Secret Its probably a public Google sheet,0
Probably excel,0
This is REAL loser energy,1
So does envy Or is it like one of trumps child beauty pagents where trump wants to rape the winner,1
Make it public We want to know who to avoid,0
Boycott the top,1
I feel like that isnt a secret at this point,0
Only list I want to see is in the Epstein files How many times is Trump in there Trump was his client Some would even say Epsteins best client No doubt,1
Release the spreadsheet I want to know where not to spend my money,0
Ofc they do Trump suck massive cock What an biggot,1
Key part of fascism is merging government and corporate interests Just sayin,0
Perfect list of businesses to boycott Thanks Donnie Diddler,0
You know how the British monarchy gives companies the honor of putting official HRH seal or whatever its called on their products From tea to sweets Yeah T wants to do that Except I dont think the monarchy has loyalty testsso itll be more like a despot thing,1
So now we know which companies dont want the Epstein Files released,0
Should definitely be made public so we know what companies to avoid,0
This is one of the reasons Trump loves tariffs because everyone needs to come begging for exemptions And the reality is that the reason tariffs havent caused the inflation calamity is that everyone is running and giving Trump gold idol payoffs for their exemptions It is disgustingly corrupt in the open because the US is an unbelievably stupid idiocracy full of tens of millions of impossibly clownishly stupid imbeciles,1
This is not even going to be a blip on the news but again If Biden had been doing this,1
Imagine running the country like its some reality show loyalty scoreboard,1
I really should stop being surprised by this type of shit,1
Can we see the bottom of the list so we know who to patronize,0
Is there anyone in the history of the universe with a more fragile ego than his,1
So its not secret anymore,0
Hey MAGA is this fake news or are some of you going to wake the fuck up and realize the nightmare that is happening to our country If not please keep rocking the red hat so we know who continues to betray our values,1
Sounds like a list of companies to boycott,1
Gift giver POTUS to President Putin American Bald Eagle Desk Statue BABY PRETENDER IS ON OUR LIST TOOBIGGGG MAN,1
Hitler much,1
How much you want to bet companies that are low in Trumps rating are thinking about how they can treat their own employees like shit to appease Trump Lets call ICE to raid one of our own warehouses Wont that actually hurt our business overall in the long run Bitch thats tomorrows problem Today is all about earning those sweet sweet tax breaks,1
Just read some of the comments on that article Sheesh,0
So this is a boycott list,0
If we had a functioning Congress they would issue subpoenas and release the files,0
Well Im a business owner and the rank they can give my company is zero In fact its literally my companys policy to not do business with MAGAts and Trump supporters and Ive fired clients for it before Fuck those traitors I wouldnt take their money if they were giving it to me for free,1
Also known as the boycott list,0
That giant sucking sound that Ross Perot coined during his presidential campaign criticizing NAFTA is now solely confined to the goldleaf White House where the oligarchs are lined up with mouths wideopen,1
May Every Day Be Another Wonderful Secret,0
Trump wants to be a dictator or at least earn as much money as he can he gives a fuck about the World or the states,1
Id love to have this list so I know who to avoid,0
When will Republicans finally admit that this guy is bad for the country and bad for democracy They dont have to agree with Democrats on everything no one expects them to But when will Republicans finally finally start putting the country and the people first and admit that this guy just isnt fit,1
No surprises,0
If that isnt a giant of someone about to try and overthrow the government Ill eat my non existent hat,0
Thanks White House for supplying us with a boycott list,0
The level of incompetence that continues to be shown by these people is staggering Just when you thought it couldnt be any worse it happens right after This is how you know it was impossible that George Bush was somehow responsible for Some idiot would have left the papers in a Carls Jr bathroom in with a signed letter from W authorizing the hijacking,1
Or all the companies could stand up to him and then hed have no power,0
Epstein files Amazon,0
MAGA must be destroyed,1
They have a hot or not list,0
According to Axios businesses seen as good partners on the White House list include DoorDash United Airlines Delta Airlines Uber ATT Cisco Airlines for America and the Steel Manufacturers Association,0
This is so gross and totally on brand for republicans,1
Release that list too,0
The Free Market in action Anyone who can support this is an absolute piece of shit,1
Show the list so I know what companies to avoid,0
Yan dont,0
Such juvenile behavior,1
Wow thats a lot of loyalty spreadsheets Scary stuff,0
Release it along with the Epstein files so I know which aholes to boycott,1
Dictator shit,1
Embarrassments like this give me hope that when people start REALLY pushing back and in unison that this regime falls like a house of cards and at least a majority of its monsters publicly burn in this life and permanently in the next,1
I am not the least bit surprised I bet Trump has a kill list too,1
He will back out on every threat like the Taco child Rapist he is these corporations want what hes offering at the expense of working Americans,1
This is like those friend ranking lists the mean girls would pass around in school,1
Im anti Trump but there is no evidence in this article about a secret spreadsheet Where did it come from How do we know We have all known about the Epstein files but a spreadsheet How do we track down this information,0
I WANNA SEE IT I REQUIRE THIS KNOWLEDGE For reasons that are definitely not preparing for resistance cells,0
Not so secret,0
This is what the majority of Americans voted for,0
Where I work is at the very bottom of the list and Im extremely proud of that He can fuck himself every way to Wednesday Most worthless pathetic thing that has ever walk this planet,1
Publish it so we can shop at the least loyal places and boycott the brown nosers,1
What in the Putin wannabe,1
Very secret,0
Could someone leak that list I sure could use it myself so I know who gets my money and who doesnt,0
What a pathetic loser,1
Trump administration ran like mob operation I see,1
Is that what the invisible hand of the Free Market really means,0
Formerly secret,0
What a soft little bitch,1
At first I wanted to make a joke about how Hitler did a similar thing but at this point I cant even joke about it even more its gotten tiring Im tired Hitler literally did a bunch of deals with big companies that were on his side while pretending to be standing up for the little guy and after he got into power he sent his dogs to go and destroy companies and stores that werent with him,1
Yes Ill take things the Nazi regime did for,1
God seriously Fuck these fascist clowns,1
Turns out Americans love the idea of having a king again,1
And here I thought patriotism was for country not some orange dorito looking mf,1
So many lists I want released one can dream,0
I mean Apple clearly bent the knee If Game of Thrones taught us one thing its that theres nothing worse than a fuckin kneeler And Tim Cook was shaking like a leaf during his fealty offering to Trump too,1
oh you mean a boycott list,0
Wake,0
Thats loser shit right there,1
Please spread the list so we can support it in reverse,0
I dont understand why anyone listens to this goon The type of government hes trying to turn the us into is usually reserved for people who of themselves have actual skills that scare people into following them Putin is at least Ex KGB Stalin and Mousillini had a kill count under their belts Trump is just Ugh it makes me physically nauseous,1
Companies have too much power in this world,0
We are so fucked,1
Sorry but how pathetic does a country have to be to allow this loser to become their dictator They say Hitler was very charismatic an excellent public speaker and had piercing blue eyes I kinda understand how people who are very easily impressed could get themselves brainwashed by that But trump Seriously,1
Wow who knew that was such a secret,0
ITT liberal rebellion about who not to give money away too This is capitalism every single publicly traded company is going to bend the knee to Trump You cant not buy your way out of this problem,1
Lets see the list Show me,0
Secret,0
Some small voice inside me says that if I wanted to make money I could take a look at the list and put the smallest favorably ranked publicly traded companies on it to my stocks watch list because who knows which companies might get government contracts,0
Enemies list,0
This is unfortunately incredibly unsurprising Anyway how bout those TrumpEpstein files,0
Oh this one wasnt The Onion,0
Cool find the least supportive and those not on the list at all and spend your money with them Any business that bribes needs a commercial death sentence,1
Mr Trump nice,0
I want it So I can reverse sort to see who gets my business,0
Demand museums prioritize the partys perspective,0
Whats crazy is we all just already assumed this was a thing It was not even a question in most of our minds They have again successfully made it with their flooding the zone so that we are focused on the much worse things ahead that we ignore these things Which is crazy because this alone is absolute proof and indication that democracy is dead in this country but we dont have the time and resources to focus on this We cant focus on this jab because we are worried about the haymaker coming at our face,0
Its like the Red Scare but more like the Black Despair,1
Ill take Everything in the News Right Now for Alex,0
I just want to make it clear here that this isnt hyperbole picking winners and losers based on loyalty is literally textbook fascist economic policy An important aspect of fascist economies was economic dirigism meaning an economy where the government often subsidizes favorable companies and exerts strong directive influence over investment as opposed to having a merely regulatory role In general fascist economies were based on private property and private initiative but these were contingent upon service to the state,1
Rank citizens based on loyalty,0
Reminds me of Nixons enemies list,0
Corporate Power is Protected The industrial and business aristocracy of a fascist nation often are the ones who put the government leaders into power creating a mutually beneficial businessgovernment relationship and power elite,0
selectively enforce laws when convenient for the ingroup,0
As a political military and cultural historian of Europe from about to Im getting really tired of explaining fascism to people,0
deploy the military on its own people,0
Military as police,0
Get this kind of shit straight the fuck up out of my country This is AMERICA not RUSSIA,1
Round up all of the insert marginalized group here,0
That list will come in handy when their period of fascism is at its end,1
Nah this is normal capitalism each company gets a card which Trump stamps for each contribution,0
Hes truly a pathetic wannabe dictator,1
Name things that fascist regimes do Solicit bribes The tech giants commitment to US manufacturing as well as Mr Cooks gift of a glass plaque with a carat gold base earned the company a reprieve from Mr Trump What do you want to bet that Mr Cook also gave Trump a spare goldplated base Just in case you want to take that chunk of pure gold and spend it,1
Ill take fascist favors for Alex,1
Even if not fascist which it is its also unbelievably corrupt Its basically a list of what organizations fund Trump kiss his ass and give him things Absolutely disgusting,1
Mark my words there will be golden statues erected at taxpayers expense,0
Show me the avoid list please,0
Excoriate anyone who wont gush at feigned accomplishment Remember the picture of a crowd giving a hearty Sieg Heil and one guy just couldnt participate I could easily see the Tangerine Tyrant taking umbragethen revenge It is so embarrassing to be an American now,1
Destroy all rights and liberties in the name of freedom,1
Lie so vehemently and often that it eventually becomes the truth,1
Elevating one strongman leader as infallible fatherlike or even godlike The leader embodies the nation so loyalty to him loyalty to the country Extreme nationalism often tied to ethnic or racial purity Scapegoating minorities immigrants or political opponents as enemies of the state Crushing free press censoring artmedia imprisoning or killing dissidents Outlawing opposition parties and independent unions Using statecontrolled media to spread constant propaganda Creating national myths about glorious pasts and restoring greatness Glorifying violence war and military values Expanding police paramilitary or secret police forces to intimidate citizens Not pure capitalism or communism but tight statebusiness collaboration Major industries often aligned with or controlled by the regime Prioritising the state or the nation over individual freedoms Harsh crackdowns on free expression assembly and personal liberty Manufacturing crises internal or external to justify authoritarian control Normalising surveillance informants and arbitrary arrests Promoting rigid traditional family structures Women encouragedforced into roles of childbearing and domesticity Framing conquest of neighbors or global domination as a natural right Belief that we deserve more landresources than them,1
Show me Secret list of loyal companies DING,0
Vote against releasing the Epstein files,1
Release this list too,0
According to Axios businesses seen as good partners on the White House list include DoorDash United Airlines Delta Airlines Uber ATT Cisco Airlines for America and the Steel Manufacturers Association Theres a few to start,0
removed,0
And who our side should nationalize if we can regain the throne,0
Tim Apple,0
Thanks to this administration for providing taxpayers with a boycott list Now thats efficiency in action,0
I bet Penzeys Spices is close to the bottom of the list,0
This Where the fuck is the list,1
And the ones ranked highest I will boycott We can vote with our money each day no need to wait years,1
Id like to see it for the opposite reason knowing which ones at the top of the list to avoid,0
The ones ranked lowest have the greatest incentive to Business Plot the Fanta Menace If one is already on the outs the only way to go is up,0
This Would be really convenient to know everyone to stop buying from,0
This admin leaks a lot of things but theyre pretty serious about protecting their lists,0
Thanks why is there a news article about a list and they dont share the list This is potential news about possible news Can I please just have the NEWS,1
This what gets me the most you didnt lose the country to super villains with unrivalled human intelligence You lost it to the most dumbest illiterate and uneducated and incompetent bunch of brain dead morons and America will never be respected again if this is what the most powerful country cant protect itself from,1
At first I thought okay this is interesting but then I was reminded that we still dont have the Epstein files Where in the fuck are the pedo papers Trump,1
Theyre just Captain Planet villain evil now,1
This is what it looks like when you appoint or hire people who are unqualified or under qualified true old buddy system and not hiring on merit,1
The ONLY upside to this administration because Trump demands loyalty you end up with incompetent people If we get through this administration unscathed it will be because of the incompetence not for their lack of trying,1
Its about the only saving grace keeping hope for our republic alive,0
The people that work for Trump like being close to conservative power but they dont actually respect of like him One could argue its all deliberate incompetence,1
Ah But you have to wonder Are they really sloppy as fuck Or are they letting all this stuff be discovered becasue they are up to somehting more nefarious and this kind of thing is just a distraction,1
That is a hallmark of fascism,1
But that is a good thing you dont wont need much in terms of post mortem it will all be on display,0
I think its more careless as whos gonna hold them accountable lol,1
Having dealt with psychopaths in the past The public printer was on purpose The spreadsheet telling companies to dogfight for his loyalty was on purpose Ive fought these demons,1
Citizens United unleashes a hot sulphurous fart in the chat,1
Binders of women,1
Imagine Biden or Harris having such a list,1
Cisco I cant avoid but uberdoordash is easy,0
Im not shocked in the slightest Cisco is on there,0
lol Steel Manufacturers Association hows those tariffs going,0
DoorDash Youre telling me the company that uses every trick in the book to exploit workers supports a fascist regime,0
Oracle has got to be on the top of that list too,0
Another reason to hate fucking United Airlines,1
Thank you This finally got my wife to uninstall DD,1
well shit United huh American doesnt really have a lot of flights here but i can change i guess,1
I wish people would just link to the articles the news came from,0
Not gonna lie I can imagine that theres going to be a kid in every school getting the shit beaten out of him for snitching Because theres always one,1
Kids instead of Boy Scouts join the new Trump Youth,1
I want off this ride,1
Back when I was a kid the local Loyalty Officer would give us sweets for telling him what was goin on with the adults around town Things they were sayin where they were headed that sort of stuff Nice to look back and know you were helping keep everyone safe even if you didnt know it,0
And conservatives yell about indoctrinating children in K and college campuses about being woke Scary times with these white nationalists from the Heritage Foundation and Federalist Foundation Its like theyre going word for word from the Handmaids Tale,1
What I like about my year old having a Trump Tablet is they are finally free from liberal indoctrination Theyre learning real world skills like massage therapy Why Tina was invited to MaraLago for a mentorship program,0
Ill take signs youre living in a dictatorship for Alex,0
I was assuming it was here in the comments Got a bit disappointed,0
If our blues are able to retake the throne it sounds like we will have a list of targets for nationalization,0
Kinda shocked hes not in charge of the DEA to be honest,0
Did you hear that fucksticks Put ShitStainWilly LLC at the end of your list Right at the bottom,1
I actually really like the idea of a site for small businesses that actively fight against this shit Always wanna support small whenever possible but so many of them at least where I live are in the cult I just quit my hairdresser shes good at hair but supports fascism so Ill save my,1
What if if it turns out to be the list of top,0
More than a few companies have done this so far It is becoming obvious that the multinationals dont expect to have to follow through on these WH commitments Theyre expecting the US to be on fire by the time anyone notices they havent really built anything or increased US employment,0
Its D chess shit The MAGAts probably think Trump played Tim,1
Wouldnt cook be the jester playing his subservient role You all come up with a lot of things that are divorced from reality,1
They actually want this Large businesses adore corruption because they can afford far bigger bribes than everyone else,1
With random blank hidden columns,0
Is you taking notes on a criminal fucking conspiracy,1
Push that notion out of your head forever These people are in a cult and while some unicorn few will get out the vast majority wont The only people worth engaging with are the median voter and the Democratic voter base,1
Were patiently waiting,0
Google sheets,0
Never this is what they want They are begging for a dictator and dont care how much ruin they cause the country or their lives as long as libs people of color non Christians and lgtbqia suffer,1
But they dont have thevpower to release the epstein files Which makes the article irrelevant,1
Im sure someone will find it on a FedEx printer by Monday,0
This person spreadsheets,0
Attack the independence of institutions of higher education Insist K educators adhere to ideological perspectives of the authoritarian regime,1
Slavery was no big deal,0
Rename historic cultural centers after themselves,0
I assumed the top comment would be something like duh Its crazy how normalized this kind of shit is This feeling of impending doom and hopelessness is turning into righteous fury Im prepared to die in the coming years fuck this,1
I know I was like wait this is news,0
None of you will arm up you think that protest marches are valid despite them never having acheived anything you told us all to respect their religious beliefs you kept on reelecting career politicians over and over for years What did you think would happen,1
Roy Cohen was part of both,0
Red Scare wasnt so bad because it was more about sleeper cells and small number of people secretly working against the interest of the US Now its of the country thats brain washed and working against the interest of a country and its people,1
The Orange Despair methinks,0
They outsourced that to palantir,0
For all of conservatives howling about social credit scores for years theyre really falling right in line to have it done to them,0
Love that show Nearly years old though not running continuously,0
Frowning Tim Apple emoji,0
Its not hard to piece it together ot will just be ranking who has given trump the most cash,1
This is great but if you think DoorDash and Uber are down and GrubHub isnt or if you think United is down but American isnt or if you think ATT is down but Verizon or TMobile isnt etc You dont actually understand capitalism Every publicly traded company has only one goal make more money They will bend the knee because being viewed as favorable from the White House is exponentially better for the bottom line,0
How is Uline not on that list,0
TeslaSpaceXXNeuralink not on the list Poor poor Leon worst way to spend million ever,0
Huh thats weird my DoorDash order seems to be incorrect Id like to get a refund for the entire thing since I didnt get what I paid for Huh thats weird I dropped off the food and even took a picture for proof Theres no way it could have made it back to my car,1
How many of their founders CEOs or upper management went to a Trump event child sex trafficking event or were recorded doing something at a Trump hotel or property,1
a collagen supplement website,1
Thats just a bunch of crap theyre trying to sell opensecretsorg actually tells you which mainstream companies donate to politicians,1
Are you sure thats the right url,0
Tons of scams on there I wonder why,0
I signed up with an alternate email address just so Id know which local businesses to avoid in a happy coincidence Id never even heard of any of those local businesses there seemed to be a preponderance of realtors very broey gyms and hunting supply places none of which I have any use for,0
Id settle for nationalizing our natural resources Its crazy that we give them away to private individuals for next to nothing and then hardly even tax them,0
I already avoid Home Depot like the plague I have spent more money at Canadian Tire bonus its a Canadian company in the last months than I have in my entire life A bunch of significant work purchases there as well,0
That is badass Right next to their about us tab is an about Republicans and it isnt even vitriolic or trolling Just a page explaining how awful the Republican Party has become and how good people shouldnt buy into a party supporting values they probably dont have What a cool company,1
Theyre on Trumps shit list different list all together Love Penzeys,1
Probably Costco too,0
Thanks for sharing ordered some stuff from them cant wait to try it,0
And their spices are legit fire Kinda expensive but super highquality and their mixes are divine,0
Best spices,0
Love Penzys We keep Mural of Flavor on our countertop and use it almost daily Any meat potatoes many vegetables its great,0
And Ben and Jerrys,0
Spice is all In all seriousness they have the best hot coco in addition to the best politics,0
Never heard of this company Planning to buy from them after reading this Outstanding,0
Thanks for pointing this company outmy wife got some in a gift basket like a year ago and didnt realize they were down the road from us,0
I just opened the link and it asks me to take the cookies but then I click on it and it shows exactly what each cookies are who they are from and what they do Im impress This sort of transparency should honestly be applied to all websites,0
The few maga fascists who can read get super upset by their email newsletter I cant recommend it enough It honestly helps get through the extra fucked up times Plus they give away free spices like all the time,1
Close We lost it to an asshole Australian and his media companies that convinced our electorate of dumb illiterate uneducated and incompetent electorate to vote for the dumbest illiterate and uneducated and incompetent bunch of brain dead morons,1
like i would feel a little better if the country had been taken over by lex Luther but we got taken over by evil homer simpson,1
It really was a chess vs checkers setup They thought they were playing checkers and we were so confused by their illegal chess moves that we didnt even bother to call it out and were just truly befuddled By the time we realized they were playing the wrong game andor cheating they had eaten the clock shit on the board stuck the king up their nose and declared they had won the Dominoes game That itself brought on even more confusion and by the time we recovered from that whiplashofstupid they had set fire to the building and we were unable to escape,1
That whole there are not that many evil people But there a metric fuck ton of STUPID people who are more dangerous than evil people even if the evil people are not leading the stupid They will lead themselves into evil with their stupid,1
The Naziss reputation of being ruthless gods of efficiency was also just the result of their own propaganda and the Allies postwar efforts to make their opponents seem more formidable The inner circle was a bunch of selfabsorbed small men on drugs with a penchant for ridiculous uniforms and backstabbing,1
Id be less mad if we lost it tolets call it evil Obama A smooth talking orator who was conniving and underhanded But losing it to the blithering idiot and the worst band of thieves to have graced highlevel politics in the most powerful country in the world still baffles me daily,1
But thats kinda the point They are racists After Obama they needed to prove literally any white guy would be better Trump isnt the worst by accident He was a social experiment to prove the most incompetent white guy would be better than a black man Between COVID Jan the failed Muslim ban the failed wall and s crap economy He did not prove this Now they need to make him dictator rather than admit their world view is shit,1
I think part of the issue is that some of those people also have an insane amount of money and power and they can just find smart people to pay to do whatever work needs to be done,0
Ding ding ding,0
not trying to shit on you or anything same side here but following up calling somebody most dumbest with illiterate is sending me lmao,1
most dumbest Even though I agree this is peak irony D,1
This isnt unique historically Strongman types are typically pretty stupid Being smart doesnt lead to a might makes right worldview Smart people might surround them to take advantage of their momentum for profit and status but the central figure is usually a dipshit,1
Theyre right under his tax return from,0
More like a not so subtle threat to the companies at the bottom of the list,0
It really was the deathblow to our democracy wasnt it Wow whod have thought inviting corruption openly would allow the wealthy to destroy America,1
I smelled that all the way back here,0
That feels like a lifetime ago,0
There are a million reasons to avoid DoorDash,0
Im on a delta flight as I read this,0
Why not There is Juniper,0
You should already be avoiding Uber given that its just an employment laundering scheme for serial sexual abusers,1
Im sure Uline is too,0
The company that installed back door access for the NSA I dont believe it,0
Thats their kink,0
They represent secondary steel manufacturers here in the US so heavy on recycled content from scrap So theyre doing super fucking well actually,0
Not likely it will be kids who dont snitch Most of the kids will be happy to be snitches I may be old but I remember childhood and kids are easily manipulated and love being bullies Children are natural republicans and the most malleable to becoming nazis Those little fuckers will be ratting on their parents,1
DARE,0
Sadly its Ken now,0
Yea I read the article I meant the full list,0
Good call You get more votes with your wallet,0
Yep Now we know why Zuckerberg was visiting a couple months ago Apparently he was in rooms he shouldnt have been in too This country is so fucking cooked I hope the small guy that voted for Trump thinking he was going to help his small business gets fucked Sincerely Fuck all these people that took our country and sold it to a fucking con man I feel so much spite and its because I love my country or at least what it was and what remains of it If youre reading this and you voted for Trump I sincerely hope you lose your business lose your house lose your fucking shoes You fucking sold us out,1
Everybody getting one over on someone else Nobody honest or hardworking anymore The entire economy is a grift,1
And run every mom and pop out of business,0
And they love deregulation,1
Yes But they mustve read the fascist playbook and that they lose too right,0
Well be waiting forever Billionaires are almost all fascists,1
Busted,0
Deploy a military presence to control cities under the guise of addressing crime,0
Fascist regimes diddle children,1
K plus universities,0
Fun fact its still legal for the US government to take slaves and Representatives like Derrick Van Orden RWI have been talking about taking undocumented immigrants and enemies of the Trump administration and using them as slave labor as they have committed crimes The Thirteenth Amendment Section Neither slavery nor involuntary servitude except as a punishment for crime whereof the party shall have been duly convicted shall exist within the United States or any place subject to their jurisdiction Section Congress shall have power to enforce this article by appropriate legislation,1
This is one people need to think about no matter which side they are on Why would billionaires want to justify something that happened years ago and doesnt even involve them They are chipping away day by day so that Americans accept the return of slavery,1
Im constantly doing that all the time I think we all probably do to some extent and can all guess with pretty good accuracy the sentiment of the top couple comments I hate it,1
Ditto,0
Stop feeling hopeless you should start with protests without violence help make the protests as big as possible so it can reach a level where it can adhere to the rule,0
Is this what they left on the hotel printer,0
I sometimes wonder what the orange blight would be like if he had met a different Mentor for example Harry Belafonte I like Harry Belafonte for that As it is our president needs an intervention Bigly,0
Where are you getting the number from,0
Ok so this line of reasoning started with identifying companies as being too close to the admin so that they can be punished with boycotts If Grubhub would do it but wont because theyre afraid how it looks then good It is naive to think that is materially the same as DoorDash actively trying to figure out how to please an openly fascistic authoritarian,1
Thats not capitalism That is fascism,1
Youre just hurting the businesses DoorDash takes the money from them if anything is wrong with the order,0
Is this a bot comment This has nothing to do with the thread were discussing,0
Theyve got methylene blue too But yeah surprise most of the companies willingly labeling themselves as fascists are borderline scams But like I mentioned even local small businesses willingly register themselves with the site So its worth checking who in your area to avoid,0
No its a marketplace for rightwing leaning businesses owners There are various brands on there,0
Yes,0
Whats Home Depot been up to,0
Whats funny is it started in a part of Wisconsin that is super republican,0
Just read it its honestly super generouslyspirited towards republican voters I think these kinds of humanizing yet unambiguous takes are exactly what we need to narrow the polarized chasm in this country,0
I shop there and in my last transaction the clerk asked what I used the star anise for I told them about a cold schezuan noodle salad I made that was my primary use and then they told me about the chai tea they made with it Anyways we exchanged recipes because both dishes sounded delicious,0
Absolutely fantastic spices D,0
They are the best,0
Their Black Red is one of my favorite things In case you didnt try it this time and youre planning a future order,0
Eh Unilever is probably up high enough on the list to negate that,0
Putin had a strong role to play in the destabilizing and normalizing of anti west sentiment as well,1
The Murdochs have been working to destroy the species on different continents Let it never be forgotten,0
We lost it to an asshole Australian and his media companies that convinced our electorate of dumb illiterate uneducated and incompetent electorate to vote for the dumbest illiterate and uneducated and incompetent bunch of brain dead morons A bunch of Foreigners who convinced dumb fucks that other foreigners were bad Elon Musk South Africa all they way till he was Peter Thiel German and lived in South Africa for a total of of his first years alive Rupert Murdoch Australia,1
Racism is a powerful drug,0
You forgot bout gingrish and stone among others,0
Lot of folks conveniently forgetting that many Western nations almost elected their own right wing parties Trump managed to cause a massive antiright backlash but the rot still exists,1
hes no Australian hes yours now,0
Nah We dont want him Hes not an Aussie has been a Yankee since,1
Yeah but Mr Burns spent a lot of money to make it happen,0
I say this every time this comparison comes up At least Luthor had enough faith in America to pretend to be a good person If Lex knew just how low voters standards are he would have campaigned on enslaving superheroes being able to eminent domain any rival companies like Wayne Enterprises and launching nukes at the Watchtower,0
Lex Luther is waiting in the wings Vance is the real pick Propped cy Theil,0
DudeDuette this is kind of the best summation of whats gone down in the last months Ive read Seriously youre good with analogy Unfortunately itsabout our current situation Nice one,0
I think your analogy needs to acknowledge millions knew exactly what was happening but were being told we all need to get along It was more like a WWE ref was watching the two players and kept slapping the chess player for speaking out against the illegal moves,0
Bonhoeffer might agree,0
Yeah we need to remember that in they had their choice of conventional suitandtie candidates They chose the crass racist internet troll Dragging everyone into the mud with them was part of the appeal,1
Thats what so terrifying about AI at least some of the eggheadsbean counters are human beings with feelings who might not enthusiastically be on board with whatever Dumbass McBillions wants done AI Right away boss,1
The fact that they came to that conclusion in Citizens United is a sure sign of rot prior to the ruling Leonard Leo has been ass fucking Americans for decades and few people actually know what an abominable piece of shit he is,1
Who is the best alternative I live in a suburb without a car so I get groceries delivered every week I used Amazon whole foods originally but over time the frequency and severity of mistakes went up and Id need to schedulereplace days ahead,0
Are there really a million DoorDash drivers,0
Time to pull a DB Cooper,0
You know what you must do,0
Work,0
And fortinet Aruba etc,0
Tell me you dont work for a large org without telling me you dont work for a large org You cant just go well okay were Juniper now,1
I wish I could get my hands on it It would be fascinating to find out which companies out of that pissed him off,1
Down the road yes but they are so short sighted that only the next quarter matters to them,0
Clearly define in versus out groups to promote a national identity,0
Declare multiple states of emergency so that you can then proceed to do whatever the crap you want that has nothing to do with the reason the state of emergency was declared while sycophants allow you to get away with it,1
Another form of legally sanctioned slavery is conscription For example Putin has enslaved millions of Russians to fight in Ukraine and about a million of those slaves have already died on the job Everyone knows Putin is a war criminal to Ukraine but if you consider conscription as slavery hes a war criminal to Russians too,1
I believe this is far more likely than people expect Basically turn undocumented labor into slave labor or to pay off their prison costs,1
Is it really considered punishment if you are using it as a way to get free labor rather than as a means to rehabilitate the criminal,1
Make no mistake thats exactly why theyre building these camps and rounding up immigrants It will be a short walk to them giving some bullshit about letting companies and individuals take the tax burden on themselves by housing and feeding the migrants and of course have the ability to force them into labor Then boom right back into the slave trade,1
Van Orden sure is making a name for himself,0
One of the many reasons the Constitution needs to be ripped up and rewritten as the authors intended,1
I have been to many protests I will continue to protest My feelings are constantly fluctuating I know the status quo is unacceptable Edit id also like everyone to consider the difference between hopeless and helpless We all make a difference and every voice matters,0
No Kings day was the biggest protest in American history and it did nothing,1
What they left on the printer was WAY worse,1
Some will argue that one leads inevitably to the other and others will argue that they were one and the same right from the beginning Its really an academic discussion at this point however,0
Nahh this ones actually on capitalism this time,1
Its literally capitalism but do go on,1
Its both actually the end of capitalism is fascism,1
I think theyre suggesting using Doordashs service but then falsifying reasons to demand refunds to hurt their business So it is relevant,0
Are you sure Still thinking about McDonalds Looks like you left something behind at McDonalds Complete your order soon and support local businesses and Dashers Order Now,0
I dont think you linked the right thing,0
This is a much different link lol,0
Bad guess Theyre certainly not perfect but they are among the most socialforward of the megacorps,0
Lets all agree that a bunch of rich assholes have made it their mission to destabilize the US from within for their profit and it is up to those Americans among us to fix it,1
Dont forget Zuckercuck and his ilk who failed to moderate anything posted to their shit infested social media sites,1
The USNorth America Australia and what other continent,0
He might be the single human being who has caused the most harm to humanity and the planet I think that would be true already but its certainly true when you consider how permanent and long lasting his impact is I really wish he was treated the way he deserves,1
Their target has always been the English speaking world,1
Dang but totally fair,0
I mean we dont want him either Hes not an aussie or a yank Hes an asshole that doesnt deserve a home country When he dies he should be buried at sea so the sharks get a good meal of him,1
Who is the best alternative I live in a suburb without a car so I get groceries delivered every week I used Amazon whole foods originally but over time the frequency and severity of mistakes went up and Id need to schedulereplace days ahead No one can answer because they are all sort of scummy and all food delivery services tend to be exploiting their workers There is no ethical alternative besides doing it yourself I dont judge though,0
Well you can Youll just get laughed out the room,0
Build a concentration camp and disappear undesirables,0
Snatch people off of the street,1
Which is fucking dumb Were Americans It shouldnt matter what you look like who you wanna have sex with what you wanna be called the color of your skin whatever Were American and that should be what matters We shouldve united on that instead of divided on everything else,1
He was quite touting how hes one of the lead Representatives who has been pushing the common sense solution of slavery during a digital town hall where he took prescreened questions a few months back He also called for the closure of all universities in the district and for the Department of Defense to be turned back into the Department of War Strangely he has been hesitant to do them since Ive been trying to convince a Republican to challenge him and just call him out on his bullshit so he doesnt run uncontested in a primary again We have good Dem challengers but we all know the narrative going into next year will be dissentfighting for the soul of the party in the Dems and solidarity from the folks building concentrating camps The guys building concentration camps should probably have at least a little bit of soul searching even if they end up going in favor of the camps,1
I mean the american prison system doesnt give a shit about rehabilitation regardless of whether or not youre a citizen,1
Van Orden has been clear he doesnt just want immigrants in the camps and that US citizens should also go into them for suitable crimes He also has talked about how defying Trump is likely inherently illegal due to us being in a state of emergency due to invasion Hes also said he only wants military spending that puts lead in bad guys heads that we need to turn the Department of Defense back into the Department of War and that colleges need to close down and be turned into job training programs that hand out certificates that qualify graduates for specific jobs as determined by the GOP Theres a good chance your states business owners will have to come across the state line and pay Wisconsin sales tax for their slaves if he gets his way,1
Its an academic discussion playing out in real life But I agree,0
Dont be ridiculous that sounds unconstitutional,1
its just a very bad website it looks like adsshopping but its supposed to be a directory of conservative businesses,1
I did,0
Well thats because thats a news story about the website But the link they included in the story is literally the same website,0
Yup I wont disagree that Americans hold blame But my biggest worry is if the US gets knocked down and never manages to recover the same tools to destabilize the US will just be employed on the new enemy of certain groups Humans arent immune to this kind of thing unfortunately but it makes it easy to think that cant happen to us The Americans were idiots when in reality propaganda shifted this nation over half a century I mean also we were idiots but I am a firm believer that no nation is free of idiots,1
Lets not forget to give Reagan the credit he deserves,0
Europe,0
Antarctica Why do you think they call them Emperor penguins,0
Sharks are an important part of the ecosystem I dont wish that bitter gristly mess on them,0
Oh ok I thought people were suggesting door dash was doing something uniquely worse than the others Ill continue practicing my impossible ethical consumption offset by cutting elsewhere I hope the tip inspired by that one George Carlin bit for the mile chicken over rice delivery allowed them a single step forward towards their goals,0
Build event spaces to give tribute to the great leader at the peoples expense,0
Wont release the Epsteintrump files,0
I hate this dumbass country sometimes good lord,1
The issue is that theyve changed the site now and you cant view the interactive map on the near me section Looks like you gotta install the app to view it,0
Which is confusing at first because of the way its presented,0
We no longer talk about reality from a common basis Were another decade of cable television from half of us doing math in base,0
Germany recovered from its fiasco and became stronger We will do the same,0
Just look at how many other nations have recently been wrestling with altright popularity surges Its kind of terrifying,0
Substitute public education broadcasting with propaganda broadcasting stations,0
Provide meaningless awards to Dear Leader,1
It still shows some results on mobile Maybe they got mad because people are using it to boycott the business that register with them,1
Base is just like base though if you are missing three fingers,0
I hope so One thing with Germany a lot of allies including the US helped them get back on their feet There is a reason that trump is currently working to burn bridges with allies because the best hope of stopping the US from recovering is to make every ally look out for themselves only,0
Create and fund a personal Army,0
Cover your stolen house with gold leaf,0
The results on my phone show listings but I checked one and its a local business in Arizona while I am in Texas They seem to have really messed the site lol,1
And I mean really who makes it through their childhood of laboring without a least a few bandsaw mistakes Kids who are soft Thats who,0
what you think the people who helped rebuild germany were nazi allies lol no they also burned bridges,1
Consolidate power across the government,0
Tough guy here got a saw Ill have you know I lost my thumbs in the textile mill thank you very much Fucking thread crippled me,1
The US UK and France absolutely helped out Germany more than a little I am saying allies as in the allies from WW that helped rebuild Germany while it was divided and then once the USSR failed they helped again Hell the Berlin airlift alone was one of the most impressive sets of international aid ever If the US doesnt have other nations willing to go to bat for it during the recovery it WILL be harder,0
Even if they didnt leave it using a public printer is incomprehensibly sloppy Anyone could recover that document,1
The documents show that Trump planned to give Putin an American bald eagle desk statue,0
That a hotel printer was used that contained information of vip locations times names is a security risk for targeted assassinations That it also had strategy says it could be leveraged against the USA and our NATO allies Trump is a national embarrassment shuffling security risk,1
I work for a pharmaceutical company and travel a lot My shits not national security just trade secrets that would probably be useless to anyone else even other pharma scientists Minimum I mean bare absolute companydoesntevenhavetotellme minimum security precaution is that you dont print on a fucking hotel printer,1
So this is what the candidate without the weird laugh is qualified for,1
Is there anything this dipshit does that someone can point to and say That was really well thought out and accomplished,1
Theyre incompetent as fuck but this might have also have been deliberate The worst of all worlds with this regime,1
Amateur hour my god,1
The most transparent administration by accident,1
Amazingly likely not even near the top of the list of least secure places theyve left secret docs,1
Thats exactly the kind of security that I expect from the Trump Admin,0
This is the same kind of embarrassing sloppiness that has been the norm since Trumps first term The people signing up to work for a baffoon are not career professionals,1
Nevermind that they left stufWhy the hell were they using a public printer and presumably public network in the first place Just wow Incompetence from the top and all the way down in this administration,1
Here is a nonpayeall from the original source TrumpPutin documents left on hotel printer NPR,0
If it were the Biden admin theyd be demanding impeachment,0
And the hits keep rolling with this administration,0
So is it time to chant lock them up yet or do we reserve that for much less clear cut cases of poor security practices but dont actually resolve in the information being leaked out to anybody,0
They cant secure an office printer But they can secure our country Gimme a fucking break,1
This administration is a walking talking security risk As well as being headed by a convicted felon adjudicated rapist and accused pedophile,1
Tell me again why Hillary Clintons use of a private email warranted chants of lock her up while this administration is as sloppy as the day is long and gets away with it,1
A public computer on an open network These are not serious people Americans should be frightened to think what we dont know about,0
I can see the filenames Secret codes Final FINAL Revised OK docx,0
Trump and his cronies are all idiots I bet they used unsecured phones and computers and the Russians heard everything they said And all Putin has to do is to stroke Trumps ego and he can do anything he wants with trump And those idiots on the conservative sub They were all like putin is short and trump is tall as if that has anything to do with anything,1
Trump is surrendering to Putin,0
Your President is a fool and a pedophile,1
But her emails And her annoying laugh,1
Wondering if he would have had ketchup for that filet mignon lunch,1
A bunch of Incompetent useful idiots for Vladimir they are all a threat to national security We know what comments are coming from donnie hell call it fake news,1
Also The International Criminal Court has issued an arrest warrant for Putin for war crimes which Trump ignored making Alaska a safe place for Putin to fly to and avoid arrest Through this meeting Putin has broken out of international isolation and wasnt in the least challenged by Trump Laurie Bristow a former British ambassador to Russia told the Associated Press They spent three years telling everyone Russia was isolated and today they saw the beautiful red carpet laid out for the Russian president in the US Russian Foreign Ministry spokesperson Maria Zakharova told Axios,0
Of course they were This admin is a bunch of morons,1
Clownocracy,1
Of course they were because a public printer was used Because this administration is woefully incompetent so of course,1
Incompetence Fire them all,1
Putin Takes his literal back to Russia to make sure no one tests it for diseases or anything Trump Forgets to take sensitive documents out of the public hotel printer,1
This would never have happened in any other administration unfortunately it is just another typical day in the Trump administration,1
But her emails though,0
i should be shocked about something like this happening but absolutely nothing this incompentent piece of shit and his administration do comes as a surprise anymore the worst president in the history of the united states wow,1
Connect via WIFI to printer Device Name Print Hegseth,0
Really not the bathroom Thats where the documents of value are found,0
Trump is sooo insecure Emotionally insecure Operational insecurity National insecurity Bankrupting casino level financial insecurity,1
thats nice if theyre this sloppy here how bad is it overseas and all his other stupid trips,1
But her emails,0
I bet if you check the history of that printer you will find more classified documents These people are fucking stupid,1
But her emails S The docs were probably just itinerary stuff,0
that is on brand for these people,0
That our TOP NOTCH SECURITY,0
Trump planned to give Putin an American bald eagle desk statue Talk about a cold open,0
This really is the most incompetent administration in US history,1
Remember for example that Qatar is giving Trump a plane to use while he is president and beyond Then they read this headline about the printer They are all laughing at how easy it will be to spy onbuginfiltrate and compromise even further knowing the incompetence Trump has surrounded himself with,0
The Gang That Couldnt Govern Straight No one would believe this if it was a movie,0
What a stupid timeline we found ourselves in,1
Well one thing is certain They werent his because he cant read,1
I got charged for doing something similar,0
Yikes Id hate to be on the White House Comms Staff now The position used to be competitive and prestigious This is what you get with brownnosers over competency,1
in the past this wouldve been seen as a limited hangout or even just a complete fabrication use as deflection but weve come to realize that the people in charge right now are all just incompetent andor dont give a shit,1
Morons And communicating over a public wifi,1
Theyre both ridiculous clowns,1
Trumps response will be Biden or Obama did it and he just made it better,1
Used to be that you had to randomly get invited to an unofficial group text on an unapproved platform to get scoops like this,1
As bait,0
Its like the F FerrariMclaren scandal lol,1
Most transparent administration,1
This would be unbelievable for any other administration unfortunately it is just another day in the Trump administration,1
It was left for aipac operatives to grab,0
I used to work a job at an FBO at an airport Obama flew in once AirForce One parked at one of the other ramps from where I worked but a lot of the secret service guys flew in other planes and came to the ramp I worked at After AirForce One departed we were walking around the lobby and noticed a folder laying on the table It was the detailed itinerary for the president A short time later we got a call from the secret service asking if we had found a folder We informed them we did They said someone would be by shortly to get it True story,0
This submission source is likely to have a soft paywall If this article is not behind a paywall please report this comment for breaks rpolitics rules custom incorrect flair More information can be found here I am a bot and this action was performed automatically Please contact the moderators of this subredditmessagecomposetorpolitics if you have any questions or concerns,0
Incompetent assholes The entire trump administration,1
The level of incompetence with these ghoulish jackasses is staggering,1
Could you imagine how overwhelmingly powerful and authoritarian regime would be if they werent so goddamn sloppy,1
Eh nobody cares about that,1
no they did bring their own printers but were connected to the hotel wifi and printed it in the business center by mistake,0
Someone had too many drinks on the flight to Alaska,0
Sloppy at best from whoever left them there but not quite secret info,0
I guess with some things they really are the most transparent administration,0
This administration and their DUI hires are a bunch of morons They just simply leak everywhere One thing they just cannot leak is the Epsteins Files,1
Keystone Kops administration Were going to suffer either a domestic or foreign terrorist attack arent we The world laughs at despises ridicules and hates Trump and this administration They treat other countries and world leaders as if they are somehow better or smarter than them but theyre not even close I guarantee their phones computers communications are all compromised Were in deep shit,1
Leaving documents like that in a printer isnt a joke Any one of these simply lazy actions taken by this administration should be by themselves grounds for termination of their administration The security stuff that was in place isnt a god damn recommendation,1
The lunch menu was fabulous Treat a murdering dictator with nothing but the best Then he turns up his nose and wont even stay for lunch Nice guest behavior,1
I wonder if any of those numbers were personalprivate numbers that could be easily sim swapped or DID slammed since people would have public information of their identities and now phone numbers You know Just out of hypothetical curiosity I wouldnt be surprised if they were not government owned phone numbers with how incompetent his staff have been,1
Were any of them happen to be Epstein Files We like to see those,0
printergate,0
Isnt this the group that made a big deal about some emails a while back,0
Lunch was cancelled Trump handed over a glass eagle Whats the big reveal,0
Where was the baby oil,0
This was a Trump Apology Tour Trump was using this as an opportunity to put Putin and Trump on the world stage Trump used this opportunity to apologize to Putin for saying mean words about Putin and Russia to tell Putin Hey I have to say mean things because of politics Im sure you understand I love you and Russia and just wanted to make sure you wont release my child porn and pee pee videos and oh look an F bomber for you Just nod and smile and we are golden brother,1
Whoever found it hopefully took pictures,0
This should be everywhere Why is he always leaving important documents just laying around First mars largo and now Alaska,1
I bet this admin cant open a pdf,0
Honestly is anyone even surprised by this level of incompetence anymore,1
Spies jobs have never been easier this last decade,0
Oops,0
Cool,0
Ive seen very little comments across all these articles about how juvenile the itinerary looks Was this made with Word I had high school documents that looked more professional,1
Her emails,0
for the agent to pick up,0
Most transparent administration in history,1
Of course they were,0
Once Air Force Qatar is operational it will come with its own goldplated printers and this will never happen,0
You have no idea how many tourists from all over the world stay at the Captain Cook hotel this time of year anyone could have gotten their hands on that info This should really be a major scandal,0
What a bunch of absolute morons,1
Fuck the facists No matter the nation,1
DC is occupied Trump is on the Epstein list These nonnews stories are covering up the truth Why are we talking about a meeting where nothing happened,1
The stupid WhiteHouse is incompetent Obviously,1
Another day in the comedy show that is American politics You couldnt make this shit up,1
Thats absurd dont they know that the signal app is to be used for these kind of communications,1
As with the first term it is almost hilarious how fucking terrible everyone in this admin is at their jobs,1
Remember the documents dont say anything important because the people who wrote them are fools who had no plan to accomplish anything at that summit,1
Seasons Landscaping Motel,0
In honor of his excellency Excuse me while I vomit Thats far too flattering for how vile Vladimir Putin is,1
This administration,0
Are we surprised at the incompetence of this administration Im not,1
Sounds about right for this show administration,1
Only the best people some asshole,1
Same administration had war planning group on signal group chat,0
Did they leave a print of THANK YOU FOR YOUR ATTENTION IN THIS MATTER,0
I wouldnt be surprised if trump falls for one of these scam calls one of these days where Michael from Microsoft Tech Support dupes him into sending a bunch of Apple gift card codes to fix his computer,1
That document contained information of vip locations times names is a security risk for targeted assassinations So Im ok with it,0
How incompetent Meeting times could have been valuable information for a sniper,1
Must have been a printer in a bathroom,0
Im imagining Vance walking to the hotel reception with a thumb drive Can you print something for me Wont take long,0
Is it really that shocking,0
Im jacks complete lack of surprise,0
While leaving a copy of these documents in a public printer is bad all the events were in a joint Air ForceArmy base It would be basically impossible for anyone to breach the base Different story if the summit was being held in a public hotel or convention space,0
But her emails s,0
Little disappointed thought it was gonna be some interesting shit,0
I once used a hotel lobby printer and I found copies of IDs and social security cards in the downloads folder for like four people that seemed to be related by last name and town in the address,0
Surprised theyre not found by a toilet,0
Is that administration capable of anything but enriching themselves and making life miserable for the general population,1
Pretty onbrand for the same regime that accidentally added a reporter to a classified military groupchat,0
Were you expecting any different from the guy that left classified docs in his Mar a lago bathroom,1
Nothing but the best and brightest baby,0
As a Brit Keir Starmer praising the clown was cringey I get that it is how you have to deal with the toddler but I am sick off him being such a wishywashy lackadaisical fool on everything Got to admire the Chinese from poverty to superpower in a short time Look at Shenzhen in and today A small fishing village to the worlds biggest technology hub,1
Its funny They think that trump is kissing up to Putin aka all dictators and forget that Gavin Newscum effectively Zambonied homeless people out of his cities to roll the red carpet out for a Chinese dictator,1
Ive been to a few of these type of things on JBER specifically the Air Force base where the event was held the documents in question are just the itinerary and specific guest speakers etc and the meal menu Its like a handout you get at an event or something The meal was apparently scrapped so these might even be just old ones before the new ones were printed Theres no FOUO information on any of this and while it IS bad OPSEC this is a nothing story fueled by Trump bad I dislike the guy as much as everyone else but perhaps the attention should be on the fact that he still hasnt released the Epstein list or that it seems he is negotiating pardoning Ghislaine Maxwell to get a positive story from her to get people off his back Or we could talk about his earlier rhetoric about Palestine now that national opinion is switching to a more proPalestine movement his idea to turn the Gaza Strip into a resort Or perhaps talk about him holding negotiations about a country without involving the leader of that country and betraying all the work the rest of NATO has done in order to keep the genocidal dictator he was wining and dining at this event not to mention the North Korean style show of force with his little air show Trump provided that required a complete movement of expensive strategic and tactical resources from Fairbanks to Anchorage from taking over a sovereign nation just because of Putins insane hubris Idk I dislike stories like this as someone who worked in military intelligence There are legitimate concerns to be had about trumps handling of classified documents and it waters down the real stories when stuff like this is just liberal tabloid to make people who dont know anything about it go oh my God Trump is horrible and its less journalism and more sensationalism Anything for more clicks though,1
I guess I just always assumed they would travel with their own secure printers and computers,0
Absolutely Printers have memory and even if the printers logsbuffers are behind an admin pin the hotel staff or contracted IT are just as much a vector for leaks as anyone,0
I mean hes meeting basically the head of the KGB Might as well just publish all the documents in the Moscow Times or whatever,1
Like everything about this administration There are no serious people Im all the department heads placed for political reasons wont listen apparently to any of the competent bureaucrats I assume theres lots of staff who have just given up on our letting them fuck up everything like this,1
This administration is a sloppyjoe sandwich Messy as fuck Greasy as fuck An embarrassment of a sandwich cause it aint got fuck all for taste,1
Its almost as if the whole commonsense governance the GOP loves to spout about attracts unqualified and reckless people I do it at home whats the problem,1
Dont let this distract you from CROOKED HILLARYS EMAILS,1
I worked for a Fortune company and they put codes on the photocopiers And they werent like for the whole department it was characters including having to press the keyboard to numbers to nonletters or numbers like times and individualized WAY over the top It was slowing me down and pissing me off so I challenged the IT VP on it saying the wasted time by me wasnt worth the potential savings of tracking everyone He said corporate said we have to do it in case the cleaners try and get into the memory and print out what we photocopied that day I replied The same cleaners that wont stop using a dirty fucking rag to clean my monitor everyday Like we were a level British government agency and photocopying the location of all the double agents every day Meanwhile the US presidents people are at Kinkos photocopying the nuke codes,1
Transparent in this administrations case is just incompetence,1
But her servers,0
Id be surprised if other world leaders meet with our president This is some slapdick level incompetence Theyre lucky there wasnt an assassination attempt,1
To be fair the KGBFSB probably hasnt gone after hotel printers anymore for the last years because its just so unfathomably stupid,1
At least hes not charging people to access to it like he was with the Mar a Lago bathroom,1
Nah rules and laws are for suckers and losers hes used to leaving top secret documents near the shitter any normal person wouldve been interrogated and jailed for years,1
Maybe they are working on the no one can be that stupid level of op sec where foreign agents dont even think of the room temperature IQ ideas they have,1
bUt hIlLarY hAd aN eMaIL sEveR MAGAidiots,1
Do you expect anything less from these incompetent assclown,1
You think these nepo billionaires running the place know anything about security The guy hires idiots,1
Maybe that was the point,0
first time,0
Its almost a style guide point,0
chance this wasnt deliberate,0
I think thats code for some disgusting sexual act,1
Im surprised he hasnt forced us the rename the bald eagle as the Trump eagle or something,1
No He is a fucking traitor Theres no joke No punchline,1
This is what happens when you dont want the most competent people you want the most personally loyal people He keeps firing the best and the brightest and hes stuck with either weird ideologues or people that could never climb this high on their own,1
At least I can take comfort in knowing that all of the people who were outraged by Hillarys email server are about to go ballistic over this s,1
Consider if someones mission was to intentionally destabilize or even destroy the American government from within Consider that Trump is capable of doing this because he is so morally bankrupt from any shred of loyalty to American ideals The irony being that he demands submission from so many And dont forget that he is also stupid enough to have accidented his way into this But that doesnt change that he is an actual existential threat to the future of American liberty,1
a security risk for targeted assassinations Some people might say Dont threaten me with a good time But Im not one of them,0
Idgaf about the politics of this anymore Hes a national security risk with an incompetent administration compromising our safety EVERY DAY Hes taking advice about our democratic elections from a damn COMMUNIST He needs to be th or impeached and removed from office FULL STOP,1
This is bullshit,1
Also when security is so lax it gives room for genuine bad actors to share classified information and make it look like a mistake,0
I used to do bb sales selling copiersprinters to companies like hotels and the default password out of the box on our units was and users more often than not did not change them Not even kidding,0
I had to have my fingerprint ID enabled on my phone because I had a work email for a dispensary I always thought that was wild,0
If you had to print a document while traveling where would you do it,0
No laugh at all really I feel like laughter left Trumps life the day he broke up with Jeffrey Epstein,0
Bringing competency back to the White House,0
deleted,0
His inevitable heart failure,0
The fascist coup hes enabling,1
Naw theres no D chess its just incompetent,1
Underrated comment,0
We all remember the MaraLago bathroom document storage,0
Thank you very much,0
Always has,0
Eww,1
That he is using tax payer money to up fit it then get it for himself after Mf,1
Exactly The number of plot holes and inconsistencies would drive any viewer to madness,1
Pretty cool that the USSS was on top of it like that How long was it between finding the folder and getting the call,0
That seems worse,0
We know it wasnt Hegseth because he wouldve had ten too many drinks,0
They did NPR reviewed photos of the documents taken by one of the guests who NPR agreed not to identify because the guest said they feared retaliation,0
There was a rousing Oh thank god from nonBrits when Starmer was elected I had to explain to friends that no he was not going to be any kind of saviour Hes only about two steps away from being a Tory himself Maybe one step these days,0
And that makes Trump diddling kids and selling out America to Russiabetter Okay Whats your point,1
As an aside about the air show what did they think That Putin would think Trump would bombshell himself to get to Putin They were right beside each other,1
Thats what competent diplomatic team usually do,0
Instead they used the hotel business center like boomers printing their boarding passes,1
Usually they travel with their own suite of tech shit At least some of Obamas former staff have talked about this in the past,1
They probably do But just like Hegseths signal chats this is easier,0
They did until the morons in charge fired everyone who was competent,1
I print memes on hotel lobby printers for fun while im staying there Its crazy the government uses the same thing,0
No only the printer lady that pops off articles with Trumps name in them to make him feel better Our security is a joke with these incompetents,1
And I always assumed the deep state or FBI or whoever kept an eye on christofacist groups trying to carry out a hostile takeover of democracy but here we are,1
Travelling clown shows dont usually carry printers,1
Why are we evening printing shit these days,1
No no youre thinking of them traveling with their own poop briefcase because thats what Putin does,1
This is what happens when you purge the government and fill it with incompetent sycophants Guarantee this kind of crap is happening all over the place,1
Right Like wtf is on Air Force One,1
They did Its kind of the point of air force A mobile command if needed I guess Trump probably gutted the printers to make room for diet coke,1
They do They have secure comms but use personal phones too They are stupid and incompetent and a gift to spies everywhere The next administration needs to move of the DOD budget to counterintelligence for cleanup as a start,1
At least he did Remember the story about a personal aide that follow him around giving him article to fix his mood,1
And you KNOW that admin password was never changed,0
A some of the contracted IT techs I know were prison trained,0
May be routing things through a print server too May even be connected to a cloud system,0
I used to do bb sales selling copiers and printers to businesses like hotels and our default password on our models was Rarely did the user change them Not even kidding,0
And copy machines have a hard drive in them or they used to You could just pop the panel and remove the hard drive if nobody was looking,0
Only if they are setup that way and the logs are usually just logs of when things were printed and by who and not the whole file But that doesnt fit your narrative Does it,0
The KGB agent also rode in the US Presidents vehicle The Beast Hope the next nonRepublican in office has that thing scrubbed for national security risks Shouldve never had a foreign adversary especially THAT adversary anywhere near the United States Foolish Hes putting all of us in danger,0
Theyll just charge anyone who finds it with hacking and espionage Security through lawfare or whatever,1
Especially their opinions being unqualified Like when their gladhanders in FB comment threads claim any inconsistency in a grifters argument Charlie Kirk is a false narrative or that pointing this out is bullying them A la Trump and Roy Cohn clearly understudies of his attack attack attack legal strategy,1
The ol rusty eagle,1
Whatever it is happens on a desk and ends after leaving behind a statue of some kind,0
Bald Eagles as a species have been indocturinated into the US mind that Eagles are so majestic and powerful apex predators If youre easily offended then stop reading now and continue believing the legends The viral vid of the fisherman throwing a fish in the air and the eagle catching it is exactly the perfect example of what lazy and thieving pieces of shit Eagles really are Oh it is true Eagles are apex predators but they would rather steal another birds hard earned catch and bully the smaller bird out of thier work and their sustinance Thats why Eagles biggest populations are located near landfills especially the further inland of the US Ya know where creeks and streams are too toxic to eat the fish from if any exist,1
Dont give the regime ideas,0
Cant associate bald and Trump More likely it spends a couple of years as the Great Hair Eagle then becomes the Trump Eagle,1
The Perfect Hair Trump Eagle,1
the Big Beautiful Hair Eagle,1
I mean he is a traitor but they also did this on purpose Pathetic little brats cant not be in headlines BuT hEr EmAiLs crowd terribly silent right now,1
Its true that they prefer loyal people to competent people But even if they didnt most of the competent people wouldnt want to work for this administration anyway This is who they have working for them because this is who they can get to work for them,1
On the plus side the American revolution army will be well staffed,0
If you want people to take you seriously you can start by getting at least some basic facts correct Putin is not a communist and Russia hasnt been anything resembling communist under his rule,1
Putin is not a communist The Soviet state fell years ago Putin is a former KGB agent current autocrat Russia is no more communist than the US at the present momentthey might align on ideas about autocracy however,0
Get someone to print it on company premises and courier the document to you If something is that important that you need a physical document its worth the cost,0
I cant say Ive ever seen the guy laugh ever An occasional smirk and nod but never a full laugh,0
Na I think Epstein broke up with Trump,0
But you know what She actually had accomplished things in life Completed degrees became a lawyer in public service Far from perfect of course but I challenge anyone to put it on the line and take the heat of a high level election and score in all areas its never been done and never will be Plus Trump himself claims election was rigged for him A Harris administration would mean not having to worry about completely illegal actions coming from the White House I like my government dull and predictable,0
I wonder if his heart could be nominated for the Nobel in that scenario,0
Removed by Reddit,0
Hell finally get his Nobel Peace Prize when those plaque ridden arteries finally give up,1
Yeah Occams Razor is probably the answer,0
Such is appealing to the perpetual peaked in high school types among his base,0
I dont remember exactly I wanna say a few hours,0
Prove it,0
No it was meant to be like look at how big and strong my military is Americas strategy before Trump was to meet with foreign leaders as amicably as possible keep warfare in warfare keep our capabilities secret or at least the real capabilities and release numbers that were lower to the public Then Trump came in office and now we have military parades and air shows for foreign dignitaries like we are Russia or North Korea Ironically this is amazing for their open source intelligence analysts of foreign nations because they can collect information on our air craft which is bad OPSEC in general and with enough of these events they could have a pretty good picture of our capabilities which is a bad thing in the case of war,0
Name just one competent thing this administration had ever done,1
Also didnt Sergi Kislueack bug the oval office in taco scoops of ice cream krasnovs first term,0
Yep worked with the White House comm team abt yrs ago they had all their own equipment But god knows if that team even exists anymore,0
Imagine how large the font is,0
Probably emailed it to their Hotmail account so they could print it,0
Just wait for the day when youre doing a multi flight journey across multiple countries and your phone dies or craps out just before boarding,0
As a boomer I resent that Even I am not that stoopid,1
To my knowledge the Presidents shit is collected and secured so adversaries cant analyze it This is like nightmarish bad security,1
I heard a piece on NPR before the meeting about how presidential travel and highlevel meetings would normally take months of planning for travel security logistics and contingencies The guest was shocked that this was being thrown together in just over a week and said some things were bound to slip through the cracks Looks like someone forgot to bring the printer,0
DSS Diplomatic Security Services basically has two entry doors IT and armed agents that travel with high ranking officials,0
Id imagine even a decent sized circus would have a small trailer with computers and printers they could use for office tasks This administration doesnt even rate as high as a clown show anymore,1
Too many clowns already in the car,1
Hard copies for some things are still nice to have Can be quicker and easier to get to than just having it on your phone,0
Old people,0
Now thats some tight ass security,0
Shes still printing away as far as Ive heard,0
You mean password isnt a good password,0
He could drop a locator in the seat the size of an aspirin and it would never be found,0
Lawfare thats good Whoever can afford the best lawyers wins Totally fair s,0
Rusty trombone,1
An apt description of both leaders too,0
Its true technically they arent communist anymore but are still a dictatorship and under the Soviet Union Putin was KGB for at least years And there is this comment Putin made in support of the old Communist government USSR Putin Soviet collapse a genuine tragedy In his annual state of the nation address on Monday Russian President Vladimir Putin called the collapse of the Soviet empire the greatest geopolitical catastrophe of the century I think Putin misses the old Communist state,0
Basic facts are that I didnt say Russia is communist Putin however is as much stuck in his Soviet Union KGB era as The Orange Pedo is stuck in the s acting like a mob boss Both of them are far more dangerous than people seem to care or understand which is another reason were even more vulnerable and at risk as a country THAT is what we should be taking seriously,0
Donnie creeped out Jeffrey fucking Epstein,1
No it kept him going for too long,0
Not my job Youll want to talk to all the Republicans covering for alleged kiddie diddler Donald J Trump by running interference and preventing transparency in the government for that But if thats too much to ask you could start with the clowns covering for him online like you,1
They are competent at being incompetent,1
Shown how corrupt our government is and a rough number of how many gop will openly admit to not caring about rapedand trafficked kids,1
Destroy democracy,1
Thats a pretty good flag pole and under budget too Tacky as fuck but Ill agree that it stands upright,0
Mapquest directions to the kremlin,0
Its phonetically written with pictures,0
Its a three paragraph document spread across pages,0
Trumplers assistant Make it look like sharpie font,0
Excuse me hotel person how do I Hotmail here,0
I get paper backups at check in and keep them in my carry on I also have a power bank for my phone,0
the issue isnt that they used the business center the issue is they exposed highly sensitive and classified state secrets to a hotels network Then they left those documents in the printer for someone else to find Anyone who has ever worked corporate has taken security awareness training about not doing this You dont use a hotel business center for work You dont use any usb ports furnished within a hotel room they can and have been used to install malware on peoples devices you dont know what the usb port connects to They did this with state secrets,0
Well to be fair Trump skips that step and just carries it with him,0
BFD he probably handed Pootin a USB drive in the beast,0
They had air force one with them It has multiple printers onboard This is somehow even worse than forgetting their own it didnt even occur to them,0
Vibe Administrating,0
Oh ok,0
Not if you know how to work your phone,0
Ah so That printer only for super important document World leader document is lower grade business center will di,0
Cue Spaceballs Thats the same combination as my luggage,1
If its an HP printer its even worse than that,1
What did you write in quotes I just saw,0
Would need a big sharpie to draw an arrow pointing to it,0
Rusty Venture even,1
Translation I cant but I like to talk shit on the internet,1
Outstanding even,0
They care but the kids have to not be born yet,0
A floppy disk with Launch Codes If found please return to Maralago scrawled on the front in barely legible sharpie,0
Probably more like Excuse me hotel person I need to download the Internet,0
That would have meant going to the airport They were probably hungover and lazy,0
I get printouts for camera assignments before a game I can then tape that to my camera for easy instant access during the game where getting my phone out would not be easy This is just one instance where its nice to have a printout Can you imagine any other scenerios where it might be nice to have a hard copy,0
Dr Schlotkin do your worst And someone change the combination on my luggage,1
It says your luggage combination Nice panties for your wife I assume,1
Translation If Im intentionally obtuse I can argue in bad faith and make people think that Trump didnt really diddle all those kids with his longtime friend Epstein Its a perfectly normal thing to be best friends with someone who traffics minors I wish I could be Donalds friend too,0
Yeah but it would be in in indecipherable code LC if found rt to MAL WC,0
Ah the classic internet lawyer move when you dont have evidence just replace it with a bad faith translation dripping with projection Newsflash being in the same orbit as Epstein doesnt make someone guilty otherwise half the elites you probably worship would be in orange jumpsuits Screeching Trump diddled kids without proof doesnt make you bold it just makes you look like the conspiracy addled cousin everyone avoids at Thanksgiving If you had facts you wouldnt need emojis and middle school sarcasm to prop up your argument,0
Water Closet,0
Brother this is not a court of law and nobody is on trial here Youre just setting the goalposts wherever you need them to be to sleep well at night wrapped in your Trump flag Nothing is hidden Theres plenty of evidence already filed in courts about Trumps actions If you havent seen it thats on you What you choose to believe is your own moral compass but dont expect everyone else to sink down to your level You can be smarmy all you want Youre not fooling anyone and choosing to cover for a pedophile is about as transparent as it gets Theres no excuse for it,1
Yeah where there the other important records,0
Cute speech but you just admitted the game this isnt about facts its about vibes You dont need a courtroom because you dont have evidence just the comfort blanket of repeating plenty of evidence like a mantra while never producing any Meanwhile you smear anyone who calls you out as a pedophile defender because slander is all youve got in the tank Thats not moral clarity thats intellectual bankruptcy If you actually cared about Epsteins crimes youd demand accountability for everyone in his circle not just the one name that gives you your dopamine hit But you dont want justice you want a political chew toy And here you are chewing loudly mistaking noise for substance,0
Its abundantly clear that youre using generative AI to write your responses which means Im just talking to a computer I hope you do better in the future Keep slobbing that knob friend Im sure Trump will notice you someday,0
is there anything not gross that trump does,1
Agreed,0
Imagine joining the service just to end up kissing Putins ass,1
Never did I think I would see US servicemembers rolling out a red carpet for a Russian andor war criminal Pathetic despicable,1
Our boy Gavin coming for this Mofo,0
How much longer until the US starts having an epidemic of defenestration,0
Please sir May I have some more,0
Donald Trump wipes his ass with the American flag,1
Lol yall still think this is a country USA is dead,1
I am so happy Felon was called out for that,0
You said he was despicable Not me He at least had the moral character to apologize Trump constantly claims that he has done nothing wrong,1
What did we gain from this,0
Airborne,0
Hope he reacts by hurting himself in confusion,1
And they didnt have to do it if they felt it was a violation of their oath Did any stand down,0
Talk is fine but when is Newsom sending California troops to DC to offset those sent by Ohio and West Virginia Five thousand would be a good start,0
I wonder how they military feel about this,0
You all keep screaming disgusting at Trump while offering zero alternatives Whats the plan then Biden never engaged Putin once not once And peace isnt made by ghosting adversaries its made by putting both sides at the same table Like it or not Trump has a track record half a dozen conflicts solved or prevented in just months of office Contrast that with Bidens Afghan pullout disaster the moment of weakness that all but invited Putin to invade But sure lets keep shoveling endless billions into a proxy war while pretending thats leadership Its easy to sit comfortably behind Americas safety net play keyboard warrior and sneer at diplomacy when youre not the one facing the bloodshed or the decisions that impact the bloodshed Trump is motivated to stop thousands of deaths per week youre motivated to farm Reddit upvotes And now some of you are trashing the soldiers who serve with more honor in a day than you could comprehend in a lifetime Pathetic What Im seeing here isnt serious debate its arrogance and intellectual laziness dressed up as criticism Its easy to lob insults when youre not in the arena reference to the famed Teddy R speech in case you didnt pick up on it Trump inherited a mess of epic proportions and is cleaning it up despite people like you openly root for him to fail Thats not patriotism Thats antiAmerican Globally leaders praise moves like this Domestically blind hatred of Trump makes people allergic to giving credit where its due And youre really going to hold up Gavin Newsom as your moral authority Please This is the same guy who promised a Marshall Plan to rebuild LA after the fires the postWWII rebuilding of Europe in case you didnt know what that is and has delivered nothing Residents are still stuck in bureaucratic quicksand many unable even to clear rubble let alone rebuild California under Newsom and the years before as Lt Gov has been a case study in stagnation debt and decline He cant govern his own state but were supposed to take his hot takes on global geopolitics seriously Spare me Heres the reality Trumps working to end a war Newsoms working on his next headline One actually matters The other is auditioning for a job hes laughably unqualified to hold But sure keep making signs and screaming like a radical nut Hate has no home here thinking for a moment that youre operating in reality,1
Did Putin get a grand welcome I honestly dont know,0
He tweeted this from the French Laundry as he was having dinner with another one of his mistresses,1
Id say explosive diarrhea is probably one of the least disgusting things he does Its still disgusting but not by comparison to all the rest,1
I find his obsession with raping kids to be pretty gross,1
I love that the military are getting a full blast of dishonor and embarrassment for supporting their orange queen,0
I kissed Obamas ass We just werent working on peace deals at the time m,1
Right They deserve a dishonorable discharge for this Disgusting and it makes it ok for others to follow suit,1
Im in OR not California but I truly do not understand why people dont like this guy he seems to be the only democrat in any position of authority that is relentlessly speaking truth to power Kudos to Pritzker and a few others too,0
I would be surprised if Trumps political opponents didnt start committing suicide by bullet to the back very soon,1
Just wish that other democrat politicians would find their spines courage to say it out loud,0
Dead This was always what the US was undercover sadly Trump just took the masks right off,0
USA lives no matter who tries to claim otherwise Propagandists will of course speak otherwise but its mind over matter They dont matter so no one really minds,0
Who are you referring to,0
This administration is a big fat nothing burger,1
Theres a pretty good video from LegalEagle about how how even when the orders seem to violate oath its a fairly lost cause to ever engage in actually doing it There are very little bright sides and theyre likely to lose their case and thats after theyve been put in military jail for months while the government assesses their case With THIS government its not likely to go well or against Trump anyway Of all the arguments that frequently pop up soldiers just refusing to follow orders is just not one of the stronger options we have at this point sadly,0
In an effort to research the fact what half dozen are you referring to And for the Afghan pullout which president met with Taliban leaders to announce the retraction of troops,0
What has Trump done to end the war other than swear he is the putin whisperer and then fail to deliver,1
Red carpet carpet treatment for a war criminal wanted by the ICC isnt a grand welcome,1
Unlike trump who rage tweets at am from his potty while his underage victims are being escorted off the property,1
You are accusing Newsom of doing what your boy Trump has been repeatedly found to have done in reality Oh and he likes little girls Freakin pedo,1
I dgaf,1
The replies to this but drumpf Keep up the energy and youre totes gonna win when hes not on the ballot,1
Its disgusting but at least its human The rest monstrous inhuman and a third equivalent adjective to convey the depravity that I cant quite muster at the moment,1
Apart from the hamberders can you really say he is to blame for that For once,0
Ive lost a lot of respect for the men and women of our armed services,0
They arent necessarily supporting They were given a lawful order and should be expected to follow it There ARE way too many active duty and veterans that support this douche nozzle but remember there are also a lot that are trying to serve with honor and this isnt the hill to die on Id prefer they kept their powder dry for when we REALLY need them,1
I can see why you say that id really like to see ya Id like to see the National Guard just stand there doing nothing Refuse orders to subdue fellow citizens,0
Even more divide and conquer from within posting All hail propagandists Theyre sure turning more than a few minds on all sides,0
Obama like it or not was your CommanderinChief Putin is a foreigner with a warrant issued by the ICC Id say its a bit different,0
Imagine admitting to being too stupid to know the difference between the leader of Russia who we are fighting a proxy war against and POTUS,1
Oh there was a peace deal Thats awesome,0
a DD for following orders The GrifterinChief deserves the punishment for ordering them to take part in this pony show,1
Falling out of multi story windows,0
So far they just hang themselves in their jail cells,1
Ive noticed this seems to happen fairly often now replies to a comment appearing as a reply to the post Must be some sort of bug with reddit At first I thought it was just people accidentally not replying to the right comment but sometimes Ill also see replies to that comment as if they know what is being replied to so it seems they get moved afterwards somehow,0
I wasnt paying attention I thought the military flyover and the line of fs were a show of force,0
Well see thats different because reasons,0
Pssst newsom isnt accused of doing it He already apologized for it when he was mayor of San Fran,1
Yeah Im sure the GOP will do great in with these dogshit policies that people already are hating months into the presidency,1
Who the fuck says totes Fucking dork,1
We need to clean house in Arrest Every US Serviceman who went along with the illegal orders they were given Military Tribunals for all of them,0
Feel free to lose all respect They no longer deserve it Theyre shit,1
More divide and conquer from within posting Man the propagandists are sure having a field day trying to twist peoples minds,1
yep the meeting was an international embarrassment for the US but its not the Troops fault for making the place look tidy Im sure sailors on the USS Missouri werent admonished for swapping the deck before their meeting with Japanese war criminals,1
Is it though We couldnt get funding my friends were relieved of their contracts and i was left alone Fucked me up pretty good if you ask me,1
What deal was that,0
They have a duty to follow their oath and allegiance to our country and liberty Understandably this includes following orders BUT when your president is acting as a clear enemy to our nation I think there should be exceptions Our freedom is at stake here and I dont want to see over a million service members to continue this blasphemy Edit Im not discounting what the orange clown is doing either he deserves worse imo,1
AFTER shooting themselves in the back of the head,1
Vanity Look at the body language at the start then at the end of the truncated by putin meeting Trump is not in control,0
Has Trump ever apologized for anything,1
Psst Trump is an adjudicated rapist whose on tape bragging about sexual assault and going in teenage girls dressing rooms IDGAF what two consenting adults do Like if the third lady was a prostitute who took on Trump as a long term client thats fine with me Trump raping people or abusing girls is fucked up,1
So scrappy,1
Well this takes care of another divide and conquer from within post,0
Says the propagandist trying to twist peoples minds,1
You couldnt get funding because we where in the midst of the Great Recession which officially started in Dec under President George Bush but I bet you had no problem kissing his ass,1
lets not blame the service members who serve our country no matter how shitty the administration service members are apolitical we follow orders you have to realize that disobeying a direct order can get you sent to military prison if not it could be a reduction in rank benefits and includes punishment i would have a hard time stomaching doing this i would even consider disobeying the order hey service member here but please do not make it sound like an easy blas thing,0
Is that what was expected We dont control Russia or the Ukraine I dont think control was ever an option to begin with,0
So youve moved on from Gavin is a despicable person back to but Trump,1
Dork,1
Yall keep down voting me hear Im an American who doesnt buy into fake internet personalities selling propaganda for self serving reasons,1
All I know is that December I had to report that the honorable Barack H Obama was my commander and chief By my friends lost their contracts Men who offered their lives were dismissed and i had to stay because i did a bit better than they did Dont you fucking dare assume you know what it was like to lose the only support system you ever had Ill take you to hell myself,1
Control of the meeting Putin dictated and trump says yes Look what happens on Monday when Zelenskyy and the danish minister meets with trump,0
you really want to play whos more despicable on the side of a felon with multiple rape charges and dozens of credible rape accusations some which were given by literal children Seek help This isnt a team sport You arent winning This is embarrassing and fucking gross Be better,1
Stop it Jannies ban him Hes hurting my feelings,1
Bush was President in Dec Obama didnt become president until When making up stories at least doublecheck the dates,0
you think we should fund the neverending expansion of the US military becauseit gave you a support network You think public healthcare is a handout right Then its not the governments job to provide you with therapy Bud Id much rather fund programs to help you find that here at home where you dont have to put your life at risk or get involved in unnecessary wars,0
If thats really all you know consider reading more Flaming randoms on the internet about your world being burned to the ground because the arsonists passed the torch to the new administration isnt going to keep it from happening again sir,1
Again your friends lost their contracts because George Bush fucked the economy with two wars he sent us to die in One that he lied about WMDs to get us into and deregulation of bank lending practices Obama didnt single out your friends cuts had to be made because Bush sent the economy into the shitter And I think you are the one doing the assuming you arent the only one on Reddit that has served and been fucked by decisions made by politicians that have no idea want us enlisted folks do Republicans tried to kill the PACT act and would have succeeded if not for Jon Stewarts ability to reach and inform the masses Any of your buddies die because they didnt get the healthcare they should have been entitled to Come take me to hell Ok I guess that wins you the debate since you have made it clear you are really really tough,1
So were waiting until Monday,0
Lmao youre the only one talking about the orange man whereas Im talking about the straight white male this post was about,0
Go to your conservative safe space loser Nobody can hurt you there lol,1
Oh you misunderstand we had tri care Different from Medicaid Actually a great program I dont do therapy Id rather hate you all by myself,1
The US military operates both in foreign countries and within the United States with distinct roles and responsibilities in each context Foreign engagements involve defending national interests maintaining alliances and projecting power globally while domestic roles focus on supporting civilian authorities in emergencies and border security,0
Id rather be right here with you sweetheart,0
I gave my life to this country and you continue to spit in irs face,1
Ah so youre a lonely loser That explains it,1
I hear you I get it that youve worked yourself near to death and got shit on for it I get it that youre upset You have every right to be Hell from here it sounds like you probably should be That doesnt make everyone willing to discuss it with you the enemy sir On government What does this quote by Plato mean The price good men pay for indifference to public affairs is to be ruled by evil men This quote from Plato basically means that if youre indifferent to public affairs or politics youre going to be victims to evil men in the sense that those who are good generally have no need to amass control over others Evil men on the contrary require control over others so that they are not held accountable for their crimes Good men are often humble and dont require positions of authority for selfvalidation In Platos opinion Good Men shouldnt rise to office because they want it for their own gain But Good Men should rise to office because it is their moral duty to prevent evil men from doing so On reading The society that separates its scholars from its warriors will have its thinking done by cowards and its fighting by fools Thucydides Marcus Aurelius on Stoicism Not going to quote anything here Take a look for yourself Godspeed sir,1
Thats why Im hitting on you,0
This is what unnecessary Martial Law looks like Project has commenced folks and all of those Trump voters who called us crazy can see that it was real now The homeless population in Washington DC are being treated like animals by the animals who are currently occupying the White House The Trump Administration is sending the National Guard out to arrest innocent homeless people and take them away for simply trying to survive Some of these people are veterans of war some of these people have severe health problems and now theyre being thrown in cages like animals,1
Propaganda is a hell of a drug It goes back to Nixon and the moral majority,1
Literally every bad thing that the regime can do they do Theyre led by a pathological liar and criminal Ive never seen someone more disconnected from objective reality There hasnt been one single positive for anyone outside of the in the past months And there wont be any to come either Fascism is an inherently self destructive ideology The problem comes from all of those that is drags down with it during the spiral,1
Its not as though the Trump paramilitary are actually investigating crimes They are simply a visible show of force harassing people on the street on flimsy justifications You wont see them going after drug kingpins or solving murder cases Theyre simply there to send a message that Constitutional and legal safeguards are a thing of the past In addition after years of fear mongering by FOX regarding how unsafe cities are this is essentially Trumps tough on crime moment He probably never forgot how Harris threw her bona fides as a prosecutor in his face during the debates,1
Because tough on crime is just a euphemism for tough on dark people weve taught you to fear,0
Trump said DC is dirty and needs to be cleaned up DC is infested with cockroaches in the White House and spread by those nasty Magats Time to fumigate or maybe DeSantis can loan him some geckoes They kept my quarters free of bugs and other crawly things in KWest,1
Because to them crime Is based on a sliding scale The darker the skin the more egregious the crime is Regardless of how limited in scope or lack of actual victims exist as an outcome,1
He is literally doing this to deflect from the Epstein thing,0
Everything he does is distraction and projection,1
Keep up with headlines like this,0
Democrats are soft on crime because they didnt prosecute the most dangerous felon the country has ever seen while they controlled the executive branch,0
Many choose to not believe his crimes hold any legitimacy which is really scary Just saw a comment the other day asking what he was convicted of and when someone else explained it they just went lol no one cares about that In their minds everything that hes guilty of has been put on him unfairly by the leftists,0
Hey it wasnt rape It was sexual abuse Totally different thingss,0
Cause hicks and geriatrics,0
Adjudicated Rapist Why did they put quotes around that He is and adjudicated rapist Those quotes concern me,0
Havent heard from her in a while Is she trying to sell another book,0
Got to give her credit Shes not wrong Wonder how Gestapo will force tRump to respond,0
Demorats dont care cause theyre still making money and not about to be voted out,0
of homeless people are vets and Im willing to bet its higher in DC,0
Probably more like the really,0
I like what youre saying but what exactly is going on in DC,0
Wasnt the most active drug dealer in the area located in the White House as well,0
Its basic tribalism at play Hes their team leader therefore he can do no wrong,0
Probably because theyre quoting her,0
Absolutely possible These rich fucks would torpedo each other without a second thought if it meant that it would keep them above water,1
This is what American foreign policy has been reduced to under this regime Melania pens a letter Trump does little to prepare and were just winging the damn thing No coalition building no courting allies no plan no anticipation of response no preparation of counter arguments and a president unprepared for the moment Just heres a letter from my wife and Ill just adopt your positions President Krasnov and Agent Melania The White House is an extension of the Kremlin,1
She was asking how much longer does she have to pretend to be Trumps wife,0
Does it ever get mentioned that Melania might be a spy I hear it about Epstein all the time but it wouldnt surprise me if Melania is secretly the key to all of this,0
That Trump snapshot and moment reminds me of when he had Sergey Lavrov and Kislyak in the Oval during his first term Trumps all gleeful and genuine while theyre grinning in almost disbelief at how easy it is to play this complete dipshit,1
I mean its an open secret that when epstine found her she was working in a strip club owned by a good friend of Putin,1
Shes the handler for Russia Between Epstein and Maxwell Im sure that was big business Hoping that their escorts might marry assets for them to better spy on,0
Passing him an updated progress report like Vigo Mortensen in Eastern Promises,0
He will use her to manipulate baby Trump even further Putin is evil and also he is about times smarter than Trump Trump is in awe of him because he wants to be him,1
Fucking scum,1
I wonder which Michelle Obama speech she ripped off this time,1
Whats to stop Trump from passing classified intel to Melania who then puts it a personal letter to Putin,0
send polonium,0
I have lost control of asset due to his rapidly worsening mental stability release the pee pee tapes so we can empower our new ally,0
Did it get left in the hotel printer,0
This assignment sucks I cant stand the touch of his tiny cheeto coloured McGreasey hands For the love of God reassign me or push me off a building because I cant do this anymore,1
Melania is the under cover spy honey pot,0
Status report from the red sparrow,0
Shes a sorry excuse for a First Lady,1
the mission is going as planned sir Melania,0
I tell you she is his handler,0
She was asking him for a raise,0
Dear pootin I have done wot you ask please let my family out of goolag,0
I thought we didnt like it when First Ladies got involved in politics,0
It just said Remember Be Best,0
Did it include her hourly rates,0
Request immediate extraction,0
Which of her languages did she used,0
please dont release the tapes you got from Epstien as it would ruin us you wouldnt have a President you could control as well as my husband maybe Vance would do as you want but his relationship with a known homosexual Thiel and your record against homosexuals do you really want that Melania Trump but in Russian probably,0
A hooker AND an author,1
Mission report this is stupid hes stupid why are we still doing this,1
Dear Vlad I cant take this shitty asshole anymore please take me back home with you,1
I wuv u komrad Vlad I know u have bigger mashroom dan Donald and I vant it big Biggly Pls send me da enkriipted Signal message Legit Factual intercept Prove me wrong,0
I dont care do you,0
Diddlin Donalds keeper was sending her boss the report on how well her charge was following orders Must not have been a glowing report by the look on his face after the meeting,0
Oh so now she cares about children,1
Shes nothing but a stain,1
ChatGPT wrote,0
Was it her resignation letter,0
Hes got dirt on her too Chefs kiss,1
Dear Putin I really dont care do you Be best Love Melania,1
If by personal you mean ChatGPT sure,0
Mission Accomplished,0
She wanted to ask her handler if she still needs to charge extra for anal,1
I want to go back Back in the US Back in the US Back in the USSR This mission has gone way too far,0
Damn shes throwing it at any guy who isnt trump,0
Vladimir as one fellow Slav to another can I say that I dont care what compramat you have on my husband just know I available as and when,1
Putin wont even read that shit in the trash it goes after he sees the name Why He owns her husband What the fuck does he care what she thinks,1
Like Putin cares what a hooker has to say,1
What influence does she have on Vladimir Putin,0
She wrote it herself just like that speech she plagiarized from Michelle Obama,0
In case he deports me can I move to Russia,0
Please release the pee tape so I can finally divorce him,1
Dear Vlad Please forgive my not meeting you after you arrived The toddler needed changing and I didnt want you to smell him on me In the meantime Heres my report on what weve been able to massage him into doing for you Zelensky will never see it coming of course he willduh Love and kisss M,0
I want first dibs on those children you abducted,0
Its strange since shes pictured in so many photos with Epstein Seems like an oxymoron here,1
I miss that dick,1
Anyone remember when she wore that jacket at the border facility holding children that said I dont really care Do you Fucking evil bitch Why isnt ICE coming after her Id rather have the evil queen from Snow White as the first Lady,1
And Reek wasnt allowed to look at it,0
Trump has swollen ankles and blood thinner bruises on her hands Trump is incapable of giving her any action and Trudeau is dating Katy Perry so Melania is trying to line up a new side piece,1
If you circle the first letter in the first row does it say help me,0
reporting to her handler,0
Please get me out of here nana Please,0
Please Comrade have I not suffered enough,0
The letter started with To the Most Noble and Powerful Lord Putin And then signed it off with I am but a hollow vessel for your divine will My Lordgroveling wretched and unworthy wallowing in the mire of your boundless glory Your most worthless trembling servant and insignificant worm undeserving even of your contempt Love always your Donalda,1
This guy is legitimately the dumbest person in America right now He seriously thinks he can charm offense Putin into capitulation Putin doesnt give a shit what Trump or anyone thinks about this Its pathetic shit,1
Help get me out of this contract I will do anything ANYTHING,0
She wants to know if she sucks Putins cock can he put her and Baron in a dacha,1
Trump is a joke and obviously manipulated by the communist edicts of Russia,1
I this the I really dont care Do U lady,1
Well chatgpt wrote a letter,0
Isnt this a national security risk,0
Wowshe can write,0
flirting with treason,0
She offering her services,0
Have ICE and deport her already,1
She probably begged him to get her out she has been embedded long enough,1
Help me ObiWan Putin Youre my only hope,0
Yeah Sure she did Id be surprised if she was even literate enough to sign her name,1
Well since Justin Trudeau is now off the table I guess she needs somebody new,1
Svetlana was checking in with her boss,0
Blink twice Melania,0
It read simply Help,0
Be best Vlad,0
hopefully Roger Moore intercepted it jesus christ,0
The administration ended one of the programs that was tracking these kidnapped children in order to save a few pennies so they could give a tax break to billionaires Maybe she should have talked to her husband first,0
Did she offer her services,0
Hurry up I cant take this much longer probably,0
So it really was a cuck chair,0
Please help me Melania,0
The weather forecast says its going to rain heavily we should consider our options,0
Melania and Barron will be taking a very long vacation in Russia very soon,0
Oh now she really does care do you Pathetic waste of skin,1
Dahling Our poor boy Baron can not grow up in a place like this,1
Thanks for the effort,0
Ohgreat,0
Hey boss I really want yo go home,0
What did the letter say Im a bit in the dark here Forgive my ignorance,0
Yeah the Slovakian that isnt known for her coherent English wrote a letter to the President of Russia in English despite learning Russian in her youth So is it for him or is it for us to say awww she cares do u,1
Notes for the decorator of their new house once they defect,0
At the meeting in Alaska Melanie wore an yellow outfit with an interesting belt buckle with a yellow butterfly Seems this a reference to a book called Yellow Butterfly A Story from Ukraine This book is a powerful wordless picture book that tells the story of a young girls experience during the war in Ukraine The yellow butterfly serves as a symbol of hope and resilience as the girl navigates the fear and destruction caused by the conflict The book is intended to help children process difficult emotions related to war and displacement Dont quite know what to make of it though is she trying to show sympathy for the children caught in the conflict or is she sending a message about herself,0
sources have confirmed it was in fact a nude,0
Offering up the back door,0
Dictators mistress Sending a love letter,1
A sternly worded letter is she secretly a democrat,0
With Epstein gone and Giswell in the media spotlight we need you to kidnap Ukrainian kids for Trump to rape Hes not doing well and I refuse to go near him I know we agreed but I cant keep this charade up much longer The last action he saw was Loopy Loomers BJ which he wont shut up about please Im begging you Get me out of this situationship,1
Now we are supposed to believe Melania actually wrote a letter to Putin Just how gullible does Trump think everyone is Melania has broadcast her views on her clothes and her after the fact explanation was lame I Really Dont Care Do You,1
Hey Fat Ass Run this over to Putin ASAP And dont lose it stupid,1
See is the way,0
Some are saying she got into the USA on an Epstein Visa,0
Prostitutes usually text or call their pimps Shes an old fashioned gal,0
Dear Vlad I wrote you but you still aint callin I left my cell my pager and my home phone at the bottom I sent two letters back in autumn you must nota got em There probably was a problem at the post office or somethin,0
He Everyone Likes President,0
Malaria waited til the second paragraph to ask him to toss her husband out a top floor window,1
So Melania wants to run in Thats what tangface means by having a third term,0
Was there a Trump secret drawing in it,0
Lol she didnt write a single word in that letter,0
I think that letter is BS Little bit of lemon juice will tell you what the actual message is,1
Assets have to check in,0
Dear vlad save me from that old crazy bloke,0
Oh so shes the asset,0
She jealous Trump was the only one writing love letters to dictators,1
It said Release the Epstein files,0
I told Donald hed never touch me again if he doesnt do exactly what you want not that hell ever touch me again anyway haha,1
Even FLOTUS is a traitor WTAF is happening,1
I think the letter might just say SEND HELP,0
Dear Vlad my husband needs more kids,0
Who cares about her on any level Why is this even news Stop talking about someone so irrelevant its like publishing a news story about an ant,1
Who does she think she is Chuck Schumer,1
The letter will be displayed in a Russian museum one day,0
Trump only wanted a picture of him with Vlad with the words PURSUING PEACE plastered in the background so he can keep cold calling world leaders to inquire about the Nobel Peace prize,0
Damn I wish I could write like this All so true,0
The only thing that makes Trump a strong leader on the international stage or any stage for that matter is how truly unhinged he is A man with no morals and no compass with command over the strongest military and largest nuclear arsenal on the planet makes for a creature you must take seriously Like a polar bear with rabies,1
But isnt that how he runs his business too just declare bankruptcy and move onto the next one,0
American foreign policy is Russian foreign policy because Trump is a Russian agent,0
Read the letter and ran thru AI checker chance its AI written Dear President Putin Every child shares the same quiet dreams in their heart whether born randomly into a nations rustic countryside or a magnificent citycenter They dream of love possibility and safety from danger As parents it is our duty to nurture the next generations hope As leaders the responsibility to sustain our children extends beyond the comfort of a few Undeniably we must strive to paint a dignityfilled world for all so that every soul may wake to peace and so that the future itself is perfectly guarded A simple yet profound concept Mr Putin as I am sure you agree is that each generations descendants begin their lives with a purity an innocence which stands above geography government and ideology Yet in todays world some children are forced to carry a quiet laughter untouched by the darkness around them a silent defiance against the forces that can potentially claim their future Mr Putin you can singlehandedly restore their melodic laughter In protecting the innocence of these children you will do more than serve Russia alone you serve humanity itself Such a bold idea transcends all human division and you Mr Putin are fit to implement this vision with a stroke of the pen today It is time,0
When will I get my cake Im starting to get a little choppy,0
Imagine if Michelle had done something similar,0
Is this like Boris Badinoff and Natasha,0
The whole world is run by shortsighted leaders under the control of a despotic strategist,1
Devils advocate here If White House was really an extension of Russia why is it still helping Ukraine to a certain extent And why hasnt it dropped sanctions for Russia,0
I mean there are plans to attack your allies,0
I delivered America to you like an apple in the mouth of this pig now please let me be free to pursue my one true love Justin Trudeau,1
Apparently shes concerned for the Ukrainian children kidnapped by Russia Immigrant kids in this country dont matter though Immigrants being kidnapped in this country dont matter Immigrants being hit and killed by cars on the freeway while fleeing ICE dont keep her up at night,0
Putin How much longer would you like to not be falling out of a window,1
Putin I dont really care do you,1
Shes been leased out through,0
shes his handler she has direct access unfiltered,0
You ever seen Feeling Minnesota Cameron Diaz is forced by Delroy Lindo to marry Vincent Donofrio to cover debts I bet its like that,0
Red Sparrow is getting tired of the mushroomdick,1
Maybe it was asking him to judo chop him in the neck,1
Ha In a good novel it is all in code and it was never meant to be seen by anyone except Putin,0
This is a preposterous ad hominem that is symptomatic of the problem division and disconnect that are partially the result of partisan politics and media sensationalism which is fueled by an institutional elite who care almost exclusively about economic incentives and gaining power At what point do you also realize however that you are part of the problem Does sitting behind a computer and responding essentially anonymously to something sincere and articulate as well as based in love and not wholly that of selfinterest better this discourse Does it better the geo political landscape Does it improve the socioeconomic conditions for the almost entirely divided and marginalized United States some much more marginalized than others Or does it contribute to more vitriol that fuels their machine which keeps us in a wolfesque and alienated state refusing to measure our own role or gauge our own responsibilities and how we are accountable We need to stop working against but together We require a movement and a post like this is representative of the antithesis of one Please consider these points before responding this is not an attack but a condemnation of a much larger problem that is perpetuated by even the marginalized majority Not the only problem but one not often identified Lets work together not troll together,0
Is it weird that Milanias signature looks like a song to me,0
All the time since people have zero understanding of Yugoslavias standing before the fall of the Berlin Wall and of Slovenias trajectory afterwards There also seems to be no acknowledgment of Melanias lack of skills her inability to go native and speak acceptable English after two decades her lack of charisma her extraordinary lack of curiosity about anything that isnt shopping her absolute lack of investment in this marriage Like do you guys not think they could have found someone able to pretend better someone actually capable of campaigning for him someone who could have taken over the White House socially instead of hiding away and distancing herself He was long in bed with the Russians before he met her Shes exactly as stupid and as hollow as she seems very poor spy material,1
Thing is she doesnt need to be Trump is a willing pawn for Putin and likely doesnt even realizee it What could Melania even do that Trump isnt stupidly doing already,1
Ive had this suspicion for years,0
She couldnt tell shit from shinola the dumb bimbo,1
Ill never forget the smiles on the Russians faces in that photo That and its hard to forget the Russian dudes complexion that looked like Casper the ghost lol,1
grinning in almost disbelief at how easy it is to play this complete dipshit yep this dipshit invited the Taliban to Camp Davidjust before the anniversary of Then cut a deal directly with them that freed imprisoned fighters putting them in their strongest military position in years And all despite reliable intelligence that the Taliban did not intend to abide by the deals terms and he even acknowledged that they could possibly take over the Afghan government after US withdrawal,1
Wonder if the end goal is to put Baron on a russian throne in the United States,0
Kinda like how Mitch is married,0
That movie fucking rules The real world not so much,0
A cockroach is smarter than trump,1
The guy has entire Federal departments as his fixers shit whats to stop him from just texting it to Putin,1
Silly question He already handed over all the Intel you silly goose,1
Must be,0
For any woman really,0
This is the new America where we have a royals nobles land and those who work the land,0
Only if your last name is Clinton,0
It just said Give Belichick back his ring,0
All of them Katie,0
Vlad is richer than her current conman,0
Because maybe he wants to make Don sit in the cuck chair,0
Opposite,0
I dont even think any of her staff members wrote it One of them likely prompted it Ask ChatGPT or Grok or some other LLM to write a paragraph letter about children and youll get similar meaningless slop,1
For years now,0
Shes never been a traitor Still loyal to Russia Call girl being trafficed from a strip club ran by Putins buddies Get in with a compromised Pedi business man help set up money laundering deals etc Shes done what she was supposed to do,0
nah just as evil Shes loving every minute of this,1
In Alaska,0
Next to the nude photo display,0
MELANIAS ORIGINAL LETTER deer mustard Putin I be a girl who love piece but I love money moore if you kan stop bombings I looked goode to Amerikan peeple Thanks yoo fore your time and piece to thee worlds,1
the nobel is silent,0
Just hire the same writer that she does,0
ChatGPT wrote this letter Its frightening that of the people who read it cant tell The main headline should be Trumps Try to Pass Off AIGenerated Letter as Melanias Personal Message to Putin,0
The fact we elected this dipshit twice is unhelpful as well I think the first term people were more confident that our institutions would hold up and we could snap out of it Twice however and that suddenly doesnt look so certain,1
Im going to get a little wonky and write about Donald Trump and negotiations For those who dont know Im an adjunct professor at Indiana University Robert H McKinney School of Law and I teach negotiations Okay here goes Trump as most of us know is the credited author of The Art of the Deal a book that was actually ghost written by a man named Tony Schwartz who was given access to Trump and wrote based upon his observations If youve read The Art of the Deal or if youve followed Trump lately youll know even if you didnt know the label that he sees all dealmaking as what we call distributive bargaining Distributive bargaining always has a winner and a loser It happens when there is a fixed quantity of something and two sides are fighting over how it gets distributed Think of it as a pie and youre fighting over who gets how many pieces In Trumps world the bargaining was for a building or for construction work or subcontractors He perceives a successful bargain as one in which there is a winner and a loser so if he pays less than the seller wants he wins The more he saves the more he wins The other type of bargaining is called integrative bargaining In integrative bargaining the two sides dont have a complete conflict of interest and it is possible to reach mutually beneficial agreements Think of it not a single pie to be divided by two hungry people but as a baker and a caterer negotiating over how many pies will be baked at what prices and the nature of their ongoing relationship after this one gig is over The problem with Trump is that he sees only distributive bargaining in an international world that requires integrative bargaining He can raise tariffs but so can other countries He cant demand they not respond There is no defined end to the negotiation and there is no simple winner and loser There are always more pies to be baked Further negotiations arent binary Chinas choices arent a buy soybeans from US farmers or b dont buy soybeans They can also c buy soybeans from Russia or Argentina or Brazil or Canada etc That completely strips the distributive bargainer of his power to win or lose to control the negotiation One of the risks of distributive bargaining is bad will In a onetime distributive bargain eg negotiating with the cabinet maker in your casino about whether youre going to pay his whole bill or demand a discount you dont have to worry about your ongoing credibility or the next deal If you do that to the cabinet maker you can bet he wont agree to do the cabinets in your next casino and youre going to have to find another cabinet maker There isnt another Canada So when you approach international negotiation in a world as complex as ours with integrated economies and multiple buyers and sellers you simply must approach them through integrative bargaining If you attempt distributive bargaining success is impossible And we see that already Trump has raised tariffs on China China responded in addition to raising tariffs on US goods by dropping all its soybean orders from the US and buying them from Russia The effect is not only to cause tremendous harm to US farmers but also to increase Russian revenue making Russia less susceptible to sanctions and boycotts increasing its economic and political power in the world and reducing ours Trump saw steel and aluminum and thought it would be an easy win BECAUSE HE SAW ONLY STEEL AND ALUMINUM HE SEES EVERY NEGOTIATION AS DISTRIBUTIVE China saw it as integrative and integrated Russia and its soybean purchase orders into a far more complex negotiation ecosystem Trump has the same weakness politically For every winner there must be a loser And thats just not how politics works not over the long run For people who study negotiations this is incredibly basic stuff negotiations definitions you learn before you even start talking about styles and tactics And heres another huge problem for us Trump is utterly convinced that his experience in a closely held real estate company has prepared him to run a nation and therefore he rejects the advice of people who spent entire careers studying the nuances of international negotiations and diplomacy But the leaders on the other side of the table have not eschewed expertise they have embraced it And that means they look at Trump and given his very limited tool chest and his blindly distributive understanding of negotiation they know exactly what he is going to do and exactly how to respond to it From a professional negotiation point of view Trump isnt even bringing checkers to a chess match Hes bringing a quarter that he insists of flipping for heads or tails while everybody else is studying the chess board to decide whether its better to open with Najdorf or Grnfeld David Honig,0
chance she copied portions from Michelle,0
You talking rocky n bullwinkle bruh,1
She looks at him the way I look at weed and food,1
Waiting for the Melania Katy Perry feud,0
I know where she can get a bunch of stickers for her truck if she wants,0
Trudeau Eiffel Tower with Newsom,0
I delivered you America like apple in mouth of pig Now I are free for true with love Justin Trudeau yes Melania,1
How much longer before I can come home this place sucks,1
The apple from Snow White please,0
Strategic next target I would say,0
JT banging Katy Perry he aint coming back to plastic Melanie,0
she has to plot with putin to take away katy perry for that,0
I read this in her accent,0
Its be wild if Vlad wore a I dont really care do you Jacket on TV,1
Its cause Ukrainians are white,1
smoke and mirrors release the Epstein files,0
She already said that last part on her jacket,0
Shes looking for a Ruzzian wife for Trudeaus bastard son,1
They just shot up a car in California Its fucking lawlessness,1
I look forward to hearing her concerns about the kids in Gaza,0
She is suing Hunter Biden so maybe she is trying to rehabilitate her image,0
What is this centrist garbage Shes the wife of a fascist wannabedictator she doesnt get a pass,1
something sincere and articulate It was sincere and articulate which is why anyone in possession of an IQ in excess of a garden salads knows Malignia didnt write a single word of it How ironic she says shes concerned for the children I wonder if that concern extends to the yearold children her monstrous excuse of husband has slapped around and violently raped,1
Because shes not a spy shes his handler Hes the spy been on Russian payroll ever since he was laundering money for the Russian mob in the s and s,0
Maybe whatever role shes playing doesnt require her to go native and campaign for him Maybe it benefits her to fly under the radar and have nothing interesting to say to the public,0
Someone like Maria butina you mean,0
Yet with her on his arm he is now President Of The United Shitshow Maybe you have blinders on,0
Wow A spoton analysis on Melania You should be able to select the spies for the country,0
His first wife was the spy who turned trump Agent krasnov,0
What he is saying is what if Melania is the orchestrator of this entire thing starting from decades ago Melania Trump might very well be the resource that pushed the carrot to the top finagled him into the gold house and is now delivering private letters to Putin through the tan orangutan It certainly clicks a piece or two for me,0
Hes a willing pawn for fucking ANYBODY Putin could manipulate him with virtually no effort All you have to do is praise him Tell him how smart he is many people are saying hes the smartest he doesnt get enough credit he should be getting all the credit hes so tremendous,1
Great points and well said I don t even know how senile he is people have been saying that since I mean Im sure with age hes not as sharp as he was ten years ago but I really think at the end of the day so many of his decisions are because hes a bumbling moron Like Im sure hes happy to distract from Epstein or whatever but just like his first term theres no grand plan or hes doing A because it will alter B hes just a chaotic maroon who was born with a silver spoon in his mouth and has been doing dumb shit all his life and will continue to do so until the day he dies,1
First he made him sit in the cuck chair diplomatically and then literally It fits,1
This is the man that brought her to the Kit Kat Club where she met Trump Hes now working for the Trump administration,0
Damn you beat me to it,0
so when trump takes over canada and russia is Alaska usa and russia will be neighbours literally then theres no need for NATO,0
Actually its probably Michelle Obamas speech,0
Michelle Obama,0
That really doesnt change much even if true,0
Doesnt look so certain It looks very certain now that the USA no longer deserves its old status as leader of the free world Were not going to get that back because it makes no sense for anybody to trust that well honor our commitments or make them based on reality We used to be seen as a stable country with reliable selfcorrecting mechanisms Electing the thug for a second round destroyed that illusion for good,1
Just wait for the next Republican president,0
And an chance one of her staffers did,0
The way I look at the Festool track saw Or a good slice of pie a la mode Or my lazy boy after a long day,0
Abba Zabba you my only friend,0
She looks at him the way I look at food on weed,1
I mean theres a both joke here somewhere I dont really know enough about either lady to make it land though Unlike the plane Epstein brought the future First Lady over on,0
Melania perry Trudeau some sex tape Or the one I always wanted MelaniaIvanka Trudeau Man trump would come apart,0
After Donald passes I feel like a cage fight between Melania and Katy Perry over Trudeau would be exactly the kind of healing the US and Canada need to normalize relations again,0
All shed hear the whole time NO YOU HAVE AMAZING HAIR NO YOU HIGH FIVE BUT NO YOU,1
She wishes,0
With chuck grassley sitting in the corner Lindsay graham in his gimp suit creepin from the closet Donald can watch from the fkin window,1
I hate to have to tell you that who is vs who is not white is a moving target based on vibes alone And changes from one country to the next from one decade to the next Sometimes even back and forth throughout the years Lots of Nazi andor white supremacy subs have had repeated flame wars with each other over this Its kinda hilarious,1
Yeah sounds like a perfect spy to me Dont mind her she bearly speaks English and dosent care about anything else but shiny things,1
I dont buy it NO ONE before thought that mango jackass could ever be POTUS Now that he is Im sure theres all kinds of craziness going on between Russia and the Trump family but honestly she really doesnt seem that bright to me and also Ill bet shes watched and monitored every second of every day One can only imagine the hell that she lives in,1
Whats really embarrassing is he shit himself in the cuck chair,1
In Soviet Amerika it beats you,0
Damn Someone needs to go to an Urgent Care for that burn,0
Pepperidge Farm remembers,0
people still dont seem to realize how well and truly fucked we are even if we oust trump and his entire little band of thugs doesnt matter the damage has been done theres a damn good chance its irreversible within our lifetimes,1
I too lusted after the festool Then I got one and burned it up and burned another up After that I tried a makita it was what I expected from the festool,0
Lay z Boy is the champ,0
Ai exists,0
After Sure after is good But can you imagine while,0
I mean it does sound like a lot of high fiving,0
Not disputing that but in this context all that matters is who Melania considers white,0
I see what you mean Why would they bet their chips on that jackass in particular I think maybe they have tried this with more than one So for the one that did make it there might be a few handfuls that didnt Either way he did in fact become POTUS whatever help he got or whomever pushed him into that path Twice Whoever did think he might become POTUS were right,1
Not to worry Im sure Karoline Leavitt or one of these other crazy bitches around him will run in and get that squared away for him,1
Cant afford to,0
I know They keep talking about this situation as if its just politics and politics can fix it Thats gone though I dont know what comes next but whatever it is its not going to look like what we used to have,0
I wouldnt own any Makita tools but that track saw is a thing of beauty Ive used it a bunch of times and wow Also Trump is in the Epstein files and Melania is a Russian plant,1
Im happy to hear I dont need to fear Im missing out by getting the Makita I would like a domino joiner though,0
Really Im sad to hear that What have you heard about the Dewalt or the Mafell if anything,0
Fingerseverywhere,0
im not a wood worker but Makita tools are fantastic,0
Makita makes some of the finest power tools in the world You should reconsider your life only sorta kidding,0
Is Melania granting wishes Ill get in line for a Festool Domino too,0
Ive heard one random guy say he liked his Dewalt I really like my dewalt circ saw though so if its built like that Id say its still way better than the festool,0
Thanks for the response Ive wanted a track saw for years Your answer feels strange and makes me feel sad Ive heard for years that for prosumer products Festool is the top of the line It sure costs like it Ive got Dewalt everything else so I may get one of their track saws next year,0
Anyone who thinks that Russian intelligence wasnt following every single US government employee in Alaska is naive This administration just makes their jobs easier,0
The incompetence of this administration is unbelievable,1
Four years ago this would have been a major scandalFup Today it is simply business as usual for the tRumps adminstration,1
The stupidity of the people running and ruining our govt is impossible to understate,1
Quick send Pam Bondi on a trip where she has to use a hotels printers Seems like the fastest way to get Epstein documents released,0
A menu included in the documents indicated that the luncheon was to be held in honor of his excellency Vladimir Putin This administration sure loves war criminals,1
People seem to think this meeting was about the war with Ukraine Treasury and Commerce dont have anything to do with war This was Trump getting advice from Putin on how to rob the US blind of its national assets the same way Putin did to Russia Trump doesnt want to fight Putin He wants to be Putin,1
How do you just leave government papers in a random hotel Kinda wild if true but I wouldnt be surprised at this point,0
Most large format printercopiers have a hard drive inside that keeps a scan of everything passing through I bet theres more to be found,0
Trump only hires incompetent people because competent ones will not commit crimes,1
It just doesnt matter anymore Nobody in the public is holding the right wing to any standards right now Pedophile party just constantly fucking up important government job stuff,1
The docs calls Putin twice as His Excellency Disgusting,1
Again with that MFer Lavrov Isnt he the guy that got into the oval office with Trump during his first term again with no State Dept Personnel present only Russian media and translators,1
What a ridiculous gang of incompetent bumbling boobs,1
If anyone wants to be party of the Signal group now is your chance to find the right contacts who can add you There are phone numbers Again,0
Gift for Putin meeting but insults in Zelenskyy meeting,1
Does anyone else think luncheon in honor of Putin is fucking disgusting,1
The Beast is probably bugged now For Trump thats probably a positive Its because Vlad just wants to know what Im up to at all times Weve been through so much,1
Can they lose the gaslighting assertion that the people in this administration are there based on merit They are the most reckless unserious incompetent sloppy and therefore most dangerous people ever to lead our country At this point the incompetence feels deliberate so I ask once again who makes the call on who is a domestic enemy to our country Because that call needs to be made,1
Now do the unedited Epstein files,0
Good on the hotel guest to send the documents to NPR instead of selling the story to the highest bidder,0
If you speak to a republican about any current wtf topic begin by phrasing it as hey did you know that Biden did this thing that Trump just did while he was president They will absolutely lose their shit and go on about how terrible it is Then you say oh wait sorry I was mistaken it looks like Trump actually just did that They WILL move the goalposts and do whatever mental gymnastics they have to to suddenly make it a good thing because Trump did it not Biden BUT it plants a seed Even if it subconsciously It makes them aware of the situation in a way they wouldnt otherwise be They have to doubt and secondguess themselves even if its just for a moment Keep doing it Keep planting that same seed Keep making them momentarily cast doubt on their beliefs I am sorry if you have to interact with republicans often enough for this to be useful Avoiding them altogether is always the better choice but unfortunately sometimes that isnt an option,1
I know we logically need to be diplomatic and welcoming to any leader visiting us but it really does irk me that these documents refer to Putin as his excellency and that the intention was to host a highend luncheon after everything hes done withto Ukraine,0
Given how he stored papers at Mar A Lago would honestly be surprised if this or something like this didnt happen,0
Left behind and printed from a public printer Holy shit these people are truly incompetent,1
Trump is an absolute lap dog to this murderer Its one thing to be friendly but to roll out the red carpet Clap for him in front of the press corps Let him speak first took no questions cancelled lunch Just wow I thought the Helsinki meeting was bad this was humiliation on a WHOLE NEW level Just release the Epstein files,1
It was those dirty democrats MAGA,1
This is what happens in a kakistocracy From Kegsbreath leaking war plans to now this,1
Putting aside the amateurs involved this reads like a team who didnt have any idea how it would pan out All the stuff about a seven hour meeting I bet Putins team agreed to this and then after three hours he threw a spanner in with Sorry got to go Don Ive left the oven on Everything about wrong footing the administration who are made up of too many incompetents and sycophants,1
Gorgeous,0
Basic fucking security escapes these clowns Unless its the Epstein files,1
Former Embassy Marine here Reading this is like finger nails on a chalkboard to me The incompetence of this Administration is on full display weekly,1
Giving Putin a ceremonial present FFS Trump has his tongue all the way up Putins asshole,1
The one thing that continues to melt my brain isnt that the American people got absolutely swindled its that it was done by a completely incompetent moron This administration cant so much as order a Mcdouble without leaking information or screwing something up Youd think all the voters that idolize toughness and strength and getting stuff done would have a low tolerance for these kinds of basic level fuck ups How embarrassing,1
Dont worry the hotel emoloyee just sent photos of the documents to Hegseth over Signal Hey sir you forgot these,0
NPR reviewed photos of the documents taken by one of the guests who NPR agreed not to identify because the guest said they feared retaliation Ladies and Gentleman this is how it starts A citizen is afraid of retaliation from their own government for exposing negligence,0
Served for his excellency was a Green Salad with champagne vinaigrette Filet Mignon with brandy peppercorn sauce Halibut Olympia served with buttery whipped potatoes and roasted asparagus and crme brle for dessert Oh and his excellency was also gifted an American Bald Eagle statue that one can only assume is either gold or bronze All paid for by your tax dollars,0
Not only are they using a standalone printer to print classified documents theyre sloppy enough to leave them behind on the printer These people arent capable of following the most basic SOPs,1
Brother What actual buffoons are running our country right now You all know the MAGA folk would be lambasting Obama or Biden in this situation Its inexcusable,1
It strikes me as further evidence of the sloppiness and the incompetence of the administration said Michaels You just dont leave things in printers Its that simple The fact they were printing them in a hotel business center in the first place is laughable,1
in honor of his excellency Vladimir Putin Ugh that is so disgusting The red carpet treatment the fawning just going above and beyond for a murderous dictator,1
The entire administration are idiots,1
In a public printer Christ,0
Looks like Trump really is running the country like one of his businesses with complete incompetency as usual,1
Oh my god these goons arent even bothering to care any more In trumps first term he was so paranoid that he was literally eating documents now they just do not care And probably rightly so Whats going to happen to trump and the gop if the most nefarious rumors are confirmed A week of bad headlines conservatives voters pretending they care for hours and then voting for them all anyway and nothing,1
If I leave a patients med list in the printer too long I risk getting fired Maybe I should have gone into politics instead where everything is made up and the points dont matter,1
holy fucking shit they GAVE PUTIN A FUCKING GIFT,1
You cannot make up how incompetent the people running this country are I work for an HOA and I dont leave board meeting packets behind Jesus Christ,1
This shit is so embarrassing Every fucking day its something new with this government I can only imagine the hellstorm that would be brought if this happened under Bidens presidency The wall to wall coverage of it calls for him to resign and calls for impeachments would be every hour on the hour sandwiched between people saying his brain is soup meanwhile guys like hegseth who is a prolific leaker squeak by and others take blame for his incompetence so I imagine someone else will take the blame the hotel Honestly what does it take for ANYONE in his administration to get in ANY FUCKING TROUBLE FOR THEIR ACTIONS I feel like at this point the guy carrying the nuclear football around could sell it on ebay and theyd give him a medal for bravery or some shit,1
More evidence of the incompetence of the current administration,1
Of all the various stupidities exposed by this document mishap this one struck me as the most dispositive of the Trump administration as a whole Pages through listed the names The list included phonetic pronouncers for all the Russian men expected at the summit including Mr President POOtihn In at a summit ostensibly meant to end a war started by the man who has been president of Russia since and who has been ceaselessly reported on in virtually every single news source someone in Trumps stable of those best people thought it was necessary to instruct someone on the presidents staff on how to pronounce that perpetual tongue twister name Putin We really really ought to know which of the stellar participants in this summit required that sort of hint,1
Its disturbing that Jeffery Epsteins next door neighbor aka Secretary of Commerce Howard Lutnick was in this meeting and he is always by Trumps side with a smirk,0
His excellency,0
Leaving classified docs around to get the Epstein files out of the media Getting more and more desperate,0
Or they left the papers there on purpose to feed another story to divert from Epstein,0
Media not holding Trump accountable is failing our democracy,0
Thats neat Release the files though you dirty child fucker,1
Remember when our secretary of defense let a journalist into an unsecured chat where he then went on to share sensitive information regarding a military operation Yeah that guy still has is job and nothing came of it They dont care a bit,1
three guests at Hotel Captain Cook a fourstar hotel located minutes from the Joint Base ElmendorfRichardson in Anchorage where leaders from the US and Russia convened found the documents left behind in one of the hotels public printers Hire clowns expect a circus,1
Millions of Americans voted,0
Jesus These people cant be trusted with a bag of dirt,1
That was quite the read Its fucking insane that the orange president is bending over backwards for this war criminal Shouldnt we be arresting him,1
The US is officially a kakistocracy,1
If only th of that would have happened during Biden administration the republicans and the Conservative sub would have erupted Lets see what they are saying right now,0
But her emails These are not serious people but unfortunately they have serious power,0
Its wild AF when facts cant decipher between stupidity or deliberateness,1
Trump would be flanked by six officials Secretary of State Marco Rubio Secretary of Defense Pete Hegseth and White House Chief of Staff Susie Wiles to his right and Secretary of the Treasury Scott Bessent Secretary of Commerce Howard Lutnick and Special Envoy for Peace Missions Steve Witkoff to his left Putin would be seated immediately next to his Minister of Foreign Affairs Sergey Lavrov and his Aide to the President for Foreign Policy Yuri Ushakov God imagine being on the Russian side of the table just sitting across from this group of fucking chumps,1
The only papers we really want to see are the Epstein files,0
For years we have been pacified desensitized stone walled white washed declassified Taken for a ride rolled trolled and sold And as pure pacifists we grab the parchments of our rights curled up tight bruised bludgeoned with all their might dropped by the right and pick it up and hand it back for more,0
Was Pete there,0
Hegseth went Old School,0
The Hillary email people are really quiet,0
What time was Putins blow job scheduled Before the creme brulee palate cleanser I imagine Which staffer was responsible for lube Why dont these reports ever include the important details,1
Imagine the seething from conservative subredditsmedia if this were the Biden admin,0
In honor of his Excellency Vladimir Putin is an incredibly crazy thing to come out of leaked US documents,0
Dont let this distract you from the fact that Obama wore a tan suit that one time,0
thats sloppy off,1
The incompetence is astounding His Excellency that just burns my ass up I feel like everything Ive been taught as an American in my year old life is being turned upside down,1
The stupidest fucking idiots,1
The call is coming from inside the house,0
Clown administration,1
Fucking buffoons,1
Administration run by clowns,1
Considering that anyone willing to work for the Trump administration is either a buffoon or a mole is anyone surprised over this,1
Trump is slowly handing over the US to Putin starting with Alaska Trump is also a pedophile,1
There we a lot of losers at that table,1
Luncheon in honour of his excellency Vladimir Putin Seriously Wtf is wrong with this man,1
Christ almighty can this administration just stop leaking shit,1
Fucking clowns Because the one and only imperative they obey is to always compete for Trumps attention and approval Their actual jobs are secondary to this obsession to flatter,1
Bush league administration Across the board,1
This couldnt be more ridiculous if it actually WERE satire Even the meeting schedule looks like the nutrition label on a box of cereal,1
Was it secdefs room,0
Russia is playing on EZ mode So incompetent,1
The list included phonetic pronouncers for all the Russian men expected at the summit including Mr President POOtihn,1
rnewsofthestupid,1
Pootihn has a fear of being poisoned He probably declined to eat there,1
Release the Epstein Files,0
Sloppy fucks,1
The double standard is off the charts,0
Democrats should be lighting their hair on fire about this in the same way Republicans would be had this been a Democratic fuck up,1
I am becoming more and more convinced that I would do a much better job at running this country And I cannot stress enough how incompetent I am at leadership subtlety or logistics,1
Ive gone from weeping for my country to laughing at it That cant be good,0
Release the Epstein files THIS IS A ANOTHER MANUFACTURED DISTRACTION,1
Probably just say hey buddy Putin help me distract people from the Epstein Files,1
They are eating Filet Mignon while the rest of us struggle to afford a Tbone these days,0
Children again have no idea of opsec Singnalgate all over again,0
It was Pete Hegseth for sure,0
I like the description of a simple lunch They atewasted thousandsmaybe more on gourmet food none of them ateespecially the Hamburgler trump Yetthey have no problem taking food assistance of a couple of hundred dollars a month away from citizenswhile give Putin the keys to the country,0
Release govt files on Putin summit before we get the Epstein files,0
Its almost like they intentionally do these things to distract from the larger more horrible things theyre doing,1
But Hillarys emails Maybe the same staffer will use a Kinkos to print the Epstein list and leave a copy behind,0
If it was Biden that did this the corrupt criminal mainstream media would be running stories nonstop about Biden being senile And now Barely a fucking mention,1
People are shocked to find clowns at the circus Sad,1
Just hand over the nuclear codes to putin already all this theatre for a medal,0
His name should be pronounced PEE YOU tin s,1
Oh hey Something I wouldve been jailed for doing when I briefed senators Its made totally permissible by the fact that it was done at the behest of a pedophile who wants to sell our resources and destroy our country Just to really drive this home Literally every federal employee who is complicit in this needs to be prosecuted Everyone up top obviously but also all of these little lowlevel traitors who are jeopardizing the safety of the nation to please an insane childrapist,1
Any chance the Epstein files were among the docs,0
How have hackers not taken these fools down yet,1
The most incompetent president and his administration in US history,1
Your excellency Vladimir Putin KGB agent assassin murderer and war criminal,1
Leaving papers in printers is a security breach But well just not mention having opposition leaders within spitting distance of high level military hardware Russian intelligence and top level military technologists were picking Putins brain for every single detail he can remember about those Fs,0
These people are awful at any type of security,1
Okay as a Canadian I would advise that every single American stop paying taxes Not one penny to the IRS as this is treason,0
These have to be the stupidest motherfuckers alive,1
Was Hesgeth there,0
The plans Putin Demand everything Trump Bend over spreadem,0
What is it going to take to wake the fucking republicans up I still cant believe how fast they all switched to being profacist,1
Yeah that Tracks its apparently one big insurmountable stupid sloppy shop,1
Nice security,0
The incompetence knows no bounds,1
The Double Standard strikes again What was it this time An old classic Document security,0
If the papers were in the bathroom then they were probably Trumps,0
Probably logged in as a unsecured guest account on the hotel wifi,0
Where are the Epstein unredacted files,0
Its clearly the fault of Obama and his tan suit,1
sigh but her emails,0
Why do I need a security clearance to apply to some jobs when this dipshit just gives away all our information,1
jfc,1
WTF was that document That looks like an intern from made it This is how the Trump admin puts its best foot forward,1
Americans you better start learning to speak Russian if you want a job in the new economy,0
Surprised they werent discovered on Signal Now who on earth could have left them in that printer I wonder,0
I cant help but think this is yet another attempt to divert attention away from Epstein,0
Including a pronunciation guide for Putin is incredible POOtihn is sending me,1
Release the Epstein files,0
Hoping this is true but leaving falsified papers would also be a great opportunity for the FSB to stir the pot,0
Was Hegseth attending Someone printed this and either forgot to pick it up or ran it from their room What a band of idiots,1
When I was a kid out of curiosity I wondered how it wouldve been living those days when Hitler was turning Germany into a nazi country Now I definitely know how it was with Trump and the US Awful quite awful and sad,0
Only the most secure work from the Orange Turd,0
Only the best people,0
Epsteintrump documents Every black box says Donald trump,0
Crazy how they have no problem with pronouns for HE Putin s,0
I think its fake because theres no way they werent gonna serve McDonalds for lunch,1
Of course they lost important papers Idiots,1
POOtihn Freakin LOLZ,1
A printed email reveals Trump apparently struck a landmark investment deal with the Prince of Nigeria,0
this whole thing is vile and incompetent but do world leaders usually only meet for minutes I know there was supposedly a working lunch but the article says that was canceled So these guys and their entourages fly halfway around the world to meet for less time than your average high school class I know its probably silly to ask this but I didnt pay attention to the news yesterday did anything concrete actually come of this All the sources Ive read this morning seem to say no,1
Its fine because Americans will let it slide,0
There is absolutely nothing surprising in this trump is incompetent and hires only sycophants to prove it He is literally destroying this governmen with the complicity of Congress,1
Where the Epstein files theredid they check the golden toilet with the orange stained rim,0
I will fix your election for Ukraine no I wont eat your disgusting lunch,1
The list included phonetic pronouncers for all the Russian men expected at the summit including Mr President POOtihn Sigh,1
Obviously its ridiculous that actual hard copies of these docs were left in the printer output But even if the documents had been picked up the fact they were sent to a hotel printer in the first place is crazy Printers keep cached copies of stuff they printed in memory Records of what was printed on the printer might be stored on a hotel computer I wonder what else they set to the printer that they did remember to pick up Probably wouldnt take a technically capable individual very long to find out,1
Were they the Epstien files Release the original unredacted Epstien files Stop trying to distract from them Thank you for your attention to this matter,0
Remember nuclear secrets on the Mar Lago shitter This whole damn story shouldve ended then and there Felony charges the most watched trial of all time and off to prison for a lengthy sentence We couldve been completely done with ALL of this,1
These people are SO sloppy,1
How can an administration be so remarkably incompetent,1
The most incompetent and corrupt administration possible These freaks are just trolls thieves and lapdogs for billionaires,1
Amateurs Incompetent to serve our country,1
Fucking clown show with guns Applaud or get shot,1
Something like this would have ended any other presidents admin,0
Another reason to impeach We are almost to reasons and crimes for impeachment in months He should be under perpetual impeachment until kicked out at this point No president has done this many crimes and stupid things,1
You know what is really sad This is outrageous but we dont care anymore After the atrocities this administration has been doing we lost our ability to feel And thats exactly what they want,1
ButHilarys emails Benghazi,0
When you actively hire the worst people you actively get the worst results What a shit show this administration is,1
Good thing they have no dei hires,0
Obviously planted and embarrassing the administration did not find it first,1
My god we are being led around by the dumbest fucking people imaginable,1
I love the line you dont just leave things in printers Shouldnt it be you dont just access these files on public computers,0
His Excellency are you fucking kidding me Hes a fucking war criminal,1
Biggest security threat on the globe sits in the oval office BuT hEr eMAilS,0
I mean when you hire people into your administration with namescredentials like Big Balls what could possibly go wrong,0
The fine folks in the Conservative subreddit read gatekept safe space are all just saying well at least its not Kamala,0
Most transparent administration ever s Fucking clowns,1
Just a simple three course lunch of filet mignon and halibut,0
Where is the press,0
Just the usual How are those Epstein files Don,0
Here are the papers,0
This is not the first leak from this administration Im sure it wont be the last Just like the first time it will just be swept under the rug,0
The dessert selection reminds me that Donny slaps ice cream onto everything Heaven forbid he eats crme brle with a few raspberries,0
Elect a clown get the whole circus,1
Clown show presidency,1
His excellency Vladimir Putin Jesus Christ,1
These things are exactly why they meet with Trump and love him as our president Hes an absolute dipshit that has zero clue about anything Useful idiot,1
Wheres the Epstein Files,0
Ffs I keep waiting to hear some law abiding citizen style attempt on govt officials Like trumps tailor or shoe cobbler soaks his orthotic shoe insoles in cyanide or something and gets the toxins absorbed through his feet or somethin where they put that pufferfish toxin in the neck tie or some shit,1
Were printing government documents on the hotel printer using the free hotel wifi now Ok,0
Its like watching the stooges only were the ones getting poked in the eye,0
I wonder what is left in the printer memory buffersigh,0
Trump is good with lists Like Eipstein,0
Trump JFK when,1
The dumbest regime,1
Remember when we had at least competent people in charge,0
Leakiest most grotesque administration of all time Im going to assume there will be more coming Pray another major disaster or terrorist attack doesnt happen while these clowns are at the helm,1
Sloppy incompetent Just like Trump,1
Key phrase feared retaliation,0
But her emails right If this was me I would have been questioned by GCS and terminated already,1
Unless its a shiny new pair of bracelettes and an allexpenses paid trip to Europe I cant imagine what a true American would gift a war criminal,0
Imagine Biden doing something similar,0
I will give a round of applause to the chefs though as the menu does look pretty appetizing Though tbh Trump and Putin dont deserve that good of food,1
They literally have no idea what theyre doing Humiliating,0
The destruction of our country by the most stupid people in the world is infuriating,1
What in the ever loving hell are our treasury secretary and SECDEF doing at a lunch with war crimibal Putin,1
i happen to work withfor a LOT of MAGAts they have a very similar tendency for incompetence and unearned self confidence i think it is just a republican thing they of course are all quite adept at finger pointing and blame gaming,1
All of them are crooks with bird brains,1
how important is paper when this meeting was a nothing burger,0
I remember seeing an episode of Jay lenos garage where the ss brought the beast Trumps caddy Jay asked if they could open the door Secret service refused,0
I see meritbased hiring is going great,0
This administration is just a joke I mean seriously its just lax i doesnt matter that this is just a load of dates and times etc its the principle of such infor not being made public So dumb,1
Potentially this is the entire reason for this idiotic meeting I find it highly unlikely there are any qualified people associated with trump on this trip which creates the perfect opportunity to accidentally leak secret information for Russian agents to secure This whole trip was a likely coverup to covertly notsocovertly give Russia intelligence,1
Is it common to have the sec of treasury and commerce at a war meeting like this,0
Welp another thing this incompetent administration did to expose themselves Its like an absolute cluster fuck of idiots,1
Pootihn ha he they said poo,1
Sorry FOUND,0
Really I pay Taxes for this stupidity,1
We have a president who is a criminal he staff is a bunch rejects from high school what do you expect,1
Interesting lunch menu,0
Jon Michaels a professor of law at UCLA who lectures about national security said that the documents found in the printer of the Alaskan hotel reveal a lapse in professional judgement in preparation for a highstakes meeting It strikes me as further evidence of the sloppiness and the incompetence of the administration said Michaels You just dont leave things in printers Its that simple The printed papers are the latest example of a series of security breaches by officials of the Trump administration Earlier this week members of a law enforcement group chat that included members of US Immigration and Customs Enforcement ICE added a random person to a conversation about an ongoing search for a convicted attempted murderer In March US national security leaders accidentally included a journalist in a group chat about impending military strikes in Yemen,1
Are we going to see these,0
Ffs opsec is really for Trumps government,0
Amateur hour yet again,1
Just saying that this seems intentional Like someone wanted the public to know the detail of this traitorous embarrassment of a meeting,0
Stupid asses Christ This administration is such a joke,1
Trump is Gaius Baltar fictional character from Battlestar Galactica Has lucid moments but is normally nothing but a bullshitter Hes evil He doesnt know any better Gullable driven by whats best for him Causes problems then runs away from them Driven by sexual desire and the illusion of power TrumpGaius Baltar,1
From the brain trust that brought you a press conference at four seasons,0
Two corrupt criminals on the world stage How embarrassing,1
Whats wild is that Putin is actually very intelligentextremely well trained for decades Trump is probably his easiest mark Putin is playing him like a fiddle for a few bucks and millions of the working class lives Fuck Putin Fuck trump,1
Well what are the details,0
At this point russian intelligence and the us government are the same thing,0
They barely need to try Once Trump a Putin employee nominated Tulsi another Putin employee as DNI you can reasonably assume she has been making sure Putin can access any and all US intelligence,0
They literally literally rolled out a red carpet for Russias FSB and welcomed them in Theres a reason that in the past these meetings have happened in rd party states very far away from us inviting them to bring in whomever they fucking like is a bad idea But I guess its incredibly likely that trump just loaded them up with whatever secret docs putin ever wanted anyway in exchange for a pat on the spray haired head,1
Anyone who thinks that Russian intelligence wasnt following every single US government employee in Alaska Why would Russian intelligence follow themselves,0
I once again remind people Trump appointed a Registered Foreign Agent as our AG If Qatar of all places can be legally allowed to control or influence our justice system via jet bribes its hardly a stretch that Russia wouldnt do the same,0
Putin probably dropped a bug in the presidential limo and gave Trump the polonium tea,0
The admin IS Russian Plenty to back that up Gabbard is one There was no need for collusion It is enough to ask why did Russia want Trump in,0
I wonder if the FSB would even bother wasting any resources when all it would take is a smile and nudge from Putin in the Beast to get Trump to spill all sorts of intelligence secrets,0
Dont need to follow them if they just give you file folders if the information you want,0
You dont need intelligence anymore I guess just the housekeeping key,0
Like for example by allowing Putin in the presidential limo Talk about open borders,0
Republicans will not care Theyve gone full nazi here The obvious fact that Trump is a Putin sycophant and completely invested in turning the US into a Russian style oligarchy does not matter to these people They do not care about law morality or common sense,1
For real this is absolutely the worst Presidency our country has ever had Again,1
Oh I find it perfectly believable after having seen how these people talk and act,0
Its not unbelievable When you hire people that lost elections or fox news contributors or personal friends this is what you get Theyre only talent is their incompetence,1
Kakistocracy,1
This is your Keystone Kabinet in action everyone First Signalgate And now this What else is compromised by such incompetence,1
Its like Veep without any of the laughter,0
unbelievable i believe it,0
Nuh uh Its a leak,0
The incompetence of America is unbelievable This bozo became president TWICE,1
Narrator Actually it was believable,0
It just makes it that much more infuriating that theyre taking over and are this dumb about it,1
Seems very believable to me Elect a clown get a circus,1
I have a very boring insurance job and once left a confidential folder in an office bathroom it was recovered and this was years ago and I still cringe about it twice a week how these guys can constantly fuck up and just keep on truckin is wild,1
whats unbelievable is that americans are capable of enduring even a single day with this man at the top how theres still not a military coup after today is beyond me,0
This could have been left intentionally Lots of leaks happen in politics all the time,0
The Russians probably left it out on purpose so they could hear what the US gov confirms denies or talks about behind closed doors,0
Hell last year it would have been a major scandal because it would have been a Democrat that did it and therefore the media would constantly hype how it was the worst possible fucking thing ever But this year it was a republican who did it so it barely got mentioned even on npr,1
Nobody bothers to care about this crap because in a few hours Trump or someone in his administration will just do something else horrible or stupid and then THIS incident will be forgotten so everyone can focus on the new horriblestupid thing Thats how Trumps flood the zone with shit strategy works and unfortunately it works WELL Just keep blasting away with a firehose of scandals so people cant get fixated on or investigate one for more than a few minutes before another equally bad one comes along that diverts everyones attention to that new thing,1
His administration is leakier than his diapers,1
I honestly think a lot of people voted for Trump specifically to set the bar for competence in America as low as possible So that they too could get away with doing a lazy poor job of everything Its hard to feel bad about your own shortcomings when the biggest fuckup moron on the planet is President I guess,1
GOP will say these papers were planted to embarrass the Trump administration and their base will immediately buy it because theyve been conditioned to think the left will do anythingdespite years of evidence that they suck at doing anything effective,1
Another entry in the if Biden did this the GOP would have been moved to impeach him folder,0
Yay were like every other corrupt country now,1
years ago it wouldnt have happened,0
You can thank the brain dead US voters for throwing Ukraine under the bus by electing a pedophilie beholden to a Russian dictator And you can especially thank all the monkeys who do not directly support Trump but still refused to vote for Kamala Harris the only candidate capable of governing the country At this point Im certain Russian propaganda could get the American people to accept Trump returning Alaska to Russia and democrats would still lose the next major election,1
Why did you spell trumps name like that,0
Remember an unsecured server that showed zero signs of ever being compromised was a four year scandal on FOX This yet another actual breach of national security is just a Saturday,0
Actually it wouldnt have even happened years ago Biden wouldnt be chauffeuring around a known dictator,0
This The damage done to our universities and the brain drain wont show up for years and theyll blame someone else Just like they gave the Medicare cuts after the midterms,0
Easy to understate impossible to overstate,0
Some of the people running our government Most of our government hashad been run by highly competent people who were just pushing the papers that Congress told them to push Didnt complain and showed up every day to perform a government service They never asked for or needed a thank you but just a consistent paycheck and the knowledge that they were doing the right thing Tens of thousands of those people have been fired or pressured to resign in just the past months for no other reason than to make the government not work correctly,0
Dont forget the people that voted for this,0
We now live in a Kakistocracy,1
Perfection No notes,0
Printers keep digital copies of documents that have been printed so the Epstein files can probably be accessed from any number of printers in the White House and at DOJ,0
His excellency Hes a coldblooded killer Yikes,1
Did they serve the adrenochrome straight up or on crackers,0
Agreed The paper ballet comment is just one example Trump probably point blank asked him how to consolidate power Putins like get rid of those pesky mail in ballots Too easy to trace,0
This was Trump getting advice from Putin This was Trump getting orders from Putin,0
Im fairly certain it was for the sale of Alaskan landdevelopment to Russia Thats my theory at least,0
The almost funny part is that Trump can never be Putin Putin is emperor in all but name He created an aristocracy out of violent thugs willing to do his dirty work He granted them control of former state companies and monopolies in exchange for their loyalty He protects them they serve him If theyre disloyal they die Trump doesnt have the same power he doesnt have the same ability to grant that power Hes incredibly vulnerable to internal scheming Hes too senile to really be in control The most Trump can hope for is to die in office in the next year or two Any longer and the wheels will fall off,1
This was Trump getting advice from Putin He did get this great tidbit from Putin relating to honest elections clearly an expert on the topic,0
Treasury and Commerce dont have anything to do with war ABSOLUTELY WRONG They have EVERYTHING to do with it WAR is a racket It always has been It is possibly the oldest easily the most profitable surely the most vicious It is the only one international in scope It is the only one in which the profits are reckoned in dollars and the losses in lives A racket is best described I believe as something that is not what it seems to the majority of the people Only a small inside group knows what it is about It is conducted for the benefit of the very few at the expense of the very many Out of war a few people make huge fortunes Smedley Darlington Butler Major General United States Marine Corps,0
Worse They were found on the hotel business access printer You are handing a major summit between two heads of state and you print up details on a PUBLIC hotel printer I work in TV and we bring our own printers to use on remotes I dont think my corporate apps would even allow me to print on unsecured machines,0
Maybe someone did it intentionally to leak it,0
Oh Im pretty sure there are some competent ones there using the incompetent ones as fall guys,1
Competent ones do commit crimes but they also wont get anywhere near Trump,0
You mean the Grand Ol Pedophiles who worship Trump who was a bestie of Epstein,0
The incompetence is astounding isnt it I seldom can believe how bad it is,1
Ok but clearly you dont understand Kamala ate Doritos and has a weird laugh,0
Yep America is cooked because of fucking idiots who call themselves patriots,1
Thanks for posting this detail Made me check out the article It says His Excellency and HE The article also mentions that the document contains phonetic pronunciations of names like POOtihn His Excellencey POOtihn Thats where we are at,1
Thats the standard way to address a foreign head of state The Biden and Obama administrations referred to him the exact same way,0
I have a bottomless well of loathing for the Trump regime but His Excellency is correct diplomatic protocol in that instance and would be used with most other but not all heads of state It is formulaic and doesnt imply an actual judgement just as His Majesty King Charles III is unlikely to be thought of as majestic by most people,1
This has to be satire but nobody in this administration even knows what that means,0
Heads of State are often referred to as such in diplomatic settings including the US president by his counterparts This is not actually an unusual part of the meeting,0
yup,0
the butcher of Bucha cast as his excellency yeah i have no words,0
At this point that just means white,0
I know we logically need to be diplomatic and welcoming to any leader visiting us Leaders who dont deserve to be diplomatically welcomed shouldnt be invited to visit us in the first place,0
Right Should have served MREs,0
Theres nothing logical about this Putins Russia is the greatest threat to all of USAs military alliances,0
Some of the documents were stored in a public restroom But thats not the shocking part there was a copy machine in the bathroom Seriously who puts a copy machine in the bathroom,0
Karoline will be saying these were fake documents and the fake news fell for it again Its predictable,0
Full display daily former MSG as well,0
they join the ranks of all the whistleblowers who got royally screwed after trying to raise red flags about major incompetence within the US intelligence services preattack and the ones who never said a word at the time but since have out of fear,1
Yeah its called Ukraine,0
Even though Putin is Putin its just standard practice to have pronunciation guides for this kind of thing,0
Or a calculated instance of forgetting to pick up the print job to leak the information,0
A diaper can only hold so much shit before it leaks,1
No Leak the Epstein files,0
Bringing the Bush league back would be a vast improvement and that is horrifying,0
No trump canceled because they were not serving McDonalds happy meals and he wanted the toy,1
Right Bidens team left a doc in a university room and people forgot about Trumps warehouse full Trumps team has a security hole larger big enough to sink the Yamato and the press dance around it It is Double Double standards,0
People want the Epstein files released not whatever this is,0
They dont do things intentionally Sadly enough theyre just this incompetent,1
These people are awful There I fixed it for you,1
In the article it says the lunch was canceled donny more than likely canceled it because as you stated and I thought theres no McDonalds happy meals and we know trump doesnt eat adult food it doesnt come with a toy,0
Clown show country,1
The two agents give eachother a furtive wink from across the printer copier,0
Tulsi is the DNI for fucks sakes,1
And Tulsi Gabbard ensconced as DNI Putin couldnt have dreamt of a better stooge When your flunky does your bidding without your asking,0
Yea man the call is coming from inside the white house,0
Nobody would describe our government as intelligent,1
Dont be ridiculous Theyre not US Government is way down the chain of command from Russian Intelligence,1
The Presidents Daily Briefing once one of the crown jewels of Intelligence is now done in crayon for the Occupantbut every morning over coffee Putin reads his copythe one done for the record Tulsi just sends it over Signal,0
Literally minutes after Starlink installation at the White House there were documented connection requests from Russia,0
That was a scene from Chernobyl I think The people following the main characters had people following them and so on,0
We arent lucky enough for and why would he harm the greatest intel coup of Russia in history,0
Its almost as if everyone forgot Trump stole classified documents on his way out of office Wonder what he gave Vlad,0
They dont I occasionally take a deep breath and submerge myself into the conservative sub cesspool It was overwhelmingly Sly Trump has got the upper hand in buttering Putin up before he drops the hammer Did you see how scared Putin was when the Bs went over Thats Trump for ya what a man I said this in Reddit a while back and got downvoted If you think MAGAts will come to their senses youre deluded They dont care and they wont care Trump is their god,1
An understanding was reached for sure just not sure what It had nothing to do with geopolitics nor the war I have a feeling that the understanding was reached about years ago when Trump helped move the Russian mafia into New York and run out the Italian mafia the Russian Mafia poured the concrete for his Trump Tower illegally might I add And usher in a Russian presence in New York The big question was why Well from what I have found Trump and Rudy Giuliani had a small company in Ukraineya the same country Trump got impeached over the st time for that illegal call trying to extort a foreign power This small company has a big part in what happens next over the next years years of betraying America Trump is laundering money money Russia stole from Ukraine Uzbekistan and Kazakhstan when the USSR collapsed Russia tried to move the stolen money themselves and of the billion dollars were frozen by the UK This caused Russia to panic and pivot and try another route of moving the money They were introduced to Trump by the Rodham family yes Hillary Clintons parents introduced Trump and his father to the Russian mafia The relationship blossomed into sexual deviancy he started marrying russian prostitutes and Im sure Russia has all the pedophilia on file from his stays Trump enjoyed pedophilia so much that he found Epstein and became his best friend magically bankrupt Meanwhile Trump began laundering money for Russia through his casinos Now bear in mind his casinos magically bankrupt constantly False he ran them without any computer systems everything was handwritten receipts and when the casino went bankrupt everything was burned No paper trails as they say This was because they were money laundering schemes their goal was never to be a casino but to move money undetected with no paper trail for the Russian mafia Trump spent decades moving Russias money while being a father and pedophile living his best life Then he moved on to other things desperately wanting to be accepted into the American elite but he was nothing but a con man moving money for the USSR He was a traitor who became very rich being a traitor and wanted his money to buy him into the elite American circle The TV show The Apprentice gave him popularity and opportunity and from there he ran for president He won With unprecedented help from Russia interfering in our election They consider Trump an asset he has worked for them for almost years now And now they have a man on the inside Trump being the narcissistic pedophile that he is is compromised from the start So his entire term in office is one of protecting himself from investigations hence the multiple firings of any FBI CIA or any organization or judge that is attacking him He creates loyal psychopants around him because his cupboard is full of deadly secrets He is no good for America he has been a traitor his entire life because it was an easy way to make money But thats not an excuse America needs better than Trump,1
Republicans will not care Guy the majority of Americans do not care Just look at what happened in November Instead of voting for Kamala Harris the only candidate capable of running the country million Americans elected a pedophile whos beholden to a Russian dictator both of which was well known for years before the election If this keeps up by the end of Trumps term Russian propaganda will have the entire country crawling on all fours and begging Putin to take back Alaska,1
True Need to push mail in voting with hand count In as many States as possible Need to maneuver around the new BBBills hefty ICE voter intimidation funding,0
Everything they used to stand for has turned out to be a lie America Nope Democracy Nah The Constitution Nuh uh Freedom No sir Family values Absolutely not Christian values Ha No Protecting children Believe it or not also no They want nothing but an authority figure to tell them and mainly everyone else how to live Theyre losing a rigged game and think more rules for other people also losing the game will make it fair again while ignoring the cheaters completely,1
They dont care but we need too And we need to all call all this ridiculous and obvious charade that Trump is a real person and Putin isnt guiding him Trump is a Russian asset Hes met or had calls w Putin times now none of which were recorded The next highest world leader Macron w all of them officially recorded,1
Letting russia turn the US into a wholly owned subsidiary to own the libs,0
Both of these Astounding amount of DANGEROUS incompetence and and millions who dont care,1
They would only care if Democrats did it Edit word,0
They just care about hurting the people hes supposed to be hurting,1
MAGA legitimately thinks Russia are the good guys I know cause my mum is a MAGAt and shes never lived in america Since Covid shes gone from being a staunch defender of the holocaust to believing Hitler was framed and Epstein is still alive,0
MAGA chuds have been convinced Russia is the model society and are chomping at the bits to have that very thing done blatantly in the open before their very eyes and with their knowledge,0
Idk Hunters laptop was a pretty bad president,0
When the worst and least competent people are intentionally chosen what else would be expected,1
Theyre only talent is their incompetence Thats hardly fair Theyre also really good at lying denying and being apathetic to their own cruelty,1
The political scientist inside me was very happy to see this,0
Right GOP and Fox News would have been screaming for impeachment for something like this had it happened under a Dem I am beyond exhausted with how the incompetence of the GOP is baked in so they get a pass on every national security fk up and every violation of the Constitution,1
Would have been discussed for months on Fox Republicans are seeking the bottom of the bottomless pit by the hour with this administration Its actually borderline impressive how many unqualified grifters who dont have a fucking clue about anything have gigs Youd think thered be an occasional adult who accidentally snuck into the administration floating around,1
The bar is so low if Trump doesnt shit his pants on camera its hailed as a success,1
NPR is still tiptoeing around the guy that cut their funding Fucking pathetic,1
well sure because if a dem did it it would probably be the worst thing they did When trump does it it doesnt even make the top this month News is relative,0
years ago it would have been a major scandal years ago it wouldnt be years ago it wouldnt be at any point in the history of our country more than years and months ago it would have been a major scandal Theres a common theme around here somewhere but Im not sure what it is,0
God picture how many months of Sleepy Joe had a senior moment and left classified info in the printer style jokes we would have had to endure,0
Seems like the same people who wanted the swamped drained sure like to swim in shit,1
It only works because his voters are ok with everything he does,0
The attack on education began years ago the damage is already visible,0
Generally when people talk about the people running something they mean the people in charge who have decision making powers not the people who are employed by the people with decision making powers but have none themselves if you got hired by USPS to deliver mail would you go around saying my job is running the US government,0
Negative not how it works for a majority of printers And even if there is a few temp ones theyre cleared out fast once jobs are complete Some older printers would save files like that but I mean OLD Newer ones with hard drives could but that is pretty rare and I think with government compliance possibly not allowed for sensitive information Just like it would be for HIPAA for example,0
Thats not true They keep a copy temporarily process and print it Then its purged Its not like a hard drive storing files on there indefinitely Its like RAM temporarily holding it,0
Fucking disgusting His excellency the red carpet Trump meeting him at his plane a gift no deal and taking advice from a dictator on how to run elections How do people see him as an anything but a spineless coward with a black heart full of malice and hate I dont understand how anyone believes he isnt just Putins puppet,1
Trump is literally a pathetic version of Putin At least Putin gained respect from his experience as an officer in the KGB Trump is just a daddys money wannabe dictator who cries and kicks his feet when he doesnt get what he wants I genuinely have more respect for Putin than I do Trump and I HATE Putin,1
With the medical care Presidents get Trump can live for a disturbingly long time Dick Cheney is still chugging along with someone elses heart at The SCOTUS and Congress have decided he can do what ever he wants so he does have that power He doesnt even have to have the mental faculties to do it He just listens to whatever the last handler that spoke to him says to do Its dangerous and crazy AF Id like for it to end soon but Jr is just waiting to take over Half his base will just see the Trump name and say Okay whatever,1
Oh this was emailed from a gov email to a personal email so that someone could print it in the business center,0
Lol I work in human services and cant print off my homeoutside printer What an absolute shit show,1
Its sad when scripts are held to a higher security standard than national security,0
Im still wondering what Marco Rubios endgame is here He may genuinely be more evil than I give him credit but hes smart enough and experienced enough to see through the bullshit He looks miserable every time I see his face,1
Yup and I have a job where other people love paying attention to my details in order to gig me it is extremely freaking exasperating to watch the trump admin malfeasance and malfunction in action,1
Remember when Obama bowed too hard to that Japanese guy and the right lost their minds Hypocrites,0
every goddamn fucking moron who thought kamala harris would be worse for gaza than voting for trump or abstaining got us here unplug the simulation already its over,1
Had it been worded as President Poo Tin now that I could get behind Not gonna happen with this regime,0
Yeah its the diplomatic title of his office And a not uncommon title for other heads of state,0
I think the issue is Putin doesnt deserve that kind of politeness and this meeting shouldnt have happened in the first place Seems the issue is normalizing what should never be normal,1
The USA is now basically a subsidiary of Russia Literally,0
Flashback to season where it came out that trump heaped crates of top secret stolen military and nuclear documents next to a photocopier in a room he rented to the Saudi government,0
Jack the FBI agent exchanges a furtive glance with Boris the FSB comrade Boris nods knowingly and enters the airport restroom Jack glances around inconspicuously then follows shortly after As soon as their eyes meet they rush into the second stall and embrace passionately kissing each other all over Unknown to them the first stall is also occupied by two men passionately fucking Its their leaders Donnie Trump and Vladdy Putin working on their peace plan,1
Quick handies in the bathroom,0
What makes you think he isnt askingtelling,0
They had to stop including the crayons as he kept eating them,0
which would have been incredibly easy for Russia to conceal so the fact it was so obvious was deliberate,0
And kept them next to the shitter nonetheless,1
We know what he gave to Vlad US intelligence assets were arrested andor killed at a much higher rate after Trump left office,0
Small beans to Elon putting in Starlink and giving Russia passwords to immediately log in,0
Removing people from a cult is a long and laborious process If he dies he was killedmartyred If he lives that long and runs for a third term and loses it was rigged Theres no digging people out without mountains of evidence of how he and his handlers have made their lives worse,0
I too ensure my enemies are in perpetual fear by constantly and enthusiastically felating them,0
At this point Trump is more than their god These are people who believe God forgives so they can go against Gods wishes They dont believe that about Trump Theres no saving them either Theyre gone It would take decades of reprogramming to reverse the damage Fortunately the demographic is older and the ones that skew younger are a minority So theres a very strong chance that they simply die out in the next decade The grifters that attach themselves like leeches will just move on to the next gift,1
What a bunch of numbskulls A pack of maroons,1
Between two groups of people who seek to create different kinds of worlds I see no remedy but violence Oliver Wendell Holmes Jr,0
I personally wouldnt care if he gave Vlad a rimjob on live TV if he actually accomplished something for the US and its allies but he didnt,1
the Russian Mafia poured the concrete for his Trump Tower illegally might I add And usher in a Russian presence in New York They were introduced to Trump by the Rodham family yes Hillary Clintons parents introduced Trump and his father to the Russian mafia I have read more then I should about this person I despise and this is new info to me Can you share links supporting this please,0
Im only pointing this out because this is such an interesting comment that it shouldnt have a kind of hilarious typo taking away from it The word you want is sycophants Hope thats not obnoxious to point out just want to be helpful,0
Manafort and many others around Trump have well documented ties to Russia too Its not theory its fact,0
I so desperately want to believe this narrative but I cant help but wonder if its playing on my personal cognitive bias I despise Trump for what hes doing and what he represents but if this narrative is true I need hard proof,0
And even more people decided not to bother showing up,1
And million couldnt be bothered to even vote,1
And even more than that just sat at home not caring,1
The republicans control the entire USG now We cannot expect anything to change unless the republicans are tossed out,0
Mail is compromised DeJoy did his job,0
The republican party is a russian asset,0
Forgot corrupt and pedofile,1
Ill give you the apathy but these people are not good at lying and denying Theyre so bad at it that its almost laughable anyone ever believes them,1
being apathetic to their own cruelty ie sociopaths Evil I think is the absence of empathy US Army psychologist who observed Nazis at Nuremberg trials,1
Dont leave out their attacks on the media Sure the frog water has been boiling on their incompetence But now all of these billionaire owned news networks have bent the knee and are fully complicit in the cover up too,1
No i really wish the democratic party would be more willing to call this shit out and act more like Republicans do i the media when it comes to calling out bad behavior,1
To be frank they would have been up in arms about meeting one on one ie not part of a multi country summit with Putin in Alaska,0
Listen just because the idiot huffs spray paint that doesnt mean we should give the honor student a pass for making an illegal left turn In fact we should probably elect the idiot to mayor because they are living up to the standards they set unlike that naughty honor student,1
The occasional adults were intentionally ejected during the first term and replaced with sycophants grifters and some of the dumbest fucking people in America,1
Big if,0
Try years ago Reagan administration was one of the first to push for voucher to gut public education of tax payer funding and move it to private schools The Reagan administration was the architect of so much of the damage we are now reaping in our country Trickle down economics out of control defense spending deficits through the wazoo war on drugs moral majority and on and on,0
It very much is still a thing and it happens on modern copiers Plenty of YouTube content out there showing people accessing it on copiers purchased online You assume this administration is compliant with security regulations Theres almost certainly government staffers buying shit off the shelves at Best Buy and using it with zero care or attention to the proper security protocols Trump for example is well known to have eschewed his special phone and used his own personal one instead which doesnt have all the proper security and thats just one high profile example,0
You think this admin cares about compliance,1
Thats for cheap home printers Business ones can reprint docs on demand from years before It depends on the printer and config,0
Conservatives are celebrating a flyover as some big balls move ignoring the rest Cant make this crap up,1
Trump already shows signs of strokes and dementia Hes been incredibly unhealthy his entire life The US doesnt have nationalized industries for him to privatize out And he cant force the consolidation of industries under the control of his preferred courtiers At most he allows anticompetitive mergers in exchange for bribes But that isnt the same thing as what Putin did,0
emailed to an unsecured privately owned email server great even worse,1
Where do you think Republicans get their money from Russian laundering,1
Dont forget to blame all the people that enthusiastically voted for Trump They got us here too,1
Only one group gave Trump of the overall votes he received That group is fairly consistent and has a much longer trackrecord of voting in the type of ghouls we get,0
Yeah This simulation is only yielding barely intelligent apes who just fight and bicker Time to cut it and go to the next,0
Be more concerned that Trump calls him Vladimir being on an informal firstname basis with him,0
Israel would like a word,0
FSB franchise system,0
Apropos The list provided phonetic pronouncers for all the Russian men expected at the summit including Mr President POOtihn,1
To be fair when youre a giant turd storing something next to the shitter is a logical location,1
And the CIA itself was the source of that info The CIA just does not comment about agents or the state of its agents at all ever The agency putting out that release is equivalent to them screaming SOS into a bullhorn,1
The amount of people Ive seen online cheering on and saying Trump should run for a third term boggles my fucking mind The only person whos served more than two terms was Roosevelt and the rd amendment didnt exist then he was the reason for the amendment The only reason he served four terms was because of the Great Depression and WW and because the country absolutely loved him and trusted him to carry them through WW after saving them from the depression Now its fucking illegal to do but why should that stop Trump from running for a third term Its not like any other law has been an issue to break so far during his presidency which is beyond exhausting,1
You ever see the Simpsons where Mr Burns remembers when he smashed an Irishmans legs in bumper cars and laughs for a day and a half Well you have now Thats what your comment was like I laughed then I laughed some more Then I forgot and remembered and laughed some more You win,0
Come get some has an entirely new meaning with this droolcup circus,1
Dude Im scared,0
It took the GOP years to build this cult so yeah decades to get out it is about right But yeah only because so many of them will age out of voting in that time,0
Sorry PA your count is off You forgot to count the entire south Texas and quite a few other states The baby roaches are everywhere,0
Gen X is the Trumpiest generation and theyre a long way from dying out,1
Morans even,1
You wouldnt care if the president of the US gave one of the worlds bloodiest butchers a rimjob on live tv,1
the Russian Mafia poured the concrete for his Trump Tower illegally might I add And usher in a Russian presence in New York this is usually the story I think of when I hear trump and concrete and mob but its nothing to do with what the commenter said,0
My source is an FBI agent who spent years investigating Trump and his illegal activities only to have the entire thing shut down and burned when Trump became president,1
Beware ops comment is some kind of creative writing or other similar scenario It combines dots of truth with entirely fake narratives around those points For example trumps casinos did go bankrupt but the reasons and mechanics are well known and mundane OPs version of those details is just nonsensical faff Similar the conspiracy hoax insertion of Rodham family Yes Trump and Giuliani have long been assets of Russian mobsters but they came by that without any help from Hillary,0
How Russian Money Boosted Trumps Business Empire,0
Cracking the Shell Trump and the Corrupting Potential of Furtive Russian Money Center for American Progress,0
Bc Palestine would have suffered Theyre suffering even worse now but well just ignore that,0
And million couldnt be bothered to even vote Oh they voted They voted for Trump without leaving their home,0
Electronic is compromised,0
The frog water has been boiling on is a great way to start most sentences describing whats happening in this country In this analogy we need someone to shut off the damn gas,0
They called this out plenty during the campaign trail It didnt make a single modicum of a difference His base doubled down and non voters could not pull their heads out of their ass They kept screaming both sides are the same when top economists said Kamalas plan would bring us into a golden age while trump would invite a recession,1
Well you see in public schools your kids have to be aroundTHOSE people,1
because heritage foundation and ALEC have been coordinating and writing the laws every since theres a reason conservative states all have the same bills they pass at the same time and its been reported on plenty before ALEC is a member of the advisory board of Project a collection of conservative and rightwing policy proposals from The Heritage Foundation to reshape the United States federal government and consolidate executive power should the Republican nominee win the presidential election,0
Prop passed in in California,0
And the shift to loans for college over properly funding universities,0
Printer functionality copier Print jobs get saved in temporary storage and then are cleared after x amount of time Youd have more luck pulling shit from the print spooler on the PC And as Ive said in another comment these things were locked down before this admin and even the first admin The only way it wouldnt now would be if they purchased their own But I doubt theyre going out buying really expensive printers if anything theyre buying the cheap ones with super low temp storage purely for the print job that gets cleared out after,1
Yeah a big clue here is the fact that they used hotel printers at all A team with its shit together who gives a damn about compliance certainly would have printed these docs days in advance back in Washington,1
I wouldnt put it past them to think they cant trust the deep state printers already in their offices so they just go to staples and buy a bunch of residential printers Bonus points if they get the cheapest ones possible that send all the files right back to China,0
Actually I agree I wasnt thinking of commercial printers Thank you,0
The plane flyover reads to me as a blue angels hey look at my cool toys move,0
They are idiots All the flyover did was give Russia more intelligence on those planes Im sure that Putins plane like Air Force One is chock full of surveillance apprautus,1
buttery males,1
dont forget Rogan Schulz and Theo Von,0
if i said my true thoughts about career trump voters id be permanently banned from reddit and it doesnt change the fact that a third of the fucking country mostly younger people just sat at home,1
Isnt it a bit freaky how netanyahu putin and steven miller all have the exact same dead eyed stare,0
Bro cant even pronounce the name of his blackmailer Sad,0
And yet they proceeded to do nothing else about it for years and now hes back to expose more of them Good job guys,1
Bro Ill beat you off with both hands,1
Sadly young and undereducated people are joining this cult too Then theres the contingent of young people who are so open minded theyre susceptible to both sides are the same bullshit or genoJoe hoax narratives,1
horseshit,1
Absolute BS It is boomers Yes Im Gen X and defensive,1
Following the Money Trump and RussiaLinked Transactions From the Campaign to the Presidential Inauguration Center for American Progress,0
I am NOT saying that these a few of many of the articles out there support the claims of OP just that they are interesting reading for those seeking additional information,0
Also true There is no normal path out of fascism Voting alone has never ever worked Ever Not once,0
It seems like the water has boiled off and were beginning to sizzle,0
Also because in that experiment the frogs were basically lobotomized first,0
Ive been using the cliff is behind us It feels more more like were the coyote singlemindedly chasing the roadrunner when suddenly we realize The fall aint gonna be pretty,0
to be fair the last time I voted on a local election I was number roughly each time at like pm No one votes in this country like literally no one And that was a vote to determine who decides our energy prices we dont have a democracy we have a bunch of idiots and lazy people,1
Right Printed prior to departure labelled and had eyes on them until they were distributed to their intended recipients Or used the military bases printer This is mindboggling levels of sloppiness,1
For sure but those printers dont save either When I talk about printers with hard drives Im talking like k printers I do agree theyre definitely doing wildly insecure shit but I doubt they bought a k printer for personal use Given the signal scandal Im sure they have some printers lying around but those cant save anything Most modern consumer printers cant,0
Dont forget Elon and his extensive knowledge of vote counting computers,0
Its a funny thing prosperity You dont realize how you got there until you arent there anymore,0
I can understand the confusion because Trump always calls him Sir or Daddy,0
AI being banned and strictly regulated is a start Send Elon back where he came from Freeze all his companies and trumps would be a great place to start Trump is laundering money for Russia,0
which still makes the frogs smarter than the average maga voters,0
We have a city commissioner that my community hates My community has adults in it He won his last election with votes Ive been trying to organize us to vote against him in the upcoming off cycle election Im going to guess I get less than people to go vote Hell probably win again with or less votes I his defense his competitor in the last election got votes and his spoiler candidate buddy who took the same platform almost word for word as his competitor only got votes,0
The problem is that voting requires a lot of time Voting in every local election every primary every state and federal electionthats a lot of time you need to take off work on a week day The whole system needs an overhaul to make it at easy as possible to vote with modern technology Or just mailin ballots need to be a much bigger thing If for every election every citizen got mailed a ballot without them having to do anything then I fee like the majority of people would actually vote Or for fucks sake at least do it on the weekend,1
I work in education and we have more restrictions for printing students IEPs than these fucking clowns do for national security,1
calls him Sir With tears in his eyes But you know the kind of tears from gagging onsomething,1
Rightwingers being upset by this is fucking hilarious,1
Will it be enough Shouldnt other Dem states follow suit,0
Internal migration We need a few thousand folks to move to Wyoming and there are two blue senate seats Boom,0
Republicans upset that democrats are playing by the republican ruleset,0
Good,0
Its on us to finish the job and to turn out November th will be the special election We can also vote early and mail that shit in so there are no excuses,1
I always thought someone should finance moving jobs requiring higher levels of education aka people that vote for their own self interests and the welfare of others to red states to turn those states purple or blue over the long term Obviously thats just wishful thinking because the only people that could afford that like using republicans for their own purposes Its fun to dream though,0
Newsom is doing Gods work Finally a Dem who realizes that its time to fight fire with fire,0
As a CA District One resident I for one will be happy to see ol Doug Lamalfa out of a job He can go back to not farming rice and collecting his subsidy Doug Lamalfa is a welfare queen,0
Never been happier to see a mans balls,0
come on,0
Why are we direct linking to the Daily Caller,0
Heres an idea How about everyone gerrymanders to make it each district the size of say person,0
As a Texan I completely support this move The Republicans started this stupid redistricting war Democrats should respond in kind,1
California Democrats released a new gerrymandered House map on Friday night that if implemented would carve up deep red areas of the state that have been under Republican representation for decades If enacted the map would likely result in a California House delegation of Democrats and only four Republicans The Republican incumbents the proposed California map targets are California Reps Doug LaMalfa Ken Calvert Darrell Issa Kevin Kiley and David Valadao Furthermore California Democrats new proposed map also seeks to add more Democratic voters to the seats represented by Californias half dozen vulnerable Democratic incumbents Reps Adam Gray Josh Harder Mike Levin Dave Min Derek Tran and George Whitesides This is the statement from GOP legislators The nine members of the California Republican House Delegation released a joint statement Thursday on a recent poll revealing Californians greatly disapprove of the motion to override the independent redistricting commission Governor Newsom is trying to grab power away from the citizens on the commission and give it to Sacramento politicians to gerrymander their own districts the legislators GOP wrote in the statement Our delegation will stand with the citizens of California and defend their rights as they stand today in our state constitution by opposing Newsoms ballot measure All Californians regardless of their political affiliation should vote NO on this attempt to eliminate the Independent Citizens Redistricting Commissions ability to draw fair congressional districts,0
I hate that we have to do this I believe in the bipartisan redistricting commission But we DO have to do this We have to get rid of the authoritarian regime and the reluctance for dems to play dirty even remotely as much as the GOP has been weaponized against us for too long Its time to clean house,1
NO Gerrymander the shit out of it Strictly dickly blue,1
I think Newsom will find that finally fighting back with teeth is going to get him a lot of goodwill from frustrated Democrats If hes setting himself up for hes on the right path,0
Trump won of the vote in and the state currently has a to congressional majority for Republicans and this motherfucker out here like Five more,1
Adblocker wont let me read it Anyone have a different version,0
Ngl I thought that was Scott Disick for a sec,0
I dont disagree with the sentiment but this historically has not panned out as intended Fuck these seditious cucks but this may backfire down the road,1
Still incredibly weak democrat bullshit Youre really going to fucking match Trumps call for seats in Texas Pathetic Go the whole and eradicate the GOP from California,1
None of this will matter at the end I think this is all strategically smart political theater for his presidential run to appeal to frustrated democrats and I am sure this is helping in that,0
Newsom is an idiot he should stick to giving handouts to his breadbased donors He is opening Pandoras box for at most four seats in the house,1
Speaking as a former resident of Texas its beyond hilarious Get fucked snowflakes,1
Their propaganda machine all over TikTok has been on FIRE these last couple weeks preempting this Texas gerrymandering fight trying to convince right wingers that the Dems started this fight and theyre just now starting to play defense Its pitiful Their voters are so fucking uninformed that theyll believe anything if right wing media and social media repeats it enough Theyre incapable of doing research themselves or understanding research thats shown to them Theyll look at the blue sky and theyll tell you its whatever color right wing media tells them it is Theyll then act HORRIFIED that youre not able to see the nonblue sky like they can and always have been able to see,1
I love this for them,0
Right Newsom wants the people to vote for it Abbott wants the legislature to tell the people what they want,0
Hilarious af As a Californian this map soothes my soul and tickles my belly,0
Its totally not the same but it reminds me of a raise i was denied in a salary position where I could cost them more than the raise by just doing less and still falling within my role Stakes are a little higher here but its very possible to keep doing your job even if they dont like how you are doing it I got the raise when I pushed back Lets hope for the same here,0
I read it as ratwingers and now Im sticking with it forever,0
No one on the Dens side is going shit letting Dump run unchecked its about time someone says fuck this didnt think it be Newsome but he can hold the cards but when does its rigging and Texas does it its ok fucking trash,1
How dare they do what we are doing that isnt rights,1
Im not sure they believe it will happen opposed to the idea in CA,0
Im non affiliated and I think this sets a bad precedent Though I understand the reasoning behind it but its still a slippery slope Guess Ill all be FUBAR until Hopeful for an independent redistricting Body to bring back balance and give the power back to the people Probably all just a wet dream at this point though,0
colorado is,0
Basically since the dawn of time human beings have relied on the habit of we all want to do something but we need someone to go first Newsom was the one who went first maybe that will lead to more governors being brave,0
After Texas Ohio Florida Missouri are planning to gerrymander even more Ohio with more seats Missouri with and I think Florida with This is in addition to N carolinas gerrymandering in by which they gained seats From in midterms to So yes Democrats need to do this in other states but problem for them is they dont have both houses in some states thats Minnesota Philadelphia They can gain one seat in Maryland if Wes Moore goes ahead with it Newyork can gain seats Edit forgot to add Indiana,0
Basically if the republicans really want to play this game I can almost guarantee that if blue states gerrymandered as hard as Texas is saying theyre going to the Dems will almost certainly win every election going forward Play stupid games win stupid prizes,1
Yes Any blue state should If this is how the right is going to act then the left can do the same,0
Itll be enough for every red state legislature to follow suit,0
Ok So based on running some quick numbers itll take at least active democrat voters moving to Wyoming to flip the senate election based on the senate and presidential election results Might as well shoot for to counteract an increased Republican turnout or some republicans that would move to counteract To get that youll likely need to attract kk actual residents assuming some wont actually vote and many will bring kidspolitically inactive spouses That would represent a roughly increase in the total population Obviously unlikely for but not inconceivable on a sheer numbers game for a coordinated decadelong effort Not sure any of the existing cities would be terribly amenable to such an influx but surely it wouldnt be tough to find a few ranches on which to build a set of new towns that could accommodate that population If planned well and financed I could see it perfectly possible to build five person towns a few near Cheyanne maybe one near Casper and a final one near Cody Biggest challenge I see would be securing sufficient water rights and actually convincing people to go but as a city planner myself I think the other logistics would actually be quite doable The I corridor coming out of Colorado would actually make sense as a logical next step from the growth coming to that state EDIT Adding here this would be a great legacy project for any nefariousminded democrat billionaires paging,0
Id say itd be safer and more likely to go to swing states,0
Yes Wyoming has the lowest population but it is so much deeper red than you think Move to the swing states and sweep Senate and Presidential elections Leave Wyoming for dead Its what their voters asked for,0
They really didnt think wed do it,0
Im very happy Newsom snapped and is just not giving a fuck anymore,1
Not good enough Its only a seat gain All it does is neutralize the Texas gerrymander We need to gerrymander harder than they can it should be democrat in California They want to retaliate Sure Show us their best Wyoming gerrymander Ill wait,0
And then to turn to turn out when republicans refuse to seat the democrats They have no intention of ceding power democratically,0
Wont work You cant move enough people for jobs to make that much of a dent And they would all be in small areas so you end up with blue cities but those are still outweighed by red areas,0
hey neighbor couldnt agree more,0
All Californians regardless of their political affiliation should vote NO on this attempt to eliminate the Independent Citizens Redistricting Commissions ability to draw fair congressional districts Its going to pass in a landslide,0
You couldnt pick a nonfar right propaganda blog as your source Daily Caller doesnt deserve the ad revenue from reddit traffic,1
buhbuy you do realize this entire thing is predicated on texas doing it first ya,0
Cant do that That will make a lot of CA congress members vulnerable even in a wave election but specially in and,0
I dont think you understand how gerrymandering works if you think thats possible,0
How exactly wont this matter This is perhaps the single most important thing for democrats political power right now political theater or not Unless youre saying he wont follow through No love for the guy but that shouldnt affect your stance on the policy,0
I hope it does help thatif he can find the right balance to get all democrats to back him then well be better off for it a NewsomCortez ticket would be crazy,0
Youre right I am frustrated Hell Id stay Im flat out pissed Democrats have shown theyre more than happy to waste all of their time arguing when they have the majority and when they dont enough of them roll over to vote with Republicans,1
How is he opening Pandoras box when the republicans have been doing this for years,0
Ill bet you support it when Republicans do the exact same thing though,0
If the guardians of pedophiles hadnt already gerrymandered so many states they would be down in the house The box is already open Newsom decided to play the game by the rules that are being played on the field And its about damn time,1
Pandoras box is already open my guy,0
Youre right He should sit there and let republicans gerrymander and erase democracy more so they can pass more unconstitutional federal legislation,0
he should stick to giving handouts His state is the most wildly successful of any in US history And has a GDP that would make it the th most valuable country in the world,0
North Carolinian checking in Dont you love to see it,0
Speaking as a former resident of California they will vote for this,0
Texaslol you bragging or looking for sympathy,1
Ask them about the REDMAP project in,0
The dress is blue and black,0
That kinda shows how captured TikTok is That law that that bans it went into effect the day before Trump was sworn in and his administration has opted not to enforce it Thats a significant amount of leverage substantially more than he would have if it were owned by an American company,0
I know the Texas democrats have stated theyll let the second special election happen but I really wish they wouldnt Their tactic worked and it really helped propel the story but theyre settling with seats being evened out rather than shoving the double standard conservatives have pushed for years right back up their asses Redistrict California prevent Texas and tell them to shove it until theyre willing to create nationwide changes to gerrymandering,1
Rats deserve better,1
Rats are likely smarter,1
Dont insult rats like that They are intelligent creatures that have empathy,1
This is exactly how we got to our current situation,1
Dont bet on it It gives the Colorado governor the power to get them changed but the Governor Poliss favorite job function is to veto shit not get shit done,1
Counting on Polis to do the right things is a surefire way to get yourself disappointed,1
philadelphia thats the second time recently you have misidentified PENNSYLVANIA,0
Yeah and one reason they dont in MN anymore is because they were basically split in the state senate but then one of them was killed so now Republicans have a majority,0
If its a statewide ballot I think NJ might also be willing to suspend its independent commission I wouldnt mind getting a D back to represent me instead of the R the commission gave me,0
Its worse than that When the Supreme Court overturns the voting rights act we all know its just a matter of time every southern state is going to redraw their maps to be Republican,0
Wyoming will also try to follow suit Wait you might say to yourself you cant gerrymander a state with just one representative They will try anyway Why should math and logic matter,0
The courts will stop the Dems from doing it and allow the Republicans tale as old as fascism,0
So trump will have a bad faith electors argument for overturning elections results,0
Wyoming makes me think Yellowstone geysers Perhaps with that geology theres an opportunity for geothermal power plants and geothermally heated homes and greenhouses,0
Correct you pick up additional house states since swing states are generally wellpopulated,0
Why Theyre always projecting their bullshit on us Its why they think were a bunch of pedophiles,1
Hell never be popular with the right so just lean in and go Dark Gavin Why the hell not What is Trump going to do disapprove,1
Absolutely All the rules gotta go now,1
Wyomings last Senate election was determined by votes,0
Yes the scale also makes it unworkable in addition to the complicit corporations I guess the only reasonable solution is ranked choice voting just to decrease the incentive to gerrymander and reduce uniformity of the legislature Education could also be a solution but that seems as infeasible as my original idea especially as legislators are actively trying to brainwash children through subsidizing private schools that teach what they want children to hear,0
You sure I think its a huge gamble I guess we have to do it at this point but I dont think its anywhere near a sure thing,0
Dont click it Thats why I added the transcript as much as possible This is the only blog I saw which mentioned percentage wise territory change,0
you do realize this entire thing is predicated on texas doing it first Theyre doing it no matter what And if it stops them from doing it then mission accomplished,0
There are Republican held seats that you can redistrict out of existence Eradicating congressional GOP representation in California with a point lead You can pack a single district and get a point lead No I understand exactly how gerrymandering works and knowing how it works makes this map another showing of democrats weakness,1
Displaced californian over here Damn straight they will,0
Theyll have no clue Theyve never heard of it Ive seen these fucking assholes saying that they NEVER COMPLAINED about the President and theyre surprised they are seeing so many Democrats complaining about everything Trump does They dont know anything Theyre fucking idiots might as well be before they were born,1
This would make more sense if you said white and gold since the dress actually was confirmed to be blue and black,0
Hows that,0
Hes building that bridge from the Capitol building to the park across the street,0
Freudian own suck it Pittsburgh,1
Hol up one of them was murdered by a Republican terrorist and now they have a majority,0
Yes and no MN is out of session right now and a special election will happen before it is back in session They should be able to regain status before republicans can take advantage,0
Senate seats are far more important for Dems than Republican ones if we are ever to break thru and pass meaningful reform The Senate has been the red firewall not the house,0
They dont actually think that Theyre just accusing us cynically so that they can advance their agenda This redistricting move is the strongest political angling Democrats have done in decades Our leadership had been so committed to the idea of compromise and bipartisanship that theyd forgotten how to fight This is still the case at the national level which is why Republicans are surprised,0
Why else would they be acting shocked and surprised at California gerrymandering,0
Its obvious he wants to run in before this I had my qualms and still do about him even though I supported him as governor of my state But Im honestly willing to vote for him in the general election if he continues to attack Trump like this Its what the country needs and I hope this begins to inspire more states to push back and take our country back,1
California still remembers their LAST GOP Governor and GOP controlled state legislation Its a sure thing,0
Theyre doing it no matter what texas probably california its going to be a ballot measure in november for the VOTERS to decide,0
from your quote Our delegation will stand with the citizens of California and defend their rights as they stand today in our state constitution by opposing Newsoms ballot measure,0
Current Californian here I cant fn wait,0
Look at the number of crimes they claim he committed Clearly they are biased against him,1
The bad precedence was set decades ago by the Republican Party They go low we go high failed and failed miserably No slippery slope exists here because weve long fallen all the way down the mountain,0
No hes not,0
Two cities in one state how does that even work,0
Yup It was nearly more than one politician and he even killed her dog,1
Which is exactly the point Newsom is asking for voters consent for doing it,0
Its GOP legislators The quote above literally says it The nine members of the California Republican House Delegation released a joint statement,0
For real The paraphrased Stalin quote that one death is a tragedy but many deaths are a statistic really rings true with these fucking morons They see Biden and Hunter and zero charges and think he MUST be hiding something Meanwhile Trump gets so many felony charges that he should be in court for a thousand years and they simply dont believe it,1
There is good and evil in all parties of the government Weed out the bad and maybe there is some chance that the government would have the best interest of the people in mind Get rid of lobbyists and hold people accountable,0
again predicated on texas doing it first,0
Voters in blue states are not very keen on cheating though Its going to be a hard sell,0
okay maybe im missing something i cant tell if you are for or against california having this ballot measure because you are using Carlsons rag i assume you are against it,0
Unfortunately Thats easier said than done Lobbiests arent going anywhere because the Supreme court ruled that Corporations are people in citizens United The Supreme court also ruled TWICE that political gerrymandering was unlitigateable and that people who were disenfranchized need to just Vote harder to be heard Theyve also ruled that the people who need to be held accountable are immune from prosecution if theyre Acting in an official role Any kind of reason and accountability in press is gone now so propaghanda and one sided media is king so nothings going to be done We have had our political feet kicked out from under us and going the high road has not successfully gotten us anywhere When one of the supreme court members died when Obama was in the last year of office the Congress refused to have hearings to seat a new member of his pick Reasoning Lame duck and something about a conservative needs to be replaced with a conservative But then the same thing happened in the exact same timing with RGB dying at the end of trumps presidency and they just rushed Barrett in there as a republican anyways regardless of what the same exact people had argued just four years before completely remaking the makeup of the supreme court You cant both have good or evil when one side is trying to status quo and the other side is trying to destroy the democratic system when people who have real values besides lets burn this shit down such as McCain get sidelined or chased out of their own party for speaking up against stuff like this Even goddamned Cheney and his daughter have said this shit is bad and Cheney used to be the democrats boogyman When even the boogeyman is scared of losing our democracy to this stuff weve gone too far Either way were fucked The bads not going away our laws and courts are now primed to accept everything you think we can weed out as perfectly legal The only way we can keep our shit the way we want it to be is to fight this stuff with fire If it means that a state has got to go all blue to make sure that ALL states with blue people have a right to be heard at the level that their representation says they should be represented then I guess thats what we gotta do now Either way Californias used to our shit burning down everyone else has to get used to it now too,1
Playing by a different set of rules is what is known as cheating Playing by the same rules the cheaters are playing by is just playing by the rules,0
Not at all The Rigged Election Response Act has got people interested and curious about what is going on And the more it gets in the news along with Newsoms trolling of Trump the more likely its going to pass If youve read the prop it puts a pause on the Independent commission until after and installs a map that gerrymanders out ALL GOP reps In response to Trumps ordering Texas to give him more congressional seats by gerrymandering out all the DEMS Im an independent CA voter and Im voting for it,0
In a normal year yes This November In California I highly doubt it,0
Yes but the next problem is explaining that to nice Democrat voters who always play fair and try to set a good example to others,0
Talk to all your neighbors about it,0
Man my sons adopted grandmother said I was I was in California to vote for that I want to see the Republicans reduced to shreds This is a sweet old lady with MSNBC playing all the time she wants blood,1
One day everyone will say they were against it,1
The dam is starting to break,0
One day when its safe when theres no personal downside to calling a thing what it is when its too late to hold anyone accountable everyone will have always been against this Omar El Akkad,0
As a Progressive welcome to the conversation It only took how many years,0
Only took a metric shit ton of dead civilians the ICC issuing a warrant for Bibis arrest last year Israeli officials openly being genocidal since the start and the Democratic voter base starting to turn on them on this issue for Democrats in power to start seeing the reality of the situation,1
About damn time,0
What the fuck does highest ranking mean,1
If Dems take the house in she would become house Majority leader Her voice matters believe it or not,0
rworldnews defends the genocide rabidly mods curate the political discussion aggressively Reddits own admins and staff facilitate this directly and overlook constant egregious violations of the Reddit code of conduct Its disgusting Im angry and bitter because Ive been pointing out how this fits the definition of a genocide to a T for a long while and got shouted down and shit on And only now is the needle barely beginning to shift,1
And in todays news Katherine Clark finally admitted an orange is an orange If only others would get the guts to admit this Of all countries to commit genocide Israel is quite the ironic one,0
Lifelong loyal Democrat here Weve know this for a very long time This isnt a good look its taken so long,0
A little bit of optimism that more people are starting to come around and a lot of purity testing going on in this thread Title is confusing as hell,1
The damn is finally breaking and some of yall want to patch it back up so you can feel like rebels,0
Jeffries is the highestranking Democrat in Congress Clark is second Shes the whip,1
Israel has been a terrorist state since their inception,0
And she supports the genocide because rhetoric about wanting a permanent ceasefire or a two state solution is entirely meaningless if youre still talking about supporting Israeli security and not explicitly supporting ceasing all aid an arms embargo sanctions not shielding Israel at the UN etc,0
There is no Gaza war Only gaza genocide,0
Took her long enough but good,0
NOW its genocide WTF,1
Doesnt matter when leadership in both the house and senate still call it a humanitarian disaster and blame it on Hamas,1
We cannot erase the truth only delay it The truth always comes out Always People thought Iraq Afghanistan and so many countless countries were a victory But what scares me is that by the time the truth comes out it will be too late like always million Iraqis then and now nearly Gazans not to mention million Palestinians currently refugees on their own land,0
Now youll say it This is why they dont win,1
Insane that only now you can recognize what any of us watching have recognized from the start We need it to happen but boy the embarrassment from silence up until now has to be holding back some of them,0
Gosh Kathy took you fucking long enough Was it the pictures of children dying of starvation or was it the political shift that made you wake the fuck up,1
Crazy it took this long It is and has been a genocide Better late than never I guess,0
Took long enough,0
All it took was Trump winning for them to suddenly turn on Netanyahu who was always very publicly a fan of Trump,0
No shit Sherlock,1
I dont think that it was as clear a choice as many people want to make it out to be Oct th was a significant miscalculation by Hamas and Americans fully supported Israel retaliation They also supported the candidate who was most pro Israel spouting finish them rhetoric I think an antiIsrael stance could potentially have lost more votes Being rabidly proIsrael worked for trump Other than Bernie not many Jewish politicians have come out strongly against Israel Its a shame really that this is where we are discussing whether a racist regime is committing genocide in the face of all of the obvious evidence,1
So whats she going to do about it when the Democrats regain power,0
Now that the mass starvation has reached the point where even if people were to receive food they will still be permanently damaged and disabled for the rest of their lives Democrats are making noises about how its a genocide Democrats made sure to wait until the damage was permanent and irreversible before they finally say that enough is enough I cant believe people are falling for this,0
Take care of your family please,0
I used to live in her district Ran unopposed twice in a row yet still received more than million in campaign funds including from the Democratic war chest despite living in one of the bluer districts in the bluest state in the country Meanwhile statewide and senate Democratic candidates got peanuts elsewhere She could easily lose a primary and she doesnt show her face much to constituents I live in Ayanna Presleys district now and despite her having a much bluer district and much higher approval rating she still does town halls and not just in Boston either still shows her face and has a much more involved staff,0
Who is this ancient fossil,0
Palestinian Holocaust,0
Chat what does this mean Doesnt matter vote,0
Focus on domestic issues,0
Curious how shell justify taking money from AIPAC and voting to send arms to Israels multiple times now,0
How many weeks after MTG said it,0
I mean shell lose a lot of the jewish vote now in the US because some unhinged people have successfully created the narrative that being antigenocide by Israel is somehow being antiSemitic You need to call out a genocide when you see it and Israel is currently committing a genocide against the Palestinians,0
Say it louder where you been,0
Its about damn time now stop funding it,1
I know republicans will deny and gaslight some democrats as well at the end of it and some of them will paint themselves as the good guys like always about their stance on the Israel genocide but it makes me happy that guys like graham are posting clips to their own social media account defending Israel so we have the proof to spread about how in deep these aipac supported fucks are It takes all of the work out of pointing out how much of a hypocrite and genocide supporter these people are and all it took was people ACTUALLY seeing the atrocities Israel is STILL COMMITTING Were complicit as well We watched basically what the germans did to the jews and gave them money and defense to do it while bombing places like Iran for having nuclear weapon capability,1
Honest question how do they determine highest ranking Whats the metric Longest serving State population Most money accepted from aipac Help a brother out,0
Great its a genocide now Did food get into Gaza yet,0
Well shes also wrong,0
That wasnt already obvious to you after the strikes on world food kitchen aid workers,0
Only two years after the whole world said it And now Oh it continues with unfettered support from both parties still Youre not fooling anyone Israel was a mistake from the start ONE STATE WITH EQUAL RIGHTS AND EQUAL PROTECTIONS NOW,1
Is Russia also then committing Genocide because they are Forcibly transferring children of the group to another group,0
Clark has become the highestranking House Democrat to use the term genocide to describe the ongoing crisis in Gaza She joins other lawmakers who have made the same remarks including US Reps Alexandria OcasioCortez DNY Marjorie Taylor Greene RGa and Rashida Tlaib DMich I think MTG is a complete dolt and shes a cancer on American politics but Im glad to see her on the right side of this issue,0
Sure is nice that the Democrats have so much time and energy to dedicate towards bickering with one another over a conflict happening on the other side of the world that doesntshouldnt involve us Playing their fiddles while the Republic burns down around them,1
It was always genocide Oct just turned up the speed,0
The fuck is this headline Its patently false The media has gone to shit with the rise of underfunded online journalism,1
Took her long enough,0
Close but she reports to Hakeem Jeffries I want to hear him say it,0
Shes not the highestranking Democrat in Congress,1
She is not the highest ranking Democrat is congress Not even close That would be Schumer and that Temu Obama guy Stop lying to people,1
OMG someone used a strong noun stop the press,0
Starving Palestinians to death is absolutely genocide,0
How is it genocide Isnt this a war to get Hamas to release the hostages rather than a desire to kill all Arabs,0
I went back and forth Initially the information was varied And then it wasnt And that was a long time ago,0
Now that the job is done lmao,0
Whew thought I was going to go a day without seeing genocide,0
Finally,0
Took you long enough eh,0
The comments are wild People have been wanting Democrats to do something or call it genocide and when someone finally does they get shit all over Take the win that someone is listening to people for once,0
Its not that they didnt know earlier its that its not politically safe yet for them to say it They let the progressives prepare the way for them Now its mainstreaming,0
Absolutely a genocide and this post right here really humanizes a lot more Ive always been against it but this really put it in perspective a lot more These people are just like us just trying to live their lives take care of their families and enjoy what they can out of life like the rest of us Its truly heartbreaking what these people are going through over there,0
Next up Katherine Clark recognizes the bombings of Dresden Hiroshima and Nagazaki as genocidal acts Oh wait,0
Welcome to the party pal,0
It is,0
Vote her out anyway,1
Maybe we should worry about our own country instead of a religious war halfway around the world that has been going on for centuries,0
Good Now we need rworldnews members to wake up,0
Do you condemn the resistance to the genocide NotANazi btw,0
exactly this,0
This very thing just happened with the Iraq War and Gwot The perpetrators and strongest proponents of those wars somehow became peaceniks,0
Before Some even after majority of democrats were against Gay Marriage now those same people tend to claim they were always for it,1
And Ill never forget the inhumanity people have displayed Especially here,1
Basically this lol took her long enough,0
Being Irish its very funny seeing so many catch up,0
Their willful blindness to the genocide should never be forgotten or forgiven regardless if the finally come around to the correct side when they no longer have a choice politically,0
That excuse wont work Collaborators will face justice too,0
Hamas and the orthodox isrealies both suck Everyone in the middle suffers Its the same everywhere,1
Not the first time and wont be the last time Its just humanity its us Its sad but thats just waht we are,1
I was literally going to opening the comment window to write this when I saw it,0
Everyone will say they were against getting back the hostages and preventing another mass rape torture and murder spree like October th,1
Among the Democratic voting base it broke ages ago Israel has had like a disapproval for ages in Democratic voter polls,0
Too little too late,0
I am always open to someone changing their mind to a more moral position,0
The curse of the progressive is being correct too early,0
months,0
Is it not possible that the situation on the ground actually materially changed and that has caused more people to call it a genocide I find it weird that the early pro Palestine people were calling it a genocide a week after Oct th but now that its much more apparent that its a genocide progressives are attacking other liberals for not seeing it sooner People have different standards of evidence for labeling a country as committing the worst crime imaginable but now that majority opinion is shifting progressives still feel the need to attack the people who are now agreeing with them,0
Welcome to being a progressive,0
For me it was when the Israeli troops stormed through the neo natal ward and then bombed it after they left That was almost years ago now,0
To few people know this Functionally the first act of the Israelis government was to start a genocide on Palestinians that has never stopped since,0
Yeah because Democrats are the ones making Israel do this right,0
Shes minority whip The article does a poor job with the highest ranking descriptor flip flopping back and forth between referring to her as highest ranking Democrat and highest ranking Democrat to call it a genocide,1
Shes nr Hakeem Jeffries is the highest ranking Democrat,0
Shes lying Im a level democrat,1
Nothing Hakeem Jeffries is highest ranking in the House Chuck Schumer in the Senate Its just grabbing for headlines,0
Obviously shes higher ranking than Chuck Schumer and Hakeem Jeffries Joe Schmo Katherine Clark is really pulling the strings s,1
That sub has the most aggressive opinion enforcement of any Ive ever seen,1
The party has been really off on the PR related to this My boomer ass parents who are both highly uneducated voters but lifelong democrats have been disgusted by whats happening in gaza since less than months after Israel started bombing Gaza The mainstream opinion on this has been against what Israel has been doing for over a year now My parents were pissed about the student protestors being harassed and expelled I think thats when it really stuck with them because they remember seeing this same shit happen for Vietnam And the protestors were right then and they were right now too,1
Not true This was a colossal failure of many years coming I credited Reagan in my comment on this He didnt waste time calling it correctly in Lebanon Not about purity on progressive end Of course its good these useless politicians are finally coming around but they have no excuse and no right to be unremembered for what they did up to now This was no ordinary failure,1
a lot of purity testing going on in this thread Some people want to see only progressives fight so they can push them as the only ones who are fighting and complain about centrists Dems not doing anything,0
Because its too little too late Its ridiculous that it took this long to change their opinions with no guarantee that it will translate into tangible improvement in the near future,1
Sorry We have been screaming about this for years Liberals who are finally realizing this should come to the topic with some humility instead of wanting a cookie for finally getting it,1
People cry about democrats being spineless but want them to just take constant screaming and attacks You cant have it both ways Criticizing is fine but its excessive with the amount of hate the party gets and it isnt leading to anything productive We saw that with Manchin WV now has a second GOP senator to be ignored The hate train hasnt really shown much benefit either Were not seeing massive progressive gains this way If anything with trump now at the helm the progressive wing has a messaging problem due to being seen as overly divisive and actively making everything worse,1
led by netanyahu,0
This They are the ultimate enablers,0
What do you call those firing rockets at Israel Those holding the hostages Peaceful protests s,0
Matt Wuerker Emergency,0
Tom Tomorrow Anxiety News Network,0
Mike Stanfill Would You Push That Button The PutinPuppet Peace Talks Fcking Redistricting,1
Ann Telnaes Lock him up Trump and his NFP hold a news conference,0
Ruben Bolling The Devil Went Down to Houndco,0
Jen Sorensen Nonsense encounters per hour rise dramatically,1
Brian McFadden Join the War on US Cities,0
Pedro X Molina If Trump were Souvenirs Lookism,0
Not a new one by any means but relevant given Trumps statement that Putin agrees with him that there should be no mailin voting Arend Van Dam Other Candidate,0
Matt Davies In the clouds Switching providers Expansion,0
Mr Fish P envy NSFW Its Only Fascism For Sale,1
Clay Bennett Dialog Crime Evidence,1
Drew Shenenman Notice Everythings bigger Haunted,0
Mike Luckovich Lost in Translation Redistricting US Evolution,0
KAL by Kevin Kallaugher RFK Jr Whats for dinner,0
Clay Jones What do you mean Trump federalizes Washington DC Yet another,0
Bill Bramhall Formerly My orders Your future revealed,0
Ben Jennings Nothing to see here,1
Adam Zyglis Gaza hunger crisis Break glass in case of Signs of summer,0
Michael de Adder Trump calls in National Guard to Washington DC Trump plays footsie with Vladimir Putin,0
John Darkow The National Guard in DC Making DC crime free Weaponization of the DOJ,0
Cop Out Call Up Put Lipstick On It,1
Martin Rowson HalfBaked Alaska,0
Dave Whamond Trump Putin Alaska Summit Build the Tariff Wall They paved Democracy and put up a patio,0
OsoAnimation Trump Noem and Vance Real Monsters,0
You mean GOP Lite is not a winning brand A Kentucky Cabbage Patch in King Kamehamehas Court Fighting a wildfire with a Zippo,0
Alaska Summit by Rod Emmerson in todays Herald on Sunday August Unfortunately it hasnt appeared online yet but when it does itll be on this NZ Herald page,0
Fiona Katauskas Is apocalyptic thinking getting you down This foursome has a solution The future state of Palestine and the current state of Gaza,0
This sums up how Ive felt every goddamn day that man has been in office,1
A lot of people in here cant just take the W Gotta find more to complain about,0
